[0m16:32:52.578281 [debug] [MainThread]: Sending event: {'category': 'dbt', 'action': 'invocation', 'label': 'start', 'context': [<snowplow_tracker.self_describing_json.SelfDescribingJson object at 0x1089dd010>, <snowplow_tracker.self_describing_json.SelfDescribingJson object at 0x10a0bbd90>, <snowplow_tracker.self_describing_json.SelfDescribingJson object at 0x10a0bbc50>]}


============================== 16:32:52.583371 | da2b1fb4-397d-48de-90e4-8b7607119529 ==============================
[0m16:32:52.583371 [info ] [MainThread]: Running with dbt=1.11.8
[0m16:32:52.583820 [debug] [MainThread]: running dbt with arguments {'partial_parse': 'True', 'printer_width': '80', 'profiles_dir': '.', 'static_parser': 'True', 'empty': 'None', 'no_print': 'None', 'write_json': 'True', 'log_cache_events': 'False', 'warn_error_options': 'WarnErrorOptionsV2(error=[], warn=[], silence=[])', 'debug': 'False', 'indirect_selection': 'eager', 'log_format': 'default', 'use_experimental_parser': 'False', 'warn_error': 'None', 'log_path': 'logs', 'quiet': 'False', 'version_check': 'True', 'introspect': 'True', 'use_colors': 'True', 'invocation_command': 'dbt debug --profiles-dir . --project-dir .', 'target_path': 'None', 'send_anonymous_usage_stats': 'True', 'cache_selected_only': 'False', 'fail_fast': 'False'}
[0m16:32:52.597019 [info ] [MainThread]: dbt version: 1.11.8
[0m16:32:52.597352 [info ] [MainThread]: python version: 3.13.9
[0m16:32:52.597549 [info ] [MainThread]: python path: /opt/anaconda3/bin/python
[0m16:32:52.597715 [info ] [MainThread]: os info: macOS-26.4.1-arm64-arm-64bit-Mach-O
[0m16:32:58.345777 [info ] [MainThread]: Using profiles dir at .
[0m16:32:58.346181 [info ] [MainThread]: Using profiles.yml file at ./profiles.yml
[0m16:32:58.346388 [info ] [MainThread]: Using dbt_project.yml file at ./dbt_project.yml
[0m16:32:58.347019 [info ] [MainThread]: adapter type: snowflake
[0m16:32:58.347297 [info ] [MainThread]: adapter version: 1.8.0
[0m16:32:58.448410 [info ] [MainThread]: Configuration:
[0m16:32:58.448993 [info ] [MainThread]:   profiles.yml file [[32mOK found and valid[0m]
[0m16:32:58.449306 [info ] [MainThread]:   dbt_project.yml file [[32mOK found and valid[0m]
[0m16:32:58.449530 [info ] [MainThread]: Required dependencies:
[0m16:32:58.449861 [debug] [MainThread]: Executing "git --help"
[0m16:32:58.475069 [debug] [MainThread]: STDOUT: "b"usage: git [-v | --version] [-h | --help] [-C <path>] [-c <name>=<value>]\n           [--exec-path[=<path>]] [--html-path] [--man-path] [--info-path]\n           [-p | --paginate | -P | --no-pager] [--no-replace-objects] [--no-lazy-fetch]\n           [--no-optional-locks] [--no-advice] [--bare] [--git-dir=<path>]\n           [--work-tree=<path>] [--namespace=<name>] [--config-env=<name>=<envvar>]\n           <command> [<args>]\n\nThese are common Git commands used in various situations:\n\nstart a working area (see also: git help tutorial)\n   clone      Clone a repository into a new directory\n   init       Create an empty Git repository or reinitialize an existing one\n\nwork on the current change (see also: git help everyday)\n   add        Add file contents to the index\n   mv         Move or rename a file, a directory, or a symlink\n   restore    Restore working tree files\n   rm         Remove files from the working tree and from the index\n\nexamine the history and state (see also: git help revisions)\n   bisect     Use binary search to find the commit that introduced a bug\n   diff       Show changes between commits, commit and working tree, etc\n   grep       Print lines matching a pattern\n   log        Show commit logs\n   show       Show various types of objects\n   status     Show the working tree status\n\ngrow, mark and tweak your common history\n   backfill   Download missing objects in a partial clone\n   branch     List, create, or delete branches\n   commit     Record changes to the repository\n   merge      Join two or more development histories together\n   rebase     Reapply commits on top of another base tip\n   reset      Reset current HEAD to the specified state\n   switch     Switch branches\n   tag        Create, list, delete or verify a tag object signed with GPG\n\ncollaborate (see also: git help workflows)\n   fetch      Download objects and refs from another repository\n   pull       Fetch from and integrate with another repository or a local branch\n   push       Update remote refs along with associated objects\n\n'git help -a' and 'git help -g' list available subcommands and some\nconcept guides. See 'git help <command>' or 'git help <concept>'\nto read about a specific subcommand or concept.\nSee 'git help git' for an overview of the system.\n""
[0m16:32:58.476057 [debug] [MainThread]: STDERR: "b''"
[0m16:32:58.476449 [info ] [MainThread]:  - git [[32mOK found[0m]

[0m16:32:58.476949 [info ] [MainThread]: Connection:
[0m16:32:58.477303 [info ] [MainThread]:   account: SFEDU02-EAB27764
[0m16:32:58.477522 [info ] [MainThread]:   user: FERRET
[0m16:32:58.477716 [info ] [MainThread]:   database: USER_DB_FERRET
[0m16:32:58.477894 [info ] [MainThread]:   warehouse: FERRET_QUERY_WH
[0m16:32:58.478069 [info ] [MainThread]:   role: TRAINING_ROLE
[0m16:32:58.478242 [info ] [MainThread]:   schema: DBT
[0m16:32:58.478419 [info ] [MainThread]:   authenticator: None
[0m16:32:58.478585 [info ] [MainThread]:   oauth_client_id: None
[0m16:32:58.478761 [info ] [MainThread]:   query_tag: None
[0m16:32:58.478925 [info ] [MainThread]:   client_session_keep_alive: False
[0m16:32:58.479101 [info ] [MainThread]:   host: None
[0m16:32:58.479262 [info ] [MainThread]:   port: None
[0m16:32:58.479426 [info ] [MainThread]:   proxy_host: None
[0m16:32:58.479590 [info ] [MainThread]:   proxy_port: None
[0m16:32:58.479755 [info ] [MainThread]:   protocol: None
[0m16:32:58.479920 [info ] [MainThread]:   connect_retries: 1
[0m16:32:58.480080 [info ] [MainThread]:   connect_timeout: None
[0m16:32:58.480244 [info ] [MainThread]:   retry_on_database_errors: False
[0m16:32:58.480414 [info ] [MainThread]:   retry_all: False
[0m16:32:58.480581 [info ] [MainThread]:   insecure_mode: False
[0m16:32:58.480746 [info ] [MainThread]:   reuse_connections: None
[0m16:32:58.481240 [info ] [MainThread]: Registered adapter: snowflake=1.8.0
[0m16:32:58.558355 [debug] [MainThread]: Acquiring new snowflake connection 'debug'
[0m16:32:58.559261 [debug] [MainThread]: Using snowflake connection "debug"
[0m16:32:58.559582 [debug] [MainThread]: On debug: select 1 as id
[0m16:32:58.560061 [debug] [MainThread]: Opening a new connection, currently in state init
[0m16:33:02.035846 [debug] [MainThread]: SQL status: SUCCESS 1 in 3.476 seconds
[0m16:33:02.038049 [debug] [MainThread]: On debug: Close
[0m16:33:02.276832 [info ] [MainThread]:   Connection test: [[32mOK connection ok[0m]

[0m16:33:02.277696 [info ] [MainThread]: [32mAll checks passed![0m
[0m16:33:02.305751 [debug] [MainThread]: Resource report: {"command_name": "debug", "command_success": true, "command_wall_clock_time": 9.787938, "process_in_blocks": "0", "process_kernel_time": 2.096585, "process_mem_max_rss": "266321920", "process_out_blocks": "0", "process_user_time": 3.645037}
[0m16:33:02.306688 [debug] [MainThread]: Command `dbt debug` succeeded at 16:33:02.306519 after 9.79 seconds
[0m16:33:02.307129 [debug] [MainThread]: Connection 'debug' was properly closed.
[0m16:33:02.307553 [debug] [MainThread]: Sending event: {'category': 'dbt', 'action': 'invocation', 'label': 'end', 'context': [<snowplow_tracker.self_describing_json.SelfDescribingJson object at 0x17ae87490>, <snowplow_tracker.self_describing_json.SelfDescribingJson object at 0x16cf40b90>, <snowplow_tracker.self_describing_json.SelfDescribingJson object at 0x17acfa9c0>]}
[0m16:33:02.308001 [debug] [MainThread]: Flushing usage events
[0m16:33:02.739031 [debug] [MainThread]: An error was encountered while trying to flush usage events
[0m16:37:24.172669 [debug] [MainThread]: Sending event: {'category': 'dbt', 'action': 'invocation', 'label': 'start', 'context': [<snowplow_tracker.self_describing_json.SelfDescribingJson object at 0x1073e5010>, <snowplow_tracker.self_describing_json.SelfDescribingJson object at 0x1083579d0>, <snowplow_tracker.self_describing_json.SelfDescribingJson object at 0x108357c50>]}


============================== 16:37:24.177347 | 15214e04-ac20-4952-863b-43fe01e7781e ==============================
[0m16:37:24.177347 [info ] [MainThread]: Running with dbt=1.11.8
[0m16:37:24.177836 [debug] [MainThread]: running dbt with arguments {'indirect_selection': 'eager', 'warn_error_options': 'WarnErrorOptionsV2(error=[], warn=[], silence=[])', 'send_anonymous_usage_stats': 'True', 'fail_fast': 'False', 'quiet': 'False', 'invocation_command': 'dbt run --profiles-dir . --project-dir .', 'warn_error': 'None', 'empty': 'False', 'use_experimental_parser': 'False', 'use_colors': 'True', 'log_cache_events': 'False', 'log_path': 'logs', 'static_parser': 'True', 'log_format': 'default', 'introspect': 'True', 'printer_width': '80', 'write_json': 'True', 'cache_selected_only': 'False', 'partial_parse': 'True', 'target_path': 'None', 'debug': 'False', 'version_check': 'True', 'no_print': 'None', 'profiles_dir': '.'}
[0m16:37:25.834193 [debug] [MainThread]: Sending event: {'category': 'dbt', 'action': 'project_id', 'label': '15214e04-ac20-4952-863b-43fe01e7781e', 'context': [<snowplow_tracker.self_describing_json.SelfDescribingJson object at 0x107675ba0>]}
[0m16:37:25.872813 [debug] [MainThread]: Sending event: {'category': 'dbt', 'action': 'adapter_info', 'label': '15214e04-ac20-4952-863b-43fe01e7781e', 'context': [<snowplow_tracker.self_describing_json.SelfDescribingJson object at 0x145bf9bf0>]}
[0m16:37:25.873717 [info ] [MainThread]: Registered adapter: snowflake=1.8.0
[0m16:37:25.960057 [debug] [MainThread]: checksum: 7d524ac048c2100769df89d592e662e060a73ca564e31bd9c2a37efdfe8d8ab6, vars: {}, profile: , target: , version: 1.11.8
[0m16:37:25.960794 [info ] [MainThread]: Unable to do partial parsing because saved manifest not found. Starting full parse.
[0m16:37:25.961080 [debug] [MainThread]: Sending event: {'category': 'dbt', 'action': 'partial_parser', 'label': '15214e04-ac20-4952-863b-43fe01e7781e', 'context': [<snowplow_tracker.self_describing_json.SelfDescribingJson object at 0x145bcd950>]}
[0m16:37:26.787252 [warn ] [MainThread]: [[33mWARNING[0m][MissingArgumentsPropertyInGenericTestDeprecation]: Deprecated
functionality
Found top-level arguments to test `accepted_values` defined on
'price_volatility' in package 'fuel_analytics' (models/schema.yml). Arguments to
generic tests should be nested under the `arguments` property.
[0m16:37:26.787695 [debug] [MainThread]: Sending event: {'category': 'dbt', 'action': 'deprecation', 'label': '15214e04-ac20-4952-863b-43fe01e7781e', 'property_': 'warn', 'context': [<snowplow_tracker.self_describing_json.SelfDescribingJson object at 0x14700a4e0>]}
[0m16:37:26.973428 [debug] [MainThread]: Sending event: {'category': 'dbt', 'action': 'load_project', 'label': '15214e04-ac20-4952-863b-43fe01e7781e', 'context': [<snowplow_tracker.self_describing_json.SelfDescribingJson object at 0x14713c2f0>]}
[0m16:37:27.045495 [debug] [MainThread]: Wrote artifact WritableManifest to ./target/manifest.json
[0m16:37:27.047821 [debug] [MainThread]: Wrote artifact SemanticManifest to ./target/semantic_manifest.json
[0m16:37:27.058155 [debug] [MainThread]: Sending event: {'category': 'dbt', 'action': 'resource_counts', 'label': '15214e04-ac20-4952-863b-43fe01e7781e', 'context': [<snowplow_tracker.self_describing_json.SelfDescribingJson object at 0x146adc940>]}
[0m16:37:27.058540 [info ] [MainThread]: Found 4 models, 1 snapshot, 31 data tests, 3 sources, 493 macros
[0m16:37:27.058777 [debug] [MainThread]: Sending event: {'category': 'dbt', 'action': 'runnable_timing', 'label': '15214e04-ac20-4952-863b-43fe01e7781e', 'context': [<snowplow_tracker.self_describing_json.SelfDescribingJson object at 0x1471d5550>]}
[0m16:37:27.060443 [info ] [MainThread]: 
[0m16:37:27.060706 [info ] [MainThread]: Concurrency: 1 threads (target='dev')
[0m16:37:27.060884 [info ] [MainThread]: 
[0m16:37:27.061248 [debug] [MainThread]: Acquiring new snowflake connection 'master'
[0m16:37:27.064333 [debug] [ThreadPool]: Acquiring new snowflake connection 'list_USER_DB_FERRET'
[0m16:37:27.072869 [debug] [ThreadPool]: Using snowflake connection "list_USER_DB_FERRET"
[0m16:37:27.073106 [debug] [ThreadPool]: On list_USER_DB_FERRET: /* {"app": "dbt", "dbt_version": "1.11.8", "profile_name": "fuel_analytics", "target_name": "dev", "connection_name": "list_USER_DB_FERRET"} */
show terse schemas in database USER_DB_FERRET
    limit 10000
[0m16:37:27.073295 [debug] [ThreadPool]: Opening a new connection, currently in state init
[0m16:37:30.690752 [debug] [ThreadPool]: SQL status: SUCCESS 9 in 3.617 seconds
[0m16:37:30.693928 [debug] [ThreadPool]: On list_USER_DB_FERRET: Close
[0m16:37:30.975101 [debug] [ThreadPool]: Re-using an available connection from the pool (formerly list_USER_DB_FERRET, now list_FUEL_ANALYTICS_DB_DBT)
[0m16:37:30.984824 [debug] [ThreadPool]: Using snowflake connection "list_FUEL_ANALYTICS_DB_DBT"
[0m16:37:30.985266 [debug] [ThreadPool]: On list_FUEL_ANALYTICS_DB_DBT: /* {"app": "dbt", "dbt_version": "1.11.8", "profile_name": "fuel_analytics", "target_name": "dev", "connection_name": "list_FUEL_ANALYTICS_DB_DBT"} */
show terse objects in FUEL_ANALYTICS_DB.DBT limit 10000
[0m16:37:30.985519 [debug] [ThreadPool]: Opening a new connection, currently in state closed
[0m16:37:34.427420 [debug] [ThreadPool]: SQL status: SUCCESS 0 in 3.442 seconds
[0m16:37:34.429712 [debug] [ThreadPool]: On list_FUEL_ANALYTICS_DB_DBT: Close
[0m16:37:34.667758 [debug] [ThreadPool]: Re-using an available connection from the pool (formerly list_FUEL_ANALYTICS_DB_DBT, now list_USER_DB_FERRET_DBT_DBT)
[0m16:37:34.670606 [debug] [ThreadPool]: Using snowflake connection "list_USER_DB_FERRET_DBT_DBT"
[0m16:37:34.671041 [debug] [ThreadPool]: On list_USER_DB_FERRET_DBT_DBT: /* {"app": "dbt", "dbt_version": "1.11.8", "profile_name": "fuel_analytics", "target_name": "dev", "connection_name": "list_USER_DB_FERRET_DBT_DBT"} */
show terse objects in USER_DB_FERRET.DBT_DBT limit 10000
[0m16:37:34.671345 [debug] [ThreadPool]: Opening a new connection, currently in state closed
[0m16:37:35.464062 [debug] [ThreadPool]: SQL status: SUCCESS 8 in 0.792 seconds
[0m16:37:35.468396 [debug] [ThreadPool]: On list_USER_DB_FERRET_DBT_DBT: Close
[0m16:37:35.637914 [debug] [MainThread]: Sending event: {'category': 'dbt', 'action': 'runnable_timing', 'label': '15214e04-ac20-4952-863b-43fe01e7781e', 'context': [<snowplow_tracker.self_describing_json.SelfDescribingJson object at 0x14735e150>]}
[0m16:37:35.642803 [debug] [Thread-2 (]: Began running node model.fuel_analytics.crude_correlation
[0m16:37:35.643554 [info ] [Thread-2 (]: 1 of 4 START sql table model DBT_DBT.crude_correlation ......................... [RUN]
[0m16:37:35.644020 [debug] [Thread-2 (]: Re-using an available connection from the pool (formerly list_USER_DB_FERRET_DBT_DBT, now model.fuel_analytics.crude_correlation)
[0m16:37:35.644350 [debug] [Thread-2 (]: Began compiling node model.fuel_analytics.crude_correlation
[0m16:37:35.652813 [debug] [Thread-2 (]: Writing injected SQL for node "model.fuel_analytics.crude_correlation"
[0m16:37:35.654103 [debug] [Thread-2 (]: Began executing node model.fuel_analytics.crude_correlation
[0m16:37:35.674186 [debug] [Thread-2 (]: Writing runtime sql for node "model.fuel_analytics.crude_correlation"
[0m16:37:35.675911 [debug] [Thread-2 (]: Using snowflake connection "model.fuel_analytics.crude_correlation"
[0m16:37:35.676246 [debug] [Thread-2 (]: On model.fuel_analytics.crude_correlation: /* {"app": "dbt", "dbt_version": "1.11.8", "profile_name": "fuel_analytics", "target_name": "dev", "node_id": "model.fuel_analytics.crude_correlation"} */
create or replace transient table USER_DB_FERRET.DBT_DBT.crude_correlation
         as
        (-- models/crude_correlation.sql
-- ================================================
-- PURPOSE:
--   Joins retail gasoline prices (EIA) with
--   crude oil futures prices (yfinance CL=F).
--   Shows how crude oil prices feed through to
--   the pump with a 2-week lag.
--
-- SOURCE TABLES:
--   USER_DB_FERRET.RAW.FUEL_PRICES           (EIA)
--   USER_DB_FERRET.RAW.ENERGY_MARKET_PRICES  (yfinance)
-- OUTPUT TABLE:
--   USER_DB_FERRET.DBT.CRUDE_CORRELATION
-- ================================================



WITH fuel AS (
    SELECT
        WEEK_DATE,
        REGULAR_GASOLINE_PRICE,
        DIESEL_PRICE
    FROM USER_DB_FERRET.RAW.fuel_prices
    WHERE REGION = 'US_NATIONAL'
      AND REGULAR_GASOLINE_PRICE IS NOT NULL
),

-- Pull only WTI Crude Oil (CL=F) from energy market table
crude AS (
    SELECT
        WEEK_DATE,
        CLOSE_PRICE                          AS CRUDE_CLOSE_USD_BBL,
        -- Convert $/barrel to $/gallon (1 barrel = 42 gallons)
        ROUND(CLOSE_PRICE / 42.0, 4)         AS CRUDE_USD_PER_GALLON
    FROM USER_DB_FERRET.RAW.energy_market_prices
    WHERE TICKER = 'CL=F'
      AND CLOSE_PRICE IS NOT NULL
),

-- Add a 2-week lag on crude price (typical refinery processing time)
crude_lagged AS (
    SELECT
        WEEK_DATE,
        CRUDE_CLOSE_USD_BBL,
        CRUDE_USD_PER_GALLON,
        LAG(CRUDE_CLOSE_USD_BBL,   2) OVER (ORDER BY WEEK_DATE) AS CRUDE_LAG2_BBL,
        LAG(CRUDE_USD_PER_GALLON,  2) OVER (ORDER BY WEEK_DATE) AS CRUDE_LAG2_GAL
    FROM crude
)

SELECT
    f.WEEK_DATE,
    f.REGULAR_GASOLINE_PRICE,
    f.DIESEL_PRICE,
    c.CRUDE_CLOSE_USD_BBL,
    c.CRUDE_USD_PER_GALLON,
    c.CRUDE_LAG2_BBL,
    c.CRUDE_LAG2_GAL,

    -- Pump-to-crude margin (retail price minus crude cost per gallon)
    ROUND(
        f.REGULAR_GASOLINE_PRICE
        - COALESCE(c.CRUDE_LAG2_GAL, c.CRUDE_USD_PER_GALLON),
        4
    ) AS PUMP_TO_CRUDE_MARGIN,

    -- Margin category
    CASE
        WHEN ROUND(f.REGULAR_GASOLINE_PRICE
             - COALESCE(c.CRUDE_LAG2_GAL, c.CRUDE_USD_PER_GALLON), 4) > 1.50
        THEN 'Wide Margin'
        WHEN ROUND(f.REGULAR_GASOLINE_PRICE
             - COALESCE(c.CRUDE_LAG2_GAL, c.CRUDE_USD_PER_GALLON), 4) > 0.80
        THEN 'Normal Margin'
        ELSE 'Tight Margin'
    END AS MARGIN_CATEGORY

FROM fuel f
LEFT JOIN crude_lagged c ON f.WEEK_DATE = c.WEEK_DATE
ORDER BY f.WEEK_DATE
        );
[0m16:37:35.676561 [debug] [Thread-2 (]: Opening a new connection, currently in state closed
[0m16:37:38.316924 [debug] [Thread-2 (]: SQL status: SUCCESS 1 in 2.640 seconds
[0m16:37:38.342167 [debug] [Thread-2 (]: On model.fuel_analytics.crude_correlation: Close
[0m16:37:38.520372 [debug] [Thread-2 (]: Sending event: {'category': 'dbt', 'action': 'run_model', 'label': '15214e04-ac20-4952-863b-43fe01e7781e', 'context': [<snowplow_tracker.self_describing_json.SelfDescribingJson object at 0x107607930>]}
[0m16:37:38.521113 [info ] [Thread-2 (]: 1 of 4 OK created sql table model DBT_DBT.crude_correlation .................... [[32mSUCCESS 1[0m in 2.87s]
[0m16:37:38.521552 [debug] [Thread-2 (]: Finished running node model.fuel_analytics.crude_correlation
[0m16:37:38.521851 [debug] [Thread-2 (]: Began running node model.fuel_analytics.price_moving_avg
[0m16:37:38.522358 [info ] [Thread-2 (]: 2 of 4 START sql table model DBT_DBT.price_moving_avg .......................... [RUN]
[0m16:37:38.522746 [debug] [Thread-2 (]: Re-using an available connection from the pool (formerly model.fuel_analytics.crude_correlation, now model.fuel_analytics.price_moving_avg)
[0m16:37:38.522999 [debug] [Thread-2 (]: Began compiling node model.fuel_analytics.price_moving_avg
[0m16:37:38.525472 [debug] [Thread-2 (]: Writing injected SQL for node "model.fuel_analytics.price_moving_avg"
[0m16:37:38.526112 [debug] [Thread-2 (]: Began executing node model.fuel_analytics.price_moving_avg
[0m16:37:38.528495 [debug] [Thread-2 (]: Writing runtime sql for node "model.fuel_analytics.price_moving_avg"
[0m16:37:38.530139 [debug] [Thread-2 (]: Using snowflake connection "model.fuel_analytics.price_moving_avg"
[0m16:37:38.530463 [debug] [Thread-2 (]: On model.fuel_analytics.price_moving_avg: /* {"app": "dbt", "dbt_version": "1.11.8", "profile_name": "fuel_analytics", "target_name": "dev", "node_id": "model.fuel_analytics.price_moving_avg"} */
create or replace transient table USER_DB_FERRET.DBT_DBT.price_moving_avg
         as
        (-- models/price_moving_avg.sql
-- ================================================
-- PURPOSE:
--   Computes 4-week, 12-week, and 52-week rolling
--   average prices for regular gasoline and diesel.
--   Also calculates premium and diesel spreads.
--
-- SOURCE TABLE: USER_DB_FERRET.RAW.FUEL_PRICES
-- OUTPUT TABLE: USER_DB_FERRET.DBT.PRICE_MOVING_AVG
-- ================================================



WITH base AS (
    SELECT
        WEEK_DATE,
        REGION,
        REGULAR_GASOLINE_PRICE,
        MIDGRADE_GASOLINE_PRICE,
        PREMIUM_GASOLINE_PRICE,
        DIESEL_PRICE
    FROM USER_DB_FERRET.RAW.fuel_prices
    WHERE REGULAR_GASOLINE_PRICE IS NOT NULL
      AND REGION = 'US_NATIONAL'
)

SELECT
    WEEK_DATE,
    REGION,
    REGULAR_GASOLINE_PRICE,
    MIDGRADE_GASOLINE_PRICE,
    PREMIUM_GASOLINE_PRICE,
    DIESEL_PRICE,

    -- 4-week rolling averages (~1 month)
    ROUND(AVG(REGULAR_GASOLINE_PRICE) OVER (
        PARTITION BY REGION ORDER BY WEEK_DATE
        ROWS BETWEEN 3 PRECEDING AND CURRENT ROW
    ), 4) AS REGULAR_4WK_AVG,

    ROUND(AVG(DIESEL_PRICE) OVER (
        PARTITION BY REGION ORDER BY WEEK_DATE
        ROWS BETWEEN 3 PRECEDING AND CURRENT ROW
    ), 4) AS DIESEL_4WK_AVG,

    -- 12-week rolling averages (~3 months)
    ROUND(AVG(REGULAR_GASOLINE_PRICE) OVER (
        PARTITION BY REGION ORDER BY WEEK_DATE
        ROWS BETWEEN 11 PRECEDING AND CURRENT ROW
    ), 4) AS REGULAR_12WK_AVG,

    ROUND(AVG(DIESEL_PRICE) OVER (
        PARTITION BY REGION ORDER BY WEEK_DATE
        ROWS BETWEEN 11 PRECEDING AND CURRENT ROW
    ), 4) AS DIESEL_12WK_AVG,

    -- 52-week rolling averages (~1 year)
    ROUND(AVG(REGULAR_GASOLINE_PRICE) OVER (
        PARTITION BY REGION ORDER BY WEEK_DATE
        ROWS BETWEEN 51 PRECEDING AND CURRENT ROW
    ), 4) AS REGULAR_52WK_AVG,

    ROUND(AVG(DIESEL_PRICE) OVER (
        PARTITION BY REGION ORDER BY WEEK_DATE
        ROWS BETWEEN 51 PRECEDING AND CURRENT ROW
    ), 4) AS DIESEL_52WK_AVG,

    -- Price spreads
    ROUND(PREMIUM_GASOLINE_PRICE - REGULAR_GASOLINE_PRICE, 4) AS PREMIUM_SPREAD,
    ROUND(DIESEL_PRICE           - REGULAR_GASOLINE_PRICE, 4) AS DIESEL_SPREAD

FROM base
ORDER BY WEEK_DATE
        );
[0m16:37:38.531014 [debug] [Thread-2 (]: Opening a new connection, currently in state closed
[0m16:37:40.573038 [debug] [Thread-2 (]: SQL status: SUCCESS 1 in 2.042 seconds
[0m16:37:40.576562 [debug] [Thread-2 (]: On model.fuel_analytics.price_moving_avg: Close
[0m16:37:40.738967 [debug] [Thread-2 (]: Sending event: {'category': 'dbt', 'action': 'run_model', 'label': '15214e04-ac20-4952-863b-43fe01e7781e', 'context': [<snowplow_tracker.self_describing_json.SelfDescribingJson object at 0x147eaccd0>]}
[0m16:37:40.740190 [info ] [Thread-2 (]: 2 of 4 OK created sql table model DBT_DBT.price_moving_avg ..................... [[32mSUCCESS 1[0m in 2.22s]
[0m16:37:40.740839 [debug] [Thread-2 (]: Finished running node model.fuel_analytics.price_moving_avg
[0m16:37:40.741267 [debug] [Thread-2 (]: Began running node model.fuel_analytics.price_volatility
[0m16:37:40.741802 [info ] [Thread-2 (]: 3 of 4 START sql table model DBT_DBT.price_volatility .......................... [RUN]
[0m16:37:40.742299 [debug] [Thread-2 (]: Re-using an available connection from the pool (formerly model.fuel_analytics.price_moving_avg, now model.fuel_analytics.price_volatility)
[0m16:37:40.742648 [debug] [Thread-2 (]: Began compiling node model.fuel_analytics.price_volatility
[0m16:37:40.746926 [debug] [Thread-2 (]: Writing injected SQL for node "model.fuel_analytics.price_volatility"
[0m16:37:40.747922 [debug] [Thread-2 (]: Began executing node model.fuel_analytics.price_volatility
[0m16:37:40.750500 [debug] [Thread-2 (]: Writing runtime sql for node "model.fuel_analytics.price_volatility"
[0m16:37:40.752803 [debug] [Thread-2 (]: Using snowflake connection "model.fuel_analytics.price_volatility"
[0m16:37:40.753319 [debug] [Thread-2 (]: On model.fuel_analytics.price_volatility: /* {"app": "dbt", "dbt_version": "1.11.8", "profile_name": "fuel_analytics", "target_name": "dev", "node_id": "model.fuel_analytics.price_volatility"} */
create or replace transient table USER_DB_FERRET.DBT_DBT.price_volatility
         as
        (-- models/price_volatility.sql
-- ================================================
-- PURPOSE:
--   Week-over-week price changes, % changes,
--   rolling standard deviation, price direction
--   and volatility labels.
--
-- SOURCE TABLE: USER_DB_FERRET.RAW.FUEL_PRICES
-- OUTPUT TABLE: USER_DB_FERRET.DBT.PRICE_VOLATILITY
-- ================================================



WITH base AS (
    SELECT
        WEEK_DATE,
        REGION,
        REGULAR_GASOLINE_PRICE,
        DIESEL_PRICE,
        LAG(REGULAR_GASOLINE_PRICE) OVER (
            PARTITION BY REGION ORDER BY WEEK_DATE
        ) AS PREV_WEEK_REGULAR,
        LAG(DIESEL_PRICE) OVER (
            PARTITION BY REGION ORDER BY WEEK_DATE
        ) AS PREV_WEEK_DIESEL
    FROM USER_DB_FERRET.RAW.fuel_prices
    WHERE REGULAR_GASOLINE_PRICE IS NOT NULL
      AND REGION = 'US_NATIONAL'
),

with_changes AS (
    SELECT
        WEEK_DATE,
        REGION,
        REGULAR_GASOLINE_PRICE,
        DIESEL_PRICE,

        -- Dollar change week over week
        ROUND(REGULAR_GASOLINE_PRICE - PREV_WEEK_REGULAR, 4) AS REGULAR_WOW_CHANGE,
        ROUND(DIESEL_PRICE           - PREV_WEEK_DIESEL,  4) AS DIESEL_WOW_CHANGE,

        -- Percentage change week over week
        CASE
            WHEN PREV_WEEK_REGULAR > 0
            THEN ROUND(
                ((REGULAR_GASOLINE_PRICE - PREV_WEEK_REGULAR) / PREV_WEEK_REGULAR) * 100,
                4)
            ELSE NULL
        END AS REGULAR_WOW_PCT_CHANGE,

        -- All-time historical average for this region
        AVG(REGULAR_GASOLINE_PRICE) OVER (
            PARTITION BY REGION
        ) AS HIST_AVG_REGULAR,

        -- 12-week rolling standard deviation (volatility measure)
        STDDEV(REGULAR_GASOLINE_PRICE) OVER (
            PARTITION BY REGION ORDER BY WEEK_DATE
            ROWS BETWEEN 11 PRECEDING AND CURRENT ROW
        ) AS ROLLING_12WK_STDDEV

    FROM base
)

SELECT
    WEEK_DATE,
    REGION,
    REGULAR_GASOLINE_PRICE,
    DIESEL_PRICE,
    REGULAR_WOW_CHANGE,
    DIESEL_WOW_CHANGE,
    REGULAR_WOW_PCT_CHANGE,
    ROUND(HIST_AVG_REGULAR, 4) AS HIST_AVG_REGULAR,

    -- How far above/below the historical average
    ROUND(REGULAR_GASOLINE_PRICE - HIST_AVG_REGULAR, 4) AS PRICE_ANOMALY,

    ROUND(ROLLING_12WK_STDDEV, 4) AS ROLLING_12WK_STDDEV,

    -- Price direction label
    CASE
        WHEN REGULAR_WOW_CHANGE >  0.05 THEN 'Rising'
        WHEN REGULAR_WOW_CHANGE < -0.05 THEN 'Falling'
        ELSE 'Stable'
    END AS PRICE_DIRECTION,

    -- Volatility label
    CASE
        WHEN ROLLING_12WK_STDDEV > 0.30 THEN 'High Volatility'
        WHEN ROLLING_12WK_STDDEV > 0.15 THEN 'Moderate Volatility'
        ELSE 'Low Volatility'
    END AS VOLATILITY_LABEL

FROM with_changes
ORDER BY WEEK_DATE
        );
[0m16:37:40.753812 [debug] [Thread-2 (]: Opening a new connection, currently in state closed
[0m16:37:43.129179 [debug] [Thread-2 (]: SQL status: SUCCESS 1 in 2.375 seconds
[0m16:37:43.132655 [debug] [Thread-2 (]: On model.fuel_analytics.price_volatility: Close
[0m16:37:43.332746 [debug] [Thread-2 (]: Sending event: {'category': 'dbt', 'action': 'run_model', 'label': '15214e04-ac20-4952-863b-43fe01e7781e', 'context': [<snowplow_tracker.self_describing_json.SelfDescribingJson object at 0x1472f51d0>]}
[0m16:37:43.334065 [info ] [Thread-2 (]: 3 of 4 OK created sql table model DBT_DBT.price_volatility ..................... [[32mSUCCESS 1[0m in 2.59s]
[0m16:37:43.334846 [debug] [Thread-2 (]: Finished running node model.fuel_analytics.price_volatility
[0m16:37:43.335288 [debug] [Thread-2 (]: Began running node model.fuel_analytics.regional_comparison
[0m16:37:43.335823 [info ] [Thread-2 (]: 4 of 4 START sql table model DBT_DBT.regional_comparison ....................... [RUN]
[0m16:37:43.336318 [debug] [Thread-2 (]: Re-using an available connection from the pool (formerly model.fuel_analytics.price_volatility, now model.fuel_analytics.regional_comparison)
[0m16:37:43.336705 [debug] [Thread-2 (]: Began compiling node model.fuel_analytics.regional_comparison
[0m16:37:43.341148 [debug] [Thread-2 (]: Writing injected SQL for node "model.fuel_analytics.regional_comparison"
[0m16:37:43.342309 [debug] [Thread-2 (]: Began executing node model.fuel_analytics.regional_comparison
[0m16:37:43.344737 [debug] [Thread-2 (]: Writing runtime sql for node "model.fuel_analytics.regional_comparison"
[0m16:37:43.348183 [debug] [Thread-2 (]: Using snowflake connection "model.fuel_analytics.regional_comparison"
[0m16:37:43.348811 [debug] [Thread-2 (]: On model.fuel_analytics.regional_comparison: /* {"app": "dbt", "dbt_version": "1.11.8", "profile_name": "fuel_analytics", "target_name": "dev", "node_id": "model.fuel_analytics.regional_comparison"} */
create or replace transient table USER_DB_FERRET.DBT_DBT.regional_comparison
         as
        (-- models/regional_comparison.sql
-- ================================================
-- PURPOSE:
--   Compares each PADD region's gasoline price
--   against the U.S. national average.
--   Shows which regions are cheapest/most expensive.
--
-- SOURCE TABLES:
--   USER_DB_FERRET.RAW.FUEL_PRICES           (national)
--   FUSER_DB_FERRET.RAW.REGIONAL_FUEL_PRICES  (regional)
-- OUTPUT TABLE:
--   USER_DB_FERRET.DBT.REGIONAL_COMPARISON
-- ================================================



WITH regional AS (
    SELECT
        WEEK_DATE,
        REGION,
        PRICE AS REGIONAL_PRICE
    FROM USER_DB_FERRET.RAW.regional_fuel_prices
    WHERE FUEL_TYPE = 'REGULAR_GASOLINE'
      AND PRICE IS NOT NULL
),

national AS (
    SELECT
        WEEK_DATE,
        REGULAR_GASOLINE_PRICE AS NATIONAL_PRICE
    FROM USER_DB_FERRET.RAW.fuel_prices
    WHERE REGION = 'US_NATIONAL'
      AND REGULAR_GASOLINE_PRICE IS NOT NULL
),

joined AS (
    SELECT
        r.WEEK_DATE,
        r.REGION,
        r.REGIONAL_PRICE,
        n.NATIONAL_PRICE,
        ROUND(r.REGIONAL_PRICE - n.NATIONAL_PRICE, 4) AS PRICE_SPREAD,
        CASE
            WHEN n.NATIONAL_PRICE > 0
            THEN ROUND(
                ((r.REGIONAL_PRICE - n.NATIONAL_PRICE) / n.NATIONAL_PRICE) * 100,
                2)
            ELSE NULL
        END AS PRICE_SPREAD_PCT
    FROM regional r
    LEFT JOIN national n ON r.WEEK_DATE = n.WEEK_DATE
)

SELECT
    WEEK_DATE,
    REGION,
    REGIONAL_PRICE,
    NATIONAL_PRICE,
    PRICE_SPREAD,
    PRICE_SPREAD_PCT,

    -- 4-week rolling average regional price
    ROUND(AVG(REGIONAL_PRICE) OVER (
        PARTITION BY REGION ORDER BY WEEK_DATE
        ROWS BETWEEN 3 PRECEDING AND CURRENT ROW
    ), 4) AS REGIONAL_4WK_AVG,

    -- Running maximum spread seen so far for this region
    ROUND(MAX(PRICE_SPREAD) OVER (
        PARTITION BY REGION ORDER BY WEEK_DATE
        ROWS BETWEEN UNBOUNDED PRECEDING AND CURRENT ROW
    ), 4) AS MAX_SPREAD_SEEN,

    -- Price category label
    CASE
        WHEN PRICE_SPREAD >  0.30 THEN 'Significantly Above Average'
        WHEN PRICE_SPREAD >  0.10 THEN 'Above Average'
        WHEN PRICE_SPREAD > -0.10 THEN 'Near National Average'
        WHEN PRICE_SPREAD > -0.30 THEN 'Below Average'
        ELSE 'Significantly Below Average'
    END AS PRICE_CATEGORY

FROM joined
ORDER BY WEEK_DATE, REGION
        );
[0m16:37:43.349310 [debug] [Thread-2 (]: Opening a new connection, currently in state closed
[0m16:37:45.282939 [debug] [Thread-2 (]: SQL status: SUCCESS 1 in 1.933 seconds
[0m16:37:45.287663 [debug] [Thread-2 (]: On model.fuel_analytics.regional_comparison: Close
[0m16:37:45.560675 [debug] [Thread-2 (]: Sending event: {'category': 'dbt', 'action': 'run_model', 'label': '15214e04-ac20-4952-863b-43fe01e7781e', 'context': [<snowplow_tracker.self_describing_json.SelfDescribingJson object at 0x14710e870>]}
[0m16:37:45.561507 [info ] [Thread-2 (]: 4 of 4 OK created sql table model DBT_DBT.regional_comparison .................. [[32mSUCCESS 1[0m in 2.22s]
[0m16:37:45.562194 [debug] [Thread-2 (]: Finished running node model.fuel_analytics.regional_comparison
[0m16:37:45.563625 [debug] [MainThread]: Connection 'master' was properly closed.
[0m16:37:45.563918 [debug] [MainThread]: Connection 'model.fuel_analytics.regional_comparison' was properly closed.
[0m16:37:45.564242 [info ] [MainThread]: 
[0m16:37:45.564473 [info ] [MainThread]: Finished running 4 table models in 0 hours 0 minutes and 18.50 seconds (18.50s).
[0m16:37:45.565314 [debug] [MainThread]: Command end result
[0m16:37:45.587863 [debug] [MainThread]: Wrote artifact WritableManifest to ./target/manifest.json
[0m16:37:45.589767 [debug] [MainThread]: Wrote artifact SemanticManifest to ./target/semantic_manifest.json
[0m16:37:45.593823 [debug] [MainThread]: Wrote artifact RunExecutionResult to ./target/run_results.json
[0m16:37:45.594038 [info ] [MainThread]: 
[0m16:37:45.594271 [info ] [MainThread]: [32mCompleted successfully[0m
[0m16:37:45.594450 [info ] [MainThread]: 
[0m16:37:45.594642 [info ] [MainThread]: Done. PASS=4 WARN=0 ERROR=0 SKIP=0 NO-OP=0 TOTAL=4
[0m16:37:45.594970 [warn ] [MainThread]: [[33mWARNING[0m][DeprecationsSummary]: Deprecated functionality
Summary of encountered deprecations:
- MissingArgumentsPropertyInGenericTestDeprecation: 9 occurrences
To see all deprecation instances instead of just the first occurrence of each,
run command again with the `--show-all-deprecations` flag. You may also need to
run with `--no-partial-parse` as some deprecations are only encountered during
parsing.
[0m16:37:45.601204 [debug] [MainThread]: Resource report: {"command_name": "run", "command_success": true, "command_wall_clock_time": 21.487106, "process_in_blocks": "0", "process_kernel_time": 2.150099, "process_mem_max_rss": "274300928", "process_out_blocks": "0", "process_user_time": 5.315083}
[0m16:37:45.601535 [debug] [MainThread]: Command `dbt run` succeeded at 16:37:45.601476 after 21.49 seconds
[0m16:37:45.601777 [debug] [MainThread]: Sending event: {'category': 'dbt', 'action': 'invocation', 'label': 'end', 'context': [<snowplow_tracker.self_describing_json.SelfDescribingJson object at 0x147f959d0>, <snowplow_tracker.self_describing_json.SelfDescribingJson object at 0x147f95cd0>, <snowplow_tracker.self_describing_json.SelfDescribingJson object at 0x147f95910>]}
[0m16:37:45.602011 [debug] [MainThread]: Flushing usage events
[0m16:37:46.132048 [debug] [MainThread]: An error was encountered while trying to flush usage events
[0m16:37:52.418177 [debug] [MainThread]: Sending event: {'category': 'dbt', 'action': 'invocation', 'label': 'start', 'context': [<snowplow_tracker.self_describing_json.SelfDescribingJson object at 0x11d5dd010>, <snowplow_tracker.self_describing_json.SelfDescribingJson object at 0x11ecb79d0>, <snowplow_tracker.self_describing_json.SelfDescribingJson object at 0x11ecb7c50>]}


============================== 16:37:52.421907 | e20fa7c5-0d54-43ad-90a3-641ab2af1a9a ==============================
[0m16:37:52.421907 [info ] [MainThread]: Running with dbt=1.11.8
[0m16:37:52.422345 [debug] [MainThread]: running dbt with arguments {'empty': 'None', 'log_format': 'default', 'send_anonymous_usage_stats': 'True', 'write_json': 'True', 'no_print': 'None', 'quiet': 'False', 'partial_parse': 'True', 'debug': 'False', 'fail_fast': 'False', 'warn_error_options': 'WarnErrorOptionsV2(error=[], warn=[], silence=[])', 'indirect_selection': 'eager', 'static_parser': 'True', 'log_path': 'logs', 'warn_error': 'None', 'target_path': 'None', 'profiles_dir': '.', 'invocation_command': 'dbt test --profiles-dir . --project-dir .', 'cache_selected_only': 'False', 'use_colors': 'True', 'introspect': 'True', 'use_experimental_parser': 'False', 'log_cache_events': 'False', 'printer_width': '80', 'version_check': 'True'}
[0m16:37:53.519976 [debug] [MainThread]: Sending event: {'category': 'dbt', 'action': 'project_id', 'label': 'e20fa7c5-0d54-43ad-90a3-641ab2af1a9a', 'context': [<snowplow_tracker.self_describing_json.SelfDescribingJson object at 0x11dbddba0>]}
[0m16:37:53.559240 [debug] [MainThread]: Sending event: {'category': 'dbt', 'action': 'adapter_info', 'label': 'e20fa7c5-0d54-43ad-90a3-641ab2af1a9a', 'context': [<snowplow_tracker.self_describing_json.SelfDescribingJson object at 0x1628f9bf0>]}
[0m16:37:53.560921 [info ] [MainThread]: Registered adapter: snowflake=1.8.0
[0m16:37:53.643526 [debug] [MainThread]: checksum: 7d524ac048c2100769df89d592e662e060a73ca564e31bd9c2a37efdfe8d8ab6, vars: {}, profile: , target: , version: 1.11.8
[0m16:37:53.752744 [debug] [MainThread]: Partial parsing enabled: 0 files deleted, 0 files added, 0 files changed.
[0m16:37:53.753115 [debug] [MainThread]: Nothing changed, skipping partial parsing.
[0m16:37:53.753315 [debug] [MainThread]: Partial parsing enabled, no changes found, skipping parsing
[0m16:37:53.792526 [debug] [MainThread]: Sending event: {'category': 'dbt', 'action': 'load_project', 'label': 'e20fa7c5-0d54-43ad-90a3-641ab2af1a9a', 'context': [<snowplow_tracker.self_describing_json.SelfDescribingJson object at 0x1628cdb50>]}
[0m16:37:53.867137 [debug] [MainThread]: Wrote artifact WritableManifest to ./target/manifest.json
[0m16:37:53.868809 [debug] [MainThread]: Wrote artifact SemanticManifest to ./target/semantic_manifest.json
[0m16:37:53.885455 [debug] [MainThread]: Sending event: {'category': 'dbt', 'action': 'resource_counts', 'label': 'e20fa7c5-0d54-43ad-90a3-641ab2af1a9a', 'context': [<snowplow_tracker.self_describing_json.SelfDescribingJson object at 0x1631456d0>]}
[0m16:37:53.885800 [info ] [MainThread]: Found 4 models, 1 snapshot, 31 data tests, 3 sources, 493 macros
[0m16:37:53.886032 [debug] [MainThread]: Sending event: {'category': 'dbt', 'action': 'runnable_timing', 'label': 'e20fa7c5-0d54-43ad-90a3-641ab2af1a9a', 'context': [<snowplow_tracker.self_describing_json.SelfDescribingJson object at 0x16317a270>]}
[0m16:37:53.887989 [info ] [MainThread]: 
[0m16:37:53.888217 [info ] [MainThread]: Concurrency: 1 threads (target='dev')
[0m16:37:53.888385 [info ] [MainThread]: 
[0m16:37:53.888707 [debug] [MainThread]: Acquiring new snowflake connection 'master'
[0m16:37:53.891748 [debug] [ThreadPool]: Acquiring new snowflake connection 'list_FUEL_ANALYTICS_DB_DBT'
[0m16:37:53.904344 [debug] [ThreadPool]: Using snowflake connection "list_FUEL_ANALYTICS_DB_DBT"
[0m16:37:53.904660 [debug] [ThreadPool]: On list_FUEL_ANALYTICS_DB_DBT: /* {"app": "dbt", "dbt_version": "1.11.8", "profile_name": "fuel_analytics", "target_name": "dev", "connection_name": "list_FUEL_ANALYTICS_DB_DBT"} */
show terse objects in FUEL_ANALYTICS_DB.DBT limit 10000
[0m16:37:53.904844 [debug] [ThreadPool]: Opening a new connection, currently in state init
[0m16:37:57.253300 [debug] [ThreadPool]: SQL status: SUCCESS 0 in 3.348 seconds
[0m16:37:57.255823 [debug] [ThreadPool]: On list_FUEL_ANALYTICS_DB_DBT: Close
[0m16:37:57.422502 [debug] [ThreadPool]: Re-using an available connection from the pool (formerly list_FUEL_ANALYTICS_DB_DBT, now list_USER_DB_FERRET_DBT_DBT)
[0m16:37:57.424512 [debug] [ThreadPool]: Using snowflake connection "list_USER_DB_FERRET_DBT_DBT"
[0m16:37:57.424811 [debug] [ThreadPool]: On list_USER_DB_FERRET_DBT_DBT: /* {"app": "dbt", "dbt_version": "1.11.8", "profile_name": "fuel_analytics", "target_name": "dev", "connection_name": "list_USER_DB_FERRET_DBT_DBT"} */
show terse objects in USER_DB_FERRET.DBT_DBT limit 10000
[0m16:37:57.425052 [debug] [ThreadPool]: Opening a new connection, currently in state closed
[0m16:38:00.214692 [debug] [ThreadPool]: SQL status: SUCCESS 8 in 2.789 seconds
[0m16:38:00.218919 [debug] [ThreadPool]: On list_USER_DB_FERRET_DBT_DBT: Close
[0m16:38:00.383419 [debug] [MainThread]: Sending event: {'category': 'dbt', 'action': 'runnable_timing', 'label': 'e20fa7c5-0d54-43ad-90a3-641ab2af1a9a', 'context': [<snowplow_tracker.self_describing_json.SelfDescribingJson object at 0x162e8c600>]}
[0m16:38:00.387008 [debug] [Thread-2 (]: Began running node test.fuel_analytics.accepted_values_crude_correlation_MARGIN_CATEGORY__Wide_Margin__Normal_Margin__Tight_Margin.d5d2a31d93
[0m16:38:00.387521 [info ] [Thread-2 (]: 1 of 31 START test accepted_values_crude_correlation_MARGIN_CATEGORY__Wide_Margin__Normal_Margin__Tight_Margin  [RUN]
[0m16:38:00.388090 [debug] [Thread-2 (]: Re-using an available connection from the pool (formerly list_USER_DB_FERRET_DBT_DBT, now test.fuel_analytics.accepted_values_crude_correlation_MARGIN_CATEGORY__Wide_Margin__Normal_Margin__Tight_Margin.d5d2a31d93)
[0m16:38:00.388490 [debug] [Thread-2 (]: Began compiling node test.fuel_analytics.accepted_values_crude_correlation_MARGIN_CATEGORY__Wide_Margin__Normal_Margin__Tight_Margin.d5d2a31d93
[0m16:38:00.405104 [debug] [Thread-2 (]: Writing injected SQL for node "test.fuel_analytics.accepted_values_crude_correlation_MARGIN_CATEGORY__Wide_Margin__Normal_Margin__Tight_Margin.d5d2a31d93"
[0m16:38:00.406109 [debug] [Thread-2 (]: Began executing node test.fuel_analytics.accepted_values_crude_correlation_MARGIN_CATEGORY__Wide_Margin__Normal_Margin__Tight_Margin.d5d2a31d93
[0m16:38:00.422599 [debug] [Thread-2 (]: Writing runtime sql for node "test.fuel_analytics.accepted_values_crude_correlation_MARGIN_CATEGORY__Wide_Margin__Normal_Margin__Tight_Margin.d5d2a31d93"
[0m16:38:00.423605 [debug] [Thread-2 (]: Using snowflake connection "test.fuel_analytics.accepted_values_crude_correlation_MARGIN_CATEGORY__Wide_Margin__Normal_Margin__Tight_Margin.d5d2a31d93"
[0m16:38:00.423886 [debug] [Thread-2 (]: On test.fuel_analytics.accepted_values_crude_correlation_MARGIN_CATEGORY__Wide_Margin__Normal_Margin__Tight_Margin.d5d2a31d93: /* {"app": "dbt", "dbt_version": "1.11.8", "profile_name": "fuel_analytics", "target_name": "dev", "node_id": "test.fuel_analytics.accepted_values_crude_correlation_MARGIN_CATEGORY__Wide_Margin__Normal_Margin__Tight_Margin.d5d2a31d93"} */
select
      count(*) as failures,
      count(*) != 0 as should_warn,
      count(*) != 0 as should_error
    from (
      
    
  
    
    

with all_values as (

    select
        MARGIN_CATEGORY as value_field,
        count(*) as n_records

    from USER_DB_FERRET.DBT_DBT.crude_correlation
    group by MARGIN_CATEGORY

)

select *
from all_values
where value_field not in (
    'Wide Margin','Normal Margin','Tight Margin'
)



  
  
      
    ) dbt_internal_test
[0m16:38:00.424129 [debug] [Thread-2 (]: Opening a new connection, currently in state closed
[0m16:38:01.267368 [debug] [Thread-2 (]: SQL status: SUCCESS 1 in 0.843 seconds
[0m16:38:01.279300 [debug] [Thread-2 (]: On test.fuel_analytics.accepted_values_crude_correlation_MARGIN_CATEGORY__Wide_Margin__Normal_Margin__Tight_Margin.d5d2a31d93: Close
[0m16:38:01.455416 [info ] [Thread-2 (]: 1 of 31 PASS accepted_values_crude_correlation_MARGIN_CATEGORY__Wide_Margin__Normal_Margin__Tight_Margin  [[32mPASS[0m in 1.07s]
[0m16:38:01.456420 [debug] [Thread-2 (]: Finished running node test.fuel_analytics.accepted_values_crude_correlation_MARGIN_CATEGORY__Wide_Margin__Normal_Margin__Tight_Margin.d5d2a31d93
[0m16:38:01.456874 [debug] [Thread-2 (]: Began running node test.fuel_analytics.accepted_values_price_volatility_PRICE_DIRECTION__Rising__Falling__Stable.8f45404212
[0m16:38:01.457361 [info ] [Thread-2 (]: 2 of 31 START test accepted_values_price_volatility_PRICE_DIRECTION__Rising__Falling__Stable  [RUN]
[0m16:38:01.457878 [debug] [Thread-2 (]: Re-using an available connection from the pool (formerly test.fuel_analytics.accepted_values_crude_correlation_MARGIN_CATEGORY__Wide_Margin__Normal_Margin__Tight_Margin.d5d2a31d93, now test.fuel_analytics.accepted_values_price_volatility_PRICE_DIRECTION__Rising__Falling__Stable.8f45404212)
[0m16:38:01.458232 [debug] [Thread-2 (]: Began compiling node test.fuel_analytics.accepted_values_price_volatility_PRICE_DIRECTION__Rising__Falling__Stable.8f45404212
[0m16:38:01.465998 [debug] [Thread-2 (]: Writing injected SQL for node "test.fuel_analytics.accepted_values_price_volatility_PRICE_DIRECTION__Rising__Falling__Stable.8f45404212"
[0m16:38:01.466976 [debug] [Thread-2 (]: Began executing node test.fuel_analytics.accepted_values_price_volatility_PRICE_DIRECTION__Rising__Falling__Stable.8f45404212
[0m16:38:01.468958 [debug] [Thread-2 (]: Writing runtime sql for node "test.fuel_analytics.accepted_values_price_volatility_PRICE_DIRECTION__Rising__Falling__Stable.8f45404212"
[0m16:38:01.469891 [debug] [Thread-2 (]: Using snowflake connection "test.fuel_analytics.accepted_values_price_volatility_PRICE_DIRECTION__Rising__Falling__Stable.8f45404212"
[0m16:38:01.470164 [debug] [Thread-2 (]: On test.fuel_analytics.accepted_values_price_volatility_PRICE_DIRECTION__Rising__Falling__Stable.8f45404212: /* {"app": "dbt", "dbt_version": "1.11.8", "profile_name": "fuel_analytics", "target_name": "dev", "node_id": "test.fuel_analytics.accepted_values_price_volatility_PRICE_DIRECTION__Rising__Falling__Stable.8f45404212"} */
select
      count(*) as failures,
      count(*) != 0 as should_warn,
      count(*) != 0 as should_error
    from (
      
    
  
    
    

with all_values as (

    select
        PRICE_DIRECTION as value_field,
        count(*) as n_records

    from USER_DB_FERRET.DBT_DBT.price_volatility
    group by PRICE_DIRECTION

)

select *
from all_values
where value_field not in (
    'Rising','Falling','Stable'
)



  
  
      
    ) dbt_internal_test
[0m16:38:01.470408 [debug] [Thread-2 (]: Opening a new connection, currently in state closed
[0m16:38:02.382413 [debug] [Thread-2 (]: SQL status: SUCCESS 1 in 0.912 seconds
[0m16:38:02.385121 [debug] [Thread-2 (]: On test.fuel_analytics.accepted_values_price_volatility_PRICE_DIRECTION__Rising__Falling__Stable.8f45404212: Close
[0m16:38:02.534981 [info ] [Thread-2 (]: 2 of 31 PASS accepted_values_price_volatility_PRICE_DIRECTION__Rising__Falling__Stable  [[32mPASS[0m in 1.08s]
[0m16:38:02.536003 [debug] [Thread-2 (]: Finished running node test.fuel_analytics.accepted_values_price_volatility_PRICE_DIRECTION__Rising__Falling__Stable.8f45404212
[0m16:38:02.536531 [debug] [Thread-2 (]: Began running node test.fuel_analytics.accepted_values_price_volatility_VOLATILITY_LABEL__High_Volatility__Moderate_Volatility__Low_Volatility.33b49ee868
[0m16:38:02.537008 [info ] [Thread-2 (]: 3 of 31 START test accepted_values_price_volatility_VOLATILITY_LABEL__High_Volatility__Moderate_Volatility__Low_Volatility  [RUN]
[0m16:38:02.537649 [debug] [Thread-2 (]: Re-using an available connection from the pool (formerly test.fuel_analytics.accepted_values_price_volatility_PRICE_DIRECTION__Rising__Falling__Stable.8f45404212, now test.fuel_analytics.accepted_values_price_volatility_VOLATILITY_LABEL__High_Volatility__Moderate_Volatility__Low_Volatility.33b49ee868)
[0m16:38:02.538045 [debug] [Thread-2 (]: Began compiling node test.fuel_analytics.accepted_values_price_volatility_VOLATILITY_LABEL__High_Volatility__Moderate_Volatility__Low_Volatility.33b49ee868
[0m16:38:02.545778 [debug] [Thread-2 (]: Writing injected SQL for node "test.fuel_analytics.accepted_values_price_volatility_VOLATILITY_LABEL__High_Volatility__Moderate_Volatility__Low_Volatility.33b49ee868"
[0m16:38:02.546949 [debug] [Thread-2 (]: Began executing node test.fuel_analytics.accepted_values_price_volatility_VOLATILITY_LABEL__High_Volatility__Moderate_Volatility__Low_Volatility.33b49ee868
[0m16:38:02.549079 [debug] [Thread-2 (]: Writing runtime sql for node "test.fuel_analytics.accepted_values_price_volatility_VOLATILITY_LABEL__High_Volatility__Moderate_Volatility__Low_Volatility.33b49ee868"
[0m16:38:02.550692 [debug] [Thread-2 (]: Using snowflake connection "test.fuel_analytics.accepted_values_price_volatility_VOLATILITY_LABEL__High_Volatility__Moderate_Volatility__Low_Volatility.33b49ee868"
[0m16:38:02.551206 [debug] [Thread-2 (]: On test.fuel_analytics.accepted_values_price_volatility_VOLATILITY_LABEL__High_Volatility__Moderate_Volatility__Low_Volatility.33b49ee868: /* {"app": "dbt", "dbt_version": "1.11.8", "profile_name": "fuel_analytics", "target_name": "dev", "node_id": "test.fuel_analytics.accepted_values_price_volatility_VOLATILITY_LABEL__High_Volatility__Moderate_Volatility__Low_Volatility.33b49ee868"} */
select
      count(*) as failures,
      count(*) != 0 as should_warn,
      count(*) != 0 as should_error
    from (
      
    
  
    
    

with all_values as (

    select
        VOLATILITY_LABEL as value_field,
        count(*) as n_records

    from USER_DB_FERRET.DBT_DBT.price_volatility
    group by VOLATILITY_LABEL

)

select *
from all_values
where value_field not in (
    'High Volatility','Moderate Volatility','Low Volatility'
)



  
  
      
    ) dbt_internal_test
[0m16:38:02.551596 [debug] [Thread-2 (]: Opening a new connection, currently in state closed
[0m16:38:03.191790 [debug] [Thread-2 (]: SQL status: SUCCESS 1 in 0.640 seconds
[0m16:38:03.195084 [debug] [Thread-2 (]: On test.fuel_analytics.accepted_values_price_volatility_VOLATILITY_LABEL__High_Volatility__Moderate_Volatility__Low_Volatility.33b49ee868: Close
[0m16:38:03.363180 [info ] [Thread-2 (]: 3 of 31 PASS accepted_values_price_volatility_VOLATILITY_LABEL__High_Volatility__Moderate_Volatility__Low_Volatility  [[32mPASS[0m in 0.83s]
[0m16:38:03.364153 [debug] [Thread-2 (]: Finished running node test.fuel_analytics.accepted_values_price_volatility_VOLATILITY_LABEL__High_Volatility__Moderate_Volatility__Low_Volatility.33b49ee868
[0m16:38:03.364655 [debug] [Thread-2 (]: Began running node test.fuel_analytics.accepted_values_regional_comparison_PRICE_CATEGORY__Significantly_Above_Average__Above_Average__Near_National_Average__Below_Average__Significantly_Below_Average.e2dd40c6cf
[0m16:38:03.365242 [info ] [Thread-2 (]: 4 of 31 START test accepted_values_regional_comparison_PRICE_CATEGORY__Significantly_Above_Average__Above_Average__Near_National_Average__Below_Average__Significantly_Below_Average  [RUN]
[0m16:38:03.365818 [debug] [Thread-2 (]: Re-using an available connection from the pool (formerly test.fuel_analytics.accepted_values_price_volatility_VOLATILITY_LABEL__High_Volatility__Moderate_Volatility__Low_Volatility.33b49ee868, now test.fuel_analytics.accepted_values_regional_comparison_PRICE_CATEGORY__Significantly_Above_Average__Above_Average__Near_National_Average__Below_Average__Significantly_Below_Average.e2dd40c6cf)
[0m16:38:03.366200 [debug] [Thread-2 (]: Began compiling node test.fuel_analytics.accepted_values_regional_comparison_PRICE_CATEGORY__Significantly_Above_Average__Above_Average__Near_National_Average__Below_Average__Significantly_Below_Average.e2dd40c6cf
[0m16:38:03.375605 [debug] [Thread-2 (]: Writing injected SQL for node "test.fuel_analytics.accepted_values_regional_comparison_PRICE_CATEGORY__Significantly_Above_Average__Above_Average__Near_National_Average__Below_Average__Significantly_Below_Average.e2dd40c6cf"
[0m16:38:03.377276 [debug] [Thread-2 (]: Began executing node test.fuel_analytics.accepted_values_regional_comparison_PRICE_CATEGORY__Significantly_Above_Average__Above_Average__Near_National_Average__Below_Average__Significantly_Below_Average.e2dd40c6cf
[0m16:38:03.380275 [debug] [Thread-2 (]: Writing runtime sql for node "test.fuel_analytics.accepted_values_regional_comparison_PRICE_CATEGORY__Significantly_Above_Average__Above_Average__Near_National_Average__Below_Average__Significantly_Below_Average.e2dd40c6cf"
[0m16:38:03.381684 [debug] [Thread-2 (]: Using snowflake connection "test.fuel_analytics.accepted_values_regional_comparison_PRICE_CATEGORY__Significantly_Above_Average__Above_Average__Near_National_Average__Below_Average__Significantly_Below_Average.e2dd40c6cf"
[0m16:38:03.382039 [debug] [Thread-2 (]: On test.fuel_analytics.accepted_values_regional_comparison_PRICE_CATEGORY__Significantly_Above_Average__Above_Average__Near_National_Average__Below_Average__Significantly_Below_Average.e2dd40c6cf: /* {"app": "dbt", "dbt_version": "1.11.8", "profile_name": "fuel_analytics", "target_name": "dev", "node_id": "test.fuel_analytics.accepted_values_regional_comparison_PRICE_CATEGORY__Significantly_Above_Average__Above_Average__Near_National_Average__Below_Average__Significantly_Below_Average.e2dd40c6cf"} */
select
      count(*) as failures,
      count(*) != 0 as should_warn,
      count(*) != 0 as should_error
    from (
      
    
  
    
    

with all_values as (

    select
        PRICE_CATEGORY as value_field,
        count(*) as n_records

    from USER_DB_FERRET.DBT_DBT.regional_comparison
    group by PRICE_CATEGORY

)

select *
from all_values
where value_field not in (
    'Significantly Above Average','Above Average','Near National Average','Below Average','Significantly Below Average'
)



  
  
      
    ) dbt_internal_test
[0m16:38:03.382320 [debug] [Thread-2 (]: Opening a new connection, currently in state closed
[0m16:38:04.267528 [debug] [Thread-2 (]: SQL status: SUCCESS 1 in 0.885 seconds
[0m16:38:04.271150 [debug] [Thread-2 (]: On test.fuel_analytics.accepted_values_regional_comparison_PRICE_CATEGORY__Significantly_Above_Average__Above_Average__Near_National_Average__Below_Average__Significantly_Below_Average.e2dd40c6cf: Close
[0m16:38:04.408954 [info ] [Thread-2 (]: 4 of 31 PASS accepted_values_regional_comparison_PRICE_CATEGORY__Significantly_Above_Average__Above_Average__Near_National_Average__Below_Average__Significantly_Below_Average  [[32mPASS[0m in 1.04s]
[0m16:38:04.409919 [debug] [Thread-2 (]: Finished running node test.fuel_analytics.accepted_values_regional_comparison_PRICE_CATEGORY__Significantly_Above_Average__Above_Average__Near_National_Average__Below_Average__Significantly_Below_Average.e2dd40c6cf
[0m16:38:04.410386 [debug] [Thread-2 (]: Began running node test.fuel_analytics.not_null_crude_correlation_REGULAR_GASOLINE_PRICE.9a26d40959
[0m16:38:04.410825 [info ] [Thread-2 (]: 5 of 31 START test not_null_crude_correlation_REGULAR_GASOLINE_PRICE ........... [RUN]
[0m16:38:04.411364 [debug] [Thread-2 (]: Re-using an available connection from the pool (formerly test.fuel_analytics.accepted_values_regional_comparison_PRICE_CATEGORY__Significantly_Above_Average__Above_Average__Near_National_Average__Below_Average__Significantly_Below_Average.e2dd40c6cf, now test.fuel_analytics.not_null_crude_correlation_REGULAR_GASOLINE_PRICE.9a26d40959)
[0m16:38:04.411754 [debug] [Thread-2 (]: Began compiling node test.fuel_analytics.not_null_crude_correlation_REGULAR_GASOLINE_PRICE.9a26d40959
[0m16:38:04.420656 [debug] [Thread-2 (]: Writing injected SQL for node "test.fuel_analytics.not_null_crude_correlation_REGULAR_GASOLINE_PRICE.9a26d40959"
[0m16:38:04.421798 [debug] [Thread-2 (]: Began executing node test.fuel_analytics.not_null_crude_correlation_REGULAR_GASOLINE_PRICE.9a26d40959
[0m16:38:04.424093 [debug] [Thread-2 (]: Writing runtime sql for node "test.fuel_analytics.not_null_crude_correlation_REGULAR_GASOLINE_PRICE.9a26d40959"
[0m16:38:04.425032 [debug] [Thread-2 (]: Using snowflake connection "test.fuel_analytics.not_null_crude_correlation_REGULAR_GASOLINE_PRICE.9a26d40959"
[0m16:38:04.425328 [debug] [Thread-2 (]: On test.fuel_analytics.not_null_crude_correlation_REGULAR_GASOLINE_PRICE.9a26d40959: /* {"app": "dbt", "dbt_version": "1.11.8", "profile_name": "fuel_analytics", "target_name": "dev", "node_id": "test.fuel_analytics.not_null_crude_correlation_REGULAR_GASOLINE_PRICE.9a26d40959"} */
select
      count(*) as failures,
      count(*) != 0 as should_warn,
      count(*) != 0 as should_error
    from (
      
    
  
    
    



select REGULAR_GASOLINE_PRICE
from USER_DB_FERRET.DBT_DBT.crude_correlation
where REGULAR_GASOLINE_PRICE is null



  
  
      
    ) dbt_internal_test
[0m16:38:04.425596 [debug] [Thread-2 (]: Opening a new connection, currently in state closed
[0m16:38:05.350214 [debug] [Thread-2 (]: SQL status: SUCCESS 1 in 0.924 seconds
[0m16:38:05.353108 [debug] [Thread-2 (]: On test.fuel_analytics.not_null_crude_correlation_REGULAR_GASOLINE_PRICE.9a26d40959: Close
[0m16:38:05.618424 [info ] [Thread-2 (]: 5 of 31 PASS not_null_crude_correlation_REGULAR_GASOLINE_PRICE ................. [[32mPASS[0m in 1.21s]
[0m16:38:05.619463 [debug] [Thread-2 (]: Finished running node test.fuel_analytics.not_null_crude_correlation_REGULAR_GASOLINE_PRICE.9a26d40959
[0m16:38:05.619959 [debug] [Thread-2 (]: Began running node test.fuel_analytics.not_null_crude_correlation_WEEK_DATE.cb8c686171
[0m16:38:05.620401 [info ] [Thread-2 (]: 6 of 31 START test not_null_crude_correlation_WEEK_DATE ........................ [RUN]
[0m16:38:05.620980 [debug] [Thread-2 (]: Re-using an available connection from the pool (formerly test.fuel_analytics.not_null_crude_correlation_REGULAR_GASOLINE_PRICE.9a26d40959, now test.fuel_analytics.not_null_crude_correlation_WEEK_DATE.cb8c686171)
[0m16:38:05.621472 [debug] [Thread-2 (]: Began compiling node test.fuel_analytics.not_null_crude_correlation_WEEK_DATE.cb8c686171
[0m16:38:05.628538 [debug] [Thread-2 (]: Writing injected SQL for node "test.fuel_analytics.not_null_crude_correlation_WEEK_DATE.cb8c686171"
[0m16:38:05.629964 [debug] [Thread-2 (]: Began executing node test.fuel_analytics.not_null_crude_correlation_WEEK_DATE.cb8c686171
[0m16:38:05.633045 [debug] [Thread-2 (]: Writing runtime sql for node "test.fuel_analytics.not_null_crude_correlation_WEEK_DATE.cb8c686171"
[0m16:38:05.634324 [debug] [Thread-2 (]: Using snowflake connection "test.fuel_analytics.not_null_crude_correlation_WEEK_DATE.cb8c686171"
[0m16:38:05.634684 [debug] [Thread-2 (]: On test.fuel_analytics.not_null_crude_correlation_WEEK_DATE.cb8c686171: /* {"app": "dbt", "dbt_version": "1.11.8", "profile_name": "fuel_analytics", "target_name": "dev", "node_id": "test.fuel_analytics.not_null_crude_correlation_WEEK_DATE.cb8c686171"} */
select
      count(*) as failures,
      count(*) != 0 as should_warn,
      count(*) != 0 as should_error
    from (
      
    
  
    
    



select WEEK_DATE
from USER_DB_FERRET.DBT_DBT.crude_correlation
where WEEK_DATE is null



  
  
      
    ) dbt_internal_test
[0m16:38:05.634999 [debug] [Thread-2 (]: Opening a new connection, currently in state closed
[0m16:38:06.657352 [debug] [Thread-2 (]: SQL status: SUCCESS 1 in 1.022 seconds
[0m16:38:06.660189 [debug] [Thread-2 (]: On test.fuel_analytics.not_null_crude_correlation_WEEK_DATE.cb8c686171: Close
[0m16:38:06.832024 [info ] [Thread-2 (]: 6 of 31 PASS not_null_crude_correlation_WEEK_DATE .............................. [[32mPASS[0m in 1.21s]
[0m16:38:06.833186 [debug] [Thread-2 (]: Finished running node test.fuel_analytics.not_null_crude_correlation_WEEK_DATE.cb8c686171
[0m16:38:06.833641 [debug] [Thread-2 (]: Began running node test.fuel_analytics.not_null_price_moving_avg_REGION.daece67b4a
[0m16:38:06.833975 [info ] [Thread-2 (]: 7 of 31 START test not_null_price_moving_avg_REGION ............................ [RUN]
[0m16:38:06.834337 [debug] [Thread-2 (]: Re-using an available connection from the pool (formerly test.fuel_analytics.not_null_crude_correlation_WEEK_DATE.cb8c686171, now test.fuel_analytics.not_null_price_moving_avg_REGION.daece67b4a)
[0m16:38:06.834582 [debug] [Thread-2 (]: Began compiling node test.fuel_analytics.not_null_price_moving_avg_REGION.daece67b4a
[0m16:38:06.838764 [debug] [Thread-2 (]: Writing injected SQL for node "test.fuel_analytics.not_null_price_moving_avg_REGION.daece67b4a"
[0m16:38:06.839668 [debug] [Thread-2 (]: Began executing node test.fuel_analytics.not_null_price_moving_avg_REGION.daece67b4a
[0m16:38:06.841384 [debug] [Thread-2 (]: Writing runtime sql for node "test.fuel_analytics.not_null_price_moving_avg_REGION.daece67b4a"
[0m16:38:06.842217 [debug] [Thread-2 (]: Using snowflake connection "test.fuel_analytics.not_null_price_moving_avg_REGION.daece67b4a"
[0m16:38:06.842464 [debug] [Thread-2 (]: On test.fuel_analytics.not_null_price_moving_avg_REGION.daece67b4a: /* {"app": "dbt", "dbt_version": "1.11.8", "profile_name": "fuel_analytics", "target_name": "dev", "node_id": "test.fuel_analytics.not_null_price_moving_avg_REGION.daece67b4a"} */
select
      count(*) as failures,
      count(*) != 0 as should_warn,
      count(*) != 0 as should_error
    from (
      
    
  
    
    



select REGION
from USER_DB_FERRET.DBT_DBT.price_moving_avg
where REGION is null



  
  
      
    ) dbt_internal_test
[0m16:38:06.842685 [debug] [Thread-2 (]: Opening a new connection, currently in state closed
[0m16:38:07.504694 [debug] [Thread-2 (]: SQL status: SUCCESS 1 in 0.662 seconds
[0m16:38:07.507471 [debug] [Thread-2 (]: On test.fuel_analytics.not_null_price_moving_avg_REGION.daece67b4a: Close
[0m16:38:07.666787 [info ] [Thread-2 (]: 7 of 31 PASS not_null_price_moving_avg_REGION .................................. [[32mPASS[0m in 0.83s]
[0m16:38:07.667813 [debug] [Thread-2 (]: Finished running node test.fuel_analytics.not_null_price_moving_avg_REGION.daece67b4a
[0m16:38:07.668425 [debug] [Thread-2 (]: Began running node test.fuel_analytics.not_null_price_moving_avg_REGULAR_12WK_AVG.118c2ef321
[0m16:38:07.669034 [info ] [Thread-2 (]: 8 of 31 START test not_null_price_moving_avg_REGULAR_12WK_AVG .................. [RUN]
[0m16:38:07.669689 [debug] [Thread-2 (]: Re-using an available connection from the pool (formerly test.fuel_analytics.not_null_price_moving_avg_REGION.daece67b4a, now test.fuel_analytics.not_null_price_moving_avg_REGULAR_12WK_AVG.118c2ef321)
[0m16:38:07.670023 [debug] [Thread-2 (]: Began compiling node test.fuel_analytics.not_null_price_moving_avg_REGULAR_12WK_AVG.118c2ef321
[0m16:38:07.676885 [debug] [Thread-2 (]: Writing injected SQL for node "test.fuel_analytics.not_null_price_moving_avg_REGULAR_12WK_AVG.118c2ef321"
[0m16:38:07.678564 [debug] [Thread-2 (]: Began executing node test.fuel_analytics.not_null_price_moving_avg_REGULAR_12WK_AVG.118c2ef321
[0m16:38:07.681890 [debug] [Thread-2 (]: Writing runtime sql for node "test.fuel_analytics.not_null_price_moving_avg_REGULAR_12WK_AVG.118c2ef321"
[0m16:38:07.683449 [debug] [Thread-2 (]: Using snowflake connection "test.fuel_analytics.not_null_price_moving_avg_REGULAR_12WK_AVG.118c2ef321"
[0m16:38:07.683807 [debug] [Thread-2 (]: On test.fuel_analytics.not_null_price_moving_avg_REGULAR_12WK_AVG.118c2ef321: /* {"app": "dbt", "dbt_version": "1.11.8", "profile_name": "fuel_analytics", "target_name": "dev", "node_id": "test.fuel_analytics.not_null_price_moving_avg_REGULAR_12WK_AVG.118c2ef321"} */
select
      count(*) as failures,
      count(*) != 0 as should_warn,
      count(*) != 0 as should_error
    from (
      
    
  
    
    



select REGULAR_12WK_AVG
from USER_DB_FERRET.DBT_DBT.price_moving_avg
where REGULAR_12WK_AVG is null



  
  
      
    ) dbt_internal_test
[0m16:38:07.684073 [debug] [Thread-2 (]: Opening a new connection, currently in state closed
[0m16:38:08.217754 [debug] [Thread-2 (]: SQL status: SUCCESS 1 in 0.533 seconds
[0m16:38:08.219831 [debug] [Thread-2 (]: On test.fuel_analytics.not_null_price_moving_avg_REGULAR_12WK_AVG.118c2ef321: Close
[0m16:38:08.378750 [info ] [Thread-2 (]: 8 of 31 PASS not_null_price_moving_avg_REGULAR_12WK_AVG ........................ [[32mPASS[0m in 0.71s]
[0m16:38:08.379396 [debug] [Thread-2 (]: Finished running node test.fuel_analytics.not_null_price_moving_avg_REGULAR_12WK_AVG.118c2ef321
[0m16:38:08.379767 [debug] [Thread-2 (]: Began running node test.fuel_analytics.not_null_price_moving_avg_REGULAR_4WK_AVG.cb68ef4e1b
[0m16:38:08.380219 [info ] [Thread-2 (]: 9 of 31 START test not_null_price_moving_avg_REGULAR_4WK_AVG ................... [RUN]
[0m16:38:08.381127 [debug] [Thread-2 (]: Re-using an available connection from the pool (formerly test.fuel_analytics.not_null_price_moving_avg_REGULAR_12WK_AVG.118c2ef321, now test.fuel_analytics.not_null_price_moving_avg_REGULAR_4WK_AVG.cb68ef4e1b)
[0m16:38:08.381569 [debug] [Thread-2 (]: Began compiling node test.fuel_analytics.not_null_price_moving_avg_REGULAR_4WK_AVG.cb68ef4e1b
[0m16:38:08.386467 [debug] [Thread-2 (]: Writing injected SQL for node "test.fuel_analytics.not_null_price_moving_avg_REGULAR_4WK_AVG.cb68ef4e1b"
[0m16:38:08.387339 [debug] [Thread-2 (]: Began executing node test.fuel_analytics.not_null_price_moving_avg_REGULAR_4WK_AVG.cb68ef4e1b
[0m16:38:08.389914 [debug] [Thread-2 (]: Writing runtime sql for node "test.fuel_analytics.not_null_price_moving_avg_REGULAR_4WK_AVG.cb68ef4e1b"
[0m16:38:08.391027 [debug] [Thread-2 (]: Using snowflake connection "test.fuel_analytics.not_null_price_moving_avg_REGULAR_4WK_AVG.cb68ef4e1b"
[0m16:38:08.391356 [debug] [Thread-2 (]: On test.fuel_analytics.not_null_price_moving_avg_REGULAR_4WK_AVG.cb68ef4e1b: /* {"app": "dbt", "dbt_version": "1.11.8", "profile_name": "fuel_analytics", "target_name": "dev", "node_id": "test.fuel_analytics.not_null_price_moving_avg_REGULAR_4WK_AVG.cb68ef4e1b"} */
select
      count(*) as failures,
      count(*) != 0 as should_warn,
      count(*) != 0 as should_error
    from (
      
    
  
    
    



select REGULAR_4WK_AVG
from USER_DB_FERRET.DBT_DBT.price_moving_avg
where REGULAR_4WK_AVG is null



  
  
      
    ) dbt_internal_test
[0m16:38:08.391624 [debug] [Thread-2 (]: Opening a new connection, currently in state closed
[0m16:38:09.651942 [debug] [Thread-2 (]: SQL status: SUCCESS 1 in 1.260 seconds
[0m16:38:09.655282 [debug] [Thread-2 (]: On test.fuel_analytics.not_null_price_moving_avg_REGULAR_4WK_AVG.cb68ef4e1b: Close
[0m16:38:09.829264 [info ] [Thread-2 (]: 9 of 31 PASS not_null_price_moving_avg_REGULAR_4WK_AVG ......................... [[32mPASS[0m in 1.45s]
[0m16:38:09.830259 [debug] [Thread-2 (]: Finished running node test.fuel_analytics.not_null_price_moving_avg_REGULAR_4WK_AVG.cb68ef4e1b
[0m16:38:09.830755 [debug] [Thread-2 (]: Began running node test.fuel_analytics.not_null_price_moving_avg_REGULAR_GASOLINE_PRICE.850a3d6917
[0m16:38:09.831223 [info ] [Thread-2 (]: 10 of 31 START test not_null_price_moving_avg_REGULAR_GASOLINE_PRICE ........... [RUN]
[0m16:38:09.831854 [debug] [Thread-2 (]: Re-using an available connection from the pool (formerly test.fuel_analytics.not_null_price_moving_avg_REGULAR_4WK_AVG.cb68ef4e1b, now test.fuel_analytics.not_null_price_moving_avg_REGULAR_GASOLINE_PRICE.850a3d6917)
[0m16:38:09.832221 [debug] [Thread-2 (]: Began compiling node test.fuel_analytics.not_null_price_moving_avg_REGULAR_GASOLINE_PRICE.850a3d6917
[0m16:38:09.837319 [debug] [Thread-2 (]: Writing injected SQL for node "test.fuel_analytics.not_null_price_moving_avg_REGULAR_GASOLINE_PRICE.850a3d6917"
[0m16:38:09.838369 [debug] [Thread-2 (]: Began executing node test.fuel_analytics.not_null_price_moving_avg_REGULAR_GASOLINE_PRICE.850a3d6917
[0m16:38:09.840386 [debug] [Thread-2 (]: Writing runtime sql for node "test.fuel_analytics.not_null_price_moving_avg_REGULAR_GASOLINE_PRICE.850a3d6917"
[0m16:38:09.841282 [debug] [Thread-2 (]: Using snowflake connection "test.fuel_analytics.not_null_price_moving_avg_REGULAR_GASOLINE_PRICE.850a3d6917"
[0m16:38:09.841584 [debug] [Thread-2 (]: On test.fuel_analytics.not_null_price_moving_avg_REGULAR_GASOLINE_PRICE.850a3d6917: /* {"app": "dbt", "dbt_version": "1.11.8", "profile_name": "fuel_analytics", "target_name": "dev", "node_id": "test.fuel_analytics.not_null_price_moving_avg_REGULAR_GASOLINE_PRICE.850a3d6917"} */
select
      count(*) as failures,
      count(*) != 0 as should_warn,
      count(*) != 0 as should_error
    from (
      
    
  
    
    



select REGULAR_GASOLINE_PRICE
from USER_DB_FERRET.DBT_DBT.price_moving_avg
where REGULAR_GASOLINE_PRICE is null



  
  
      
    ) dbt_internal_test
[0m16:38:09.841855 [debug] [Thread-2 (]: Opening a new connection, currently in state closed
[0m16:38:10.373402 [debug] [Thread-2 (]: SQL status: SUCCESS 1 in 0.531 seconds
[0m16:38:10.376988 [debug] [Thread-2 (]: On test.fuel_analytics.not_null_price_moving_avg_REGULAR_GASOLINE_PRICE.850a3d6917: Close
[0m16:38:10.531255 [info ] [Thread-2 (]: 10 of 31 PASS not_null_price_moving_avg_REGULAR_GASOLINE_PRICE ................. [[32mPASS[0m in 0.70s]
[0m16:38:10.532021 [debug] [Thread-2 (]: Finished running node test.fuel_analytics.not_null_price_moving_avg_REGULAR_GASOLINE_PRICE.850a3d6917
[0m16:38:10.532365 [debug] [Thread-2 (]: Began running node test.fuel_analytics.not_null_price_moving_avg_WEEK_DATE.dbf45e3e5c
[0m16:38:10.532782 [info ] [Thread-2 (]: 11 of 31 START test not_null_price_moving_avg_WEEK_DATE ........................ [RUN]
[0m16:38:10.533279 [debug] [Thread-2 (]: Re-using an available connection from the pool (formerly test.fuel_analytics.not_null_price_moving_avg_REGULAR_GASOLINE_PRICE.850a3d6917, now test.fuel_analytics.not_null_price_moving_avg_WEEK_DATE.dbf45e3e5c)
[0m16:38:10.533623 [debug] [Thread-2 (]: Began compiling node test.fuel_analytics.not_null_price_moving_avg_WEEK_DATE.dbf45e3e5c
[0m16:38:10.538537 [debug] [Thread-2 (]: Writing injected SQL for node "test.fuel_analytics.not_null_price_moving_avg_WEEK_DATE.dbf45e3e5c"
[0m16:38:10.539888 [debug] [Thread-2 (]: Began executing node test.fuel_analytics.not_null_price_moving_avg_WEEK_DATE.dbf45e3e5c
[0m16:38:10.542627 [debug] [Thread-2 (]: Writing runtime sql for node "test.fuel_analytics.not_null_price_moving_avg_WEEK_DATE.dbf45e3e5c"
[0m16:38:10.543922 [debug] [Thread-2 (]: Using snowflake connection "test.fuel_analytics.not_null_price_moving_avg_WEEK_DATE.dbf45e3e5c"
[0m16:38:10.544193 [debug] [Thread-2 (]: On test.fuel_analytics.not_null_price_moving_avg_WEEK_DATE.dbf45e3e5c: /* {"app": "dbt", "dbt_version": "1.11.8", "profile_name": "fuel_analytics", "target_name": "dev", "node_id": "test.fuel_analytics.not_null_price_moving_avg_WEEK_DATE.dbf45e3e5c"} */
select
      count(*) as failures,
      count(*) != 0 as should_warn,
      count(*) != 0 as should_error
    from (
      
    
  
    
    



select WEEK_DATE
from USER_DB_FERRET.DBT_DBT.price_moving_avg
where WEEK_DATE is null



  
  
      
    ) dbt_internal_test
[0m16:38:10.544434 [debug] [Thread-2 (]: Opening a new connection, currently in state closed
[0m16:38:11.802686 [debug] [Thread-2 (]: SQL status: SUCCESS 1 in 1.258 seconds
[0m16:38:11.805600 [debug] [Thread-2 (]: On test.fuel_analytics.not_null_price_moving_avg_WEEK_DATE.dbf45e3e5c: Close
[0m16:38:12.472062 [info ] [Thread-2 (]: 11 of 31 PASS not_null_price_moving_avg_WEEK_DATE .............................. [[32mPASS[0m in 1.94s]
[0m16:38:12.473087 [debug] [Thread-2 (]: Finished running node test.fuel_analytics.not_null_price_moving_avg_WEEK_DATE.dbf45e3e5c
[0m16:38:12.473586 [debug] [Thread-2 (]: Began running node test.fuel_analytics.not_null_price_volatility_REGION.7a6d63b30d
[0m16:38:12.474066 [info ] [Thread-2 (]: 12 of 31 START test not_null_price_volatility_REGION ........................... [RUN]
[0m16:38:12.474633 [debug] [Thread-2 (]: Re-using an available connection from the pool (formerly test.fuel_analytics.not_null_price_moving_avg_WEEK_DATE.dbf45e3e5c, now test.fuel_analytics.not_null_price_volatility_REGION.7a6d63b30d)
[0m16:38:12.475043 [debug] [Thread-2 (]: Began compiling node test.fuel_analytics.not_null_price_volatility_REGION.7a6d63b30d
[0m16:38:12.480470 [debug] [Thread-2 (]: Writing injected SQL for node "test.fuel_analytics.not_null_price_volatility_REGION.7a6d63b30d"
[0m16:38:12.481567 [debug] [Thread-2 (]: Began executing node test.fuel_analytics.not_null_price_volatility_REGION.7a6d63b30d
[0m16:38:12.483957 [debug] [Thread-2 (]: Writing runtime sql for node "test.fuel_analytics.not_null_price_volatility_REGION.7a6d63b30d"
[0m16:38:12.485912 [debug] [Thread-2 (]: Using snowflake connection "test.fuel_analytics.not_null_price_volatility_REGION.7a6d63b30d"
[0m16:38:12.486493 [debug] [Thread-2 (]: On test.fuel_analytics.not_null_price_volatility_REGION.7a6d63b30d: /* {"app": "dbt", "dbt_version": "1.11.8", "profile_name": "fuel_analytics", "target_name": "dev", "node_id": "test.fuel_analytics.not_null_price_volatility_REGION.7a6d63b30d"} */
select
      count(*) as failures,
      count(*) != 0 as should_warn,
      count(*) != 0 as should_error
    from (
      
    
  
    
    



select REGION
from USER_DB_FERRET.DBT_DBT.price_volatility
where REGION is null



  
  
      
    ) dbt_internal_test
[0m16:38:12.486870 [debug] [Thread-2 (]: Opening a new connection, currently in state closed
[0m16:38:13.544983 [debug] [Thread-2 (]: SQL status: SUCCESS 1 in 1.058 seconds
[0m16:38:13.547751 [debug] [Thread-2 (]: On test.fuel_analytics.not_null_price_volatility_REGION.7a6d63b30d: Close
[0m16:38:13.734520 [info ] [Thread-2 (]: 12 of 31 PASS not_null_price_volatility_REGION ................................. [[32mPASS[0m in 1.26s]
[0m16:38:13.735499 [debug] [Thread-2 (]: Finished running node test.fuel_analytics.not_null_price_volatility_REGION.7a6d63b30d
[0m16:38:13.735952 [debug] [Thread-2 (]: Began running node test.fuel_analytics.not_null_price_volatility_REGULAR_GASOLINE_PRICE.42b9593977
[0m16:38:13.736392 [info ] [Thread-2 (]: 13 of 31 START test not_null_price_volatility_REGULAR_GASOLINE_PRICE ........... [RUN]
[0m16:38:13.736919 [debug] [Thread-2 (]: Re-using an available connection from the pool (formerly test.fuel_analytics.not_null_price_volatility_REGION.7a6d63b30d, now test.fuel_analytics.not_null_price_volatility_REGULAR_GASOLINE_PRICE.42b9593977)
[0m16:38:13.737289 [debug] [Thread-2 (]: Began compiling node test.fuel_analytics.not_null_price_volatility_REGULAR_GASOLINE_PRICE.42b9593977
[0m16:38:13.742401 [debug] [Thread-2 (]: Writing injected SQL for node "test.fuel_analytics.not_null_price_volatility_REGULAR_GASOLINE_PRICE.42b9593977"
[0m16:38:13.743558 [debug] [Thread-2 (]: Began executing node test.fuel_analytics.not_null_price_volatility_REGULAR_GASOLINE_PRICE.42b9593977
[0m16:38:13.745648 [debug] [Thread-2 (]: Writing runtime sql for node "test.fuel_analytics.not_null_price_volatility_REGULAR_GASOLINE_PRICE.42b9593977"
[0m16:38:13.746962 [debug] [Thread-2 (]: Using snowflake connection "test.fuel_analytics.not_null_price_volatility_REGULAR_GASOLINE_PRICE.42b9593977"
[0m16:38:13.747484 [debug] [Thread-2 (]: On test.fuel_analytics.not_null_price_volatility_REGULAR_GASOLINE_PRICE.42b9593977: /* {"app": "dbt", "dbt_version": "1.11.8", "profile_name": "fuel_analytics", "target_name": "dev", "node_id": "test.fuel_analytics.not_null_price_volatility_REGULAR_GASOLINE_PRICE.42b9593977"} */
select
      count(*) as failures,
      count(*) != 0 as should_warn,
      count(*) != 0 as should_error
    from (
      
    
  
    
    



select REGULAR_GASOLINE_PRICE
from USER_DB_FERRET.DBT_DBT.price_volatility
where REGULAR_GASOLINE_PRICE is null



  
  
      
    ) dbt_internal_test
[0m16:38:13.747839 [debug] [Thread-2 (]: Opening a new connection, currently in state closed
[0m16:38:14.909100 [debug] [Thread-2 (]: SQL status: SUCCESS 1 in 1.161 seconds
[0m16:38:14.912389 [debug] [Thread-2 (]: On test.fuel_analytics.not_null_price_volatility_REGULAR_GASOLINE_PRICE.42b9593977: Close
[0m16:38:15.067011 [info ] [Thread-2 (]: 13 of 31 PASS not_null_price_volatility_REGULAR_GASOLINE_PRICE ................. [[32mPASS[0m in 1.33s]
[0m16:38:15.068441 [debug] [Thread-2 (]: Finished running node test.fuel_analytics.not_null_price_volatility_REGULAR_GASOLINE_PRICE.42b9593977
[0m16:38:15.069070 [debug] [Thread-2 (]: Began running node test.fuel_analytics.not_null_price_volatility_WEEK_DATE.e0e4d3e492
[0m16:38:15.069618 [info ] [Thread-2 (]: 14 of 31 START test not_null_price_volatility_WEEK_DATE ........................ [RUN]
[0m16:38:15.070332 [debug] [Thread-2 (]: Re-using an available connection from the pool (formerly test.fuel_analytics.not_null_price_volatility_REGULAR_GASOLINE_PRICE.42b9593977, now test.fuel_analytics.not_null_price_volatility_WEEK_DATE.e0e4d3e492)
[0m16:38:15.070801 [debug] [Thread-2 (]: Began compiling node test.fuel_analytics.not_null_price_volatility_WEEK_DATE.e0e4d3e492
[0m16:38:15.076088 [debug] [Thread-2 (]: Writing injected SQL for node "test.fuel_analytics.not_null_price_volatility_WEEK_DATE.e0e4d3e492"
[0m16:38:15.076984 [debug] [Thread-2 (]: Began executing node test.fuel_analytics.not_null_price_volatility_WEEK_DATE.e0e4d3e492
[0m16:38:15.079969 [debug] [Thread-2 (]: Writing runtime sql for node "test.fuel_analytics.not_null_price_volatility_WEEK_DATE.e0e4d3e492"
[0m16:38:15.081754 [debug] [Thread-2 (]: Using snowflake connection "test.fuel_analytics.not_null_price_volatility_WEEK_DATE.e0e4d3e492"
[0m16:38:15.082263 [debug] [Thread-2 (]: On test.fuel_analytics.not_null_price_volatility_WEEK_DATE.e0e4d3e492: /* {"app": "dbt", "dbt_version": "1.11.8", "profile_name": "fuel_analytics", "target_name": "dev", "node_id": "test.fuel_analytics.not_null_price_volatility_WEEK_DATE.e0e4d3e492"} */
select
      count(*) as failures,
      count(*) != 0 as should_warn,
      count(*) != 0 as should_error
    from (
      
    
  
    
    



select WEEK_DATE
from USER_DB_FERRET.DBT_DBT.price_volatility
where WEEK_DATE is null



  
  
      
    ) dbt_internal_test
[0m16:38:15.082610 [debug] [Thread-2 (]: Opening a new connection, currently in state closed
[0m16:38:15.583397 [debug] [Thread-2 (]: SQL status: SUCCESS 1 in 0.501 seconds
[0m16:38:15.585865 [debug] [Thread-2 (]: On test.fuel_analytics.not_null_price_volatility_WEEK_DATE.e0e4d3e492: Close
[0m16:38:15.757403 [info ] [Thread-2 (]: 14 of 31 PASS not_null_price_volatility_WEEK_DATE .............................. [[32mPASS[0m in 0.69s]
[0m16:38:15.758365 [debug] [Thread-2 (]: Finished running node test.fuel_analytics.not_null_price_volatility_WEEK_DATE.e0e4d3e492
[0m16:38:15.758796 [debug] [Thread-2 (]: Began running node test.fuel_analytics.not_null_regional_comparison_REGION.8aa08dd4fd
[0m16:38:15.759229 [info ] [Thread-2 (]: 15 of 31 START test not_null_regional_comparison_REGION ........................ [RUN]
[0m16:38:15.759773 [debug] [Thread-2 (]: Re-using an available connection from the pool (formerly test.fuel_analytics.not_null_price_volatility_WEEK_DATE.e0e4d3e492, now test.fuel_analytics.not_null_regional_comparison_REGION.8aa08dd4fd)
[0m16:38:15.760142 [debug] [Thread-2 (]: Began compiling node test.fuel_analytics.not_null_regional_comparison_REGION.8aa08dd4fd
[0m16:38:15.765517 [debug] [Thread-2 (]: Writing injected SQL for node "test.fuel_analytics.not_null_regional_comparison_REGION.8aa08dd4fd"
[0m16:38:15.766665 [debug] [Thread-2 (]: Began executing node test.fuel_analytics.not_null_regional_comparison_REGION.8aa08dd4fd
[0m16:38:15.769043 [debug] [Thread-2 (]: Writing runtime sql for node "test.fuel_analytics.not_null_regional_comparison_REGION.8aa08dd4fd"
[0m16:38:15.770780 [debug] [Thread-2 (]: Using snowflake connection "test.fuel_analytics.not_null_regional_comparison_REGION.8aa08dd4fd"
[0m16:38:15.771165 [debug] [Thread-2 (]: On test.fuel_analytics.not_null_regional_comparison_REGION.8aa08dd4fd: /* {"app": "dbt", "dbt_version": "1.11.8", "profile_name": "fuel_analytics", "target_name": "dev", "node_id": "test.fuel_analytics.not_null_regional_comparison_REGION.8aa08dd4fd"} */
select
      count(*) as failures,
      count(*) != 0 as should_warn,
      count(*) != 0 as should_error
    from (
      
    
  
    
    



select REGION
from USER_DB_FERRET.DBT_DBT.regional_comparison
where REGION is null



  
  
      
    ) dbt_internal_test
[0m16:38:15.771592 [debug] [Thread-2 (]: Opening a new connection, currently in state closed
[0m16:38:16.576396 [debug] [Thread-2 (]: SQL status: SUCCESS 1 in 0.805 seconds
[0m16:38:16.579763 [debug] [Thread-2 (]: On test.fuel_analytics.not_null_regional_comparison_REGION.8aa08dd4fd: Close
[0m16:38:17.746698 [info ] [Thread-2 (]: 15 of 31 PASS not_null_regional_comparison_REGION .............................. [[32mPASS[0m in 1.99s]
[0m16:38:17.747601 [debug] [Thread-2 (]: Finished running node test.fuel_analytics.not_null_regional_comparison_REGION.8aa08dd4fd
[0m16:38:17.747986 [debug] [Thread-2 (]: Began running node test.fuel_analytics.not_null_regional_comparison_REGIONAL_PRICE.ba7292316c
[0m16:38:17.748391 [info ] [Thread-2 (]: 16 of 31 START test not_null_regional_comparison_REGIONAL_PRICE ................ [RUN]
[0m16:38:17.748866 [debug] [Thread-2 (]: Re-using an available connection from the pool (formerly test.fuel_analytics.not_null_regional_comparison_REGION.8aa08dd4fd, now test.fuel_analytics.not_null_regional_comparison_REGIONAL_PRICE.ba7292316c)
[0m16:38:17.749201 [debug] [Thread-2 (]: Began compiling node test.fuel_analytics.not_null_regional_comparison_REGIONAL_PRICE.ba7292316c
[0m16:38:17.754705 [debug] [Thread-2 (]: Writing injected SQL for node "test.fuel_analytics.not_null_regional_comparison_REGIONAL_PRICE.ba7292316c"
[0m16:38:17.756479 [debug] [Thread-2 (]: Began executing node test.fuel_analytics.not_null_regional_comparison_REGIONAL_PRICE.ba7292316c
[0m16:38:17.758893 [debug] [Thread-2 (]: Writing runtime sql for node "test.fuel_analytics.not_null_regional_comparison_REGIONAL_PRICE.ba7292316c"
[0m16:38:17.760270 [debug] [Thread-2 (]: Using snowflake connection "test.fuel_analytics.not_null_regional_comparison_REGIONAL_PRICE.ba7292316c"
[0m16:38:17.760672 [debug] [Thread-2 (]: On test.fuel_analytics.not_null_regional_comparison_REGIONAL_PRICE.ba7292316c: /* {"app": "dbt", "dbt_version": "1.11.8", "profile_name": "fuel_analytics", "target_name": "dev", "node_id": "test.fuel_analytics.not_null_regional_comparison_REGIONAL_PRICE.ba7292316c"} */
select
      count(*) as failures,
      count(*) != 0 as should_warn,
      count(*) != 0 as should_error
    from (
      
    
  
    
    



select REGIONAL_PRICE
from USER_DB_FERRET.DBT_DBT.regional_comparison
where REGIONAL_PRICE is null



  
  
      
    ) dbt_internal_test
[0m16:38:17.760972 [debug] [Thread-2 (]: Opening a new connection, currently in state closed
[0m16:38:18.359688 [debug] [Thread-2 (]: SQL status: SUCCESS 1 in 0.599 seconds
[0m16:38:18.362818 [debug] [Thread-2 (]: On test.fuel_analytics.not_null_regional_comparison_REGIONAL_PRICE.ba7292316c: Close
[0m16:38:18.522218 [info ] [Thread-2 (]: 16 of 31 PASS not_null_regional_comparison_REGIONAL_PRICE ...................... [[32mPASS[0m in 0.77s]
[0m16:38:18.523115 [debug] [Thread-2 (]: Finished running node test.fuel_analytics.not_null_regional_comparison_REGIONAL_PRICE.ba7292316c
[0m16:38:18.523634 [debug] [Thread-2 (]: Began running node test.fuel_analytics.not_null_regional_comparison_WEEK_DATE.24e345e688
[0m16:38:18.524076 [info ] [Thread-2 (]: 17 of 31 START test not_null_regional_comparison_WEEK_DATE ..................... [RUN]
[0m16:38:18.524700 [debug] [Thread-2 (]: Re-using an available connection from the pool (formerly test.fuel_analytics.not_null_regional_comparison_REGIONAL_PRICE.ba7292316c, now test.fuel_analytics.not_null_regional_comparison_WEEK_DATE.24e345e688)
[0m16:38:18.525057 [debug] [Thread-2 (]: Began compiling node test.fuel_analytics.not_null_regional_comparison_WEEK_DATE.24e345e688
[0m16:38:18.530082 [debug] [Thread-2 (]: Writing injected SQL for node "test.fuel_analytics.not_null_regional_comparison_WEEK_DATE.24e345e688"
[0m16:38:18.531144 [debug] [Thread-2 (]: Began executing node test.fuel_analytics.not_null_regional_comparison_WEEK_DATE.24e345e688
[0m16:38:18.533325 [debug] [Thread-2 (]: Writing runtime sql for node "test.fuel_analytics.not_null_regional_comparison_WEEK_DATE.24e345e688"
[0m16:38:18.534711 [debug] [Thread-2 (]: Using snowflake connection "test.fuel_analytics.not_null_regional_comparison_WEEK_DATE.24e345e688"
[0m16:38:18.534999 [debug] [Thread-2 (]: On test.fuel_analytics.not_null_regional_comparison_WEEK_DATE.24e345e688: /* {"app": "dbt", "dbt_version": "1.11.8", "profile_name": "fuel_analytics", "target_name": "dev", "node_id": "test.fuel_analytics.not_null_regional_comparison_WEEK_DATE.24e345e688"} */
select
      count(*) as failures,
      count(*) != 0 as should_warn,
      count(*) != 0 as should_error
    from (
      
    
  
    
    



select WEEK_DATE
from USER_DB_FERRET.DBT_DBT.regional_comparison
where WEEK_DATE is null



  
  
      
    ) dbt_internal_test
[0m16:38:18.535403 [debug] [Thread-2 (]: Opening a new connection, currently in state closed
[0m16:38:19.194037 [debug] [Thread-2 (]: SQL status: SUCCESS 1 in 0.658 seconds
[0m16:38:19.197079 [debug] [Thread-2 (]: On test.fuel_analytics.not_null_regional_comparison_WEEK_DATE.24e345e688: Close
[0m16:38:19.364404 [info ] [Thread-2 (]: 17 of 31 PASS not_null_regional_comparison_WEEK_DATE ........................... [[32mPASS[0m in 0.84s]
[0m16:38:19.365322 [debug] [Thread-2 (]: Finished running node test.fuel_analytics.not_null_regional_comparison_WEEK_DATE.24e345e688
[0m16:38:19.365743 [debug] [Thread-2 (]: Began running node test.fuel_analytics.source_accepted_values_raw_energy_market_prices_TICKER__CL_F__BZ_F__XLE__UGA.401cd46daf
[0m16:38:19.366180 [info ] [Thread-2 (]: 18 of 31 START test source_accepted_values_raw_energy_market_prices_TICKER__CL_F__BZ_F__XLE__UGA  [RUN]
[0m16:38:19.366686 [debug] [Thread-2 (]: Re-using an available connection from the pool (formerly test.fuel_analytics.not_null_regional_comparison_WEEK_DATE.24e345e688, now test.fuel_analytics.source_accepted_values_raw_energy_market_prices_TICKER__CL_F__BZ_F__XLE__UGA.401cd46daf)
[0m16:38:19.367087 [debug] [Thread-2 (]: Began compiling node test.fuel_analytics.source_accepted_values_raw_energy_market_prices_TICKER__CL_F__BZ_F__XLE__UGA.401cd46daf
[0m16:38:19.375446 [debug] [Thread-2 (]: Writing injected SQL for node "test.fuel_analytics.source_accepted_values_raw_energy_market_prices_TICKER__CL_F__BZ_F__XLE__UGA.401cd46daf"
[0m16:38:19.376936 [debug] [Thread-2 (]: Began executing node test.fuel_analytics.source_accepted_values_raw_energy_market_prices_TICKER__CL_F__BZ_F__XLE__UGA.401cd46daf
[0m16:38:19.380135 [debug] [Thread-2 (]: Writing runtime sql for node "test.fuel_analytics.source_accepted_values_raw_energy_market_prices_TICKER__CL_F__BZ_F__XLE__UGA.401cd46daf"
[0m16:38:19.381551 [debug] [Thread-2 (]: Using snowflake connection "test.fuel_analytics.source_accepted_values_raw_energy_market_prices_TICKER__CL_F__BZ_F__XLE__UGA.401cd46daf"
[0m16:38:19.381974 [debug] [Thread-2 (]: On test.fuel_analytics.source_accepted_values_raw_energy_market_prices_TICKER__CL_F__BZ_F__XLE__UGA.401cd46daf: /* {"app": "dbt", "dbt_version": "1.11.8", "profile_name": "fuel_analytics", "target_name": "dev", "node_id": "test.fuel_analytics.source_accepted_values_raw_energy_market_prices_TICKER__CL_F__BZ_F__XLE__UGA.401cd46daf"} */
select
      count(*) as failures,
      count(*) != 0 as should_warn,
      count(*) != 0 as should_error
    from (
      
    
  
    
    

with all_values as (

    select
        TICKER as value_field,
        count(*) as n_records

    from USER_DB_FERRET.RAW.energy_market_prices
    group by TICKER

)

select *
from all_values
where value_field not in (
    'CL=F','BZ=F','XLE','UGA'
)



  
  
      
    ) dbt_internal_test
[0m16:38:19.382383 [debug] [Thread-2 (]: Opening a new connection, currently in state closed
[0m16:38:22.219684 [debug] [Thread-2 (]: SQL status: SUCCESS 1 in 2.837 seconds
[0m16:38:22.223355 [debug] [Thread-2 (]: On test.fuel_analytics.source_accepted_values_raw_energy_market_prices_TICKER__CL_F__BZ_F__XLE__UGA.401cd46daf: Close
[0m16:38:22.392342 [info ] [Thread-2 (]: 18 of 31 PASS source_accepted_values_raw_energy_market_prices_TICKER__CL_F__BZ_F__XLE__UGA  [[32mPASS[0m in 3.03s]
[0m16:38:22.393360 [debug] [Thread-2 (]: Finished running node test.fuel_analytics.source_accepted_values_raw_energy_market_prices_TICKER__CL_F__BZ_F__XLE__UGA.401cd46daf
[0m16:38:22.393833 [debug] [Thread-2 (]: Began running node test.fuel_analytics.source_accepted_values_raw_fuel_prices_REGION__US_NATIONAL.bc8541f77d
[0m16:38:22.394241 [info ] [Thread-2 (]: 19 of 31 START test source_accepted_values_raw_fuel_prices_REGION__US_NATIONAL . [RUN]
[0m16:38:22.394761 [debug] [Thread-2 (]: Re-using an available connection from the pool (formerly test.fuel_analytics.source_accepted_values_raw_energy_market_prices_TICKER__CL_F__BZ_F__XLE__UGA.401cd46daf, now test.fuel_analytics.source_accepted_values_raw_fuel_prices_REGION__US_NATIONAL.bc8541f77d)
[0m16:38:22.395107 [debug] [Thread-2 (]: Began compiling node test.fuel_analytics.source_accepted_values_raw_fuel_prices_REGION__US_NATIONAL.bc8541f77d
[0m16:38:22.401402 [debug] [Thread-2 (]: Writing injected SQL for node "test.fuel_analytics.source_accepted_values_raw_fuel_prices_REGION__US_NATIONAL.bc8541f77d"
[0m16:38:22.403903 [debug] [Thread-2 (]: Began executing node test.fuel_analytics.source_accepted_values_raw_fuel_prices_REGION__US_NATIONAL.bc8541f77d
[0m16:38:22.406559 [debug] [Thread-2 (]: Writing runtime sql for node "test.fuel_analytics.source_accepted_values_raw_fuel_prices_REGION__US_NATIONAL.bc8541f77d"
[0m16:38:22.408041 [debug] [Thread-2 (]: Using snowflake connection "test.fuel_analytics.source_accepted_values_raw_fuel_prices_REGION__US_NATIONAL.bc8541f77d"
[0m16:38:22.408438 [debug] [Thread-2 (]: On test.fuel_analytics.source_accepted_values_raw_fuel_prices_REGION__US_NATIONAL.bc8541f77d: /* {"app": "dbt", "dbt_version": "1.11.8", "profile_name": "fuel_analytics", "target_name": "dev", "node_id": "test.fuel_analytics.source_accepted_values_raw_fuel_prices_REGION__US_NATIONAL.bc8541f77d"} */
select
      count(*) as failures,
      count(*) != 0 as should_warn,
      count(*) != 0 as should_error
    from (
      
    
  
    
    

with all_values as (

    select
        REGION as value_field,
        count(*) as n_records

    from USER_DB_FERRET.RAW.fuel_prices
    group by REGION

)

select *
from all_values
where value_field not in (
    'US_NATIONAL'
)



  
  
      
    ) dbt_internal_test
[0m16:38:22.408772 [debug] [Thread-2 (]: Opening a new connection, currently in state closed
[0m16:38:25.236719 [debug] [Thread-2 (]: SQL status: SUCCESS 1 in 2.828 seconds
[0m16:38:25.239963 [debug] [Thread-2 (]: On test.fuel_analytics.source_accepted_values_raw_fuel_prices_REGION__US_NATIONAL.bc8541f77d: Close
[0m16:38:25.457878 [info ] [Thread-2 (]: 19 of 31 PASS source_accepted_values_raw_fuel_prices_REGION__US_NATIONAL ....... [[32mPASS[0m in 3.06s]
[0m16:38:25.458887 [debug] [Thread-2 (]: Finished running node test.fuel_analytics.source_accepted_values_raw_fuel_prices_REGION__US_NATIONAL.bc8541f77d
[0m16:38:25.459406 [debug] [Thread-2 (]: Began running node test.fuel_analytics.source_accepted_values_raw_fuel_prices_SOURCE__EIA_WEEKLY.9ee4079dce
[0m16:38:25.459801 [info ] [Thread-2 (]: 20 of 31 START test source_accepted_values_raw_fuel_prices_SOURCE__EIA_WEEKLY .. [RUN]
[0m16:38:25.460368 [debug] [Thread-2 (]: Re-using an available connection from the pool (formerly test.fuel_analytics.source_accepted_values_raw_fuel_prices_REGION__US_NATIONAL.bc8541f77d, now test.fuel_analytics.source_accepted_values_raw_fuel_prices_SOURCE__EIA_WEEKLY.9ee4079dce)
[0m16:38:25.460808 [debug] [Thread-2 (]: Began compiling node test.fuel_analytics.source_accepted_values_raw_fuel_prices_SOURCE__EIA_WEEKLY.9ee4079dce
[0m16:38:25.467782 [debug] [Thread-2 (]: Writing injected SQL for node "test.fuel_analytics.source_accepted_values_raw_fuel_prices_SOURCE__EIA_WEEKLY.9ee4079dce"
[0m16:38:25.469333 [debug] [Thread-2 (]: Began executing node test.fuel_analytics.source_accepted_values_raw_fuel_prices_SOURCE__EIA_WEEKLY.9ee4079dce
[0m16:38:25.472494 [debug] [Thread-2 (]: Writing runtime sql for node "test.fuel_analytics.source_accepted_values_raw_fuel_prices_SOURCE__EIA_WEEKLY.9ee4079dce"
[0m16:38:25.474049 [debug] [Thread-2 (]: Using snowflake connection "test.fuel_analytics.source_accepted_values_raw_fuel_prices_SOURCE__EIA_WEEKLY.9ee4079dce"
[0m16:38:25.474397 [debug] [Thread-2 (]: On test.fuel_analytics.source_accepted_values_raw_fuel_prices_SOURCE__EIA_WEEKLY.9ee4079dce: /* {"app": "dbt", "dbt_version": "1.11.8", "profile_name": "fuel_analytics", "target_name": "dev", "node_id": "test.fuel_analytics.source_accepted_values_raw_fuel_prices_SOURCE__EIA_WEEKLY.9ee4079dce"} */
select
      count(*) as failures,
      count(*) != 0 as should_warn,
      count(*) != 0 as should_error
    from (
      
    
  
    
    

with all_values as (

    select
        SOURCE as value_field,
        count(*) as n_records

    from USER_DB_FERRET.RAW.fuel_prices
    group by SOURCE

)

select *
from all_values
where value_field not in (
    'EIA_WEEKLY'
)



  
  
      
    ) dbt_internal_test
[0m16:38:25.474671 [debug] [Thread-2 (]: Opening a new connection, currently in state closed
[0m16:38:26.243080 [debug] [Thread-2 (]: SQL status: SUCCESS 1 in 0.768 seconds
[0m16:38:26.246066 [debug] [Thread-2 (]: On test.fuel_analytics.source_accepted_values_raw_fuel_prices_SOURCE__EIA_WEEKLY.9ee4079dce: Close
[0m16:38:26.402004 [info ] [Thread-2 (]: 20 of 31 PASS source_accepted_values_raw_fuel_prices_SOURCE__EIA_WEEKLY ........ [[32mPASS[0m in 0.94s]
[0m16:38:26.403125 [debug] [Thread-2 (]: Finished running node test.fuel_analytics.source_accepted_values_raw_fuel_prices_SOURCE__EIA_WEEKLY.9ee4079dce
[0m16:38:26.403657 [debug] [Thread-2 (]: Began running node test.fuel_analytics.source_accepted_values_raw_regional_fuel_prices_FUEL_TYPE__REGULAR_GASOLINE.62c36508d5
[0m16:38:26.404157 [info ] [Thread-2 (]: 21 of 31 START test source_accepted_values_raw_regional_fuel_prices_FUEL_TYPE__REGULAR_GASOLINE  [RUN]
[0m16:38:26.404752 [debug] [Thread-2 (]: Re-using an available connection from the pool (formerly test.fuel_analytics.source_accepted_values_raw_fuel_prices_SOURCE__EIA_WEEKLY.9ee4079dce, now test.fuel_analytics.source_accepted_values_raw_regional_fuel_prices_FUEL_TYPE__REGULAR_GASOLINE.62c36508d5)
[0m16:38:26.405158 [debug] [Thread-2 (]: Began compiling node test.fuel_analytics.source_accepted_values_raw_regional_fuel_prices_FUEL_TYPE__REGULAR_GASOLINE.62c36508d5
[0m16:38:26.410945 [debug] [Thread-2 (]: Writing injected SQL for node "test.fuel_analytics.source_accepted_values_raw_regional_fuel_prices_FUEL_TYPE__REGULAR_GASOLINE.62c36508d5"
[0m16:38:26.412090 [debug] [Thread-2 (]: Began executing node test.fuel_analytics.source_accepted_values_raw_regional_fuel_prices_FUEL_TYPE__REGULAR_GASOLINE.62c36508d5
[0m16:38:26.414273 [debug] [Thread-2 (]: Writing runtime sql for node "test.fuel_analytics.source_accepted_values_raw_regional_fuel_prices_FUEL_TYPE__REGULAR_GASOLINE.62c36508d5"
[0m16:38:26.415881 [debug] [Thread-2 (]: Using snowflake connection "test.fuel_analytics.source_accepted_values_raw_regional_fuel_prices_FUEL_TYPE__REGULAR_GASOLINE.62c36508d5"
[0m16:38:26.416422 [debug] [Thread-2 (]: On test.fuel_analytics.source_accepted_values_raw_regional_fuel_prices_FUEL_TYPE__REGULAR_GASOLINE.62c36508d5: /* {"app": "dbt", "dbt_version": "1.11.8", "profile_name": "fuel_analytics", "target_name": "dev", "node_id": "test.fuel_analytics.source_accepted_values_raw_regional_fuel_prices_FUEL_TYPE__REGULAR_GASOLINE.62c36508d5"} */
select
      count(*) as failures,
      count(*) != 0 as should_warn,
      count(*) != 0 as should_error
    from (
      
    
  
    
    

with all_values as (

    select
        FUEL_TYPE as value_field,
        count(*) as n_records

    from USER_DB_FERRET.RAW.regional_fuel_prices
    group by FUEL_TYPE

)

select *
from all_values
where value_field not in (
    'REGULAR_GASOLINE'
)



  
  
      
    ) dbt_internal_test
[0m16:38:26.416844 [debug] [Thread-2 (]: Opening a new connection, currently in state closed
[0m16:38:27.215943 [debug] [Thread-2 (]: SQL status: SUCCESS 1 in 0.799 seconds
[0m16:38:27.220569 [debug] [Thread-2 (]: On test.fuel_analytics.source_accepted_values_raw_regional_fuel_prices_FUEL_TYPE__REGULAR_GASOLINE.62c36508d5: Close
[0m16:38:27.395754 [info ] [Thread-2 (]: 21 of 31 PASS source_accepted_values_raw_regional_fuel_prices_FUEL_TYPE__REGULAR_GASOLINE  [[32mPASS[0m in 0.99s]
[0m16:38:27.397251 [debug] [Thread-2 (]: Finished running node test.fuel_analytics.source_accepted_values_raw_regional_fuel_prices_FUEL_TYPE__REGULAR_GASOLINE.62c36508d5
[0m16:38:27.397833 [debug] [Thread-2 (]: Began running node test.fuel_analytics.source_accepted_values_raw_regional_fuel_prices_REGION__EAST_COAST__MIDWEST__GULF_COAST__ROCKY_MOUNTAIN__WEST_COAST__CALIFORNIA.5219d58b40
[0m16:38:27.398298 [info ] [Thread-2 (]: 22 of 31 START test source_accepted_values_raw_regional_fuel_prices_REGION__EAST_COAST__MIDWEST__GULF_COAST__ROCKY_MOUNTAIN__WEST_COAST__CALIFORNIA  [RUN]
[0m16:38:27.398920 [debug] [Thread-2 (]: Re-using an available connection from the pool (formerly test.fuel_analytics.source_accepted_values_raw_regional_fuel_prices_FUEL_TYPE__REGULAR_GASOLINE.62c36508d5, now test.fuel_analytics.source_accepted_values_raw_regional_fuel_prices_REGION__EAST_COAST__MIDWEST__GULF_COAST__ROCKY_MOUNTAIN__WEST_COAST__CALIFORNIA.5219d58b40)
[0m16:38:27.399322 [debug] [Thread-2 (]: Began compiling node test.fuel_analytics.source_accepted_values_raw_regional_fuel_prices_REGION__EAST_COAST__MIDWEST__GULF_COAST__ROCKY_MOUNTAIN__WEST_COAST__CALIFORNIA.5219d58b40
[0m16:38:27.408474 [debug] [Thread-2 (]: Writing injected SQL for node "test.fuel_analytics.source_accepted_values_raw_regional_fuel_prices_REGION__EAST_COAST__MIDWEST__GULF_COAST__ROCKY_MOUNTAIN__WEST_COAST__CALIFORNIA.5219d58b40"
[0m16:38:27.409573 [debug] [Thread-2 (]: Began executing node test.fuel_analytics.source_accepted_values_raw_regional_fuel_prices_REGION__EAST_COAST__MIDWEST__GULF_COAST__ROCKY_MOUNTAIN__WEST_COAST__CALIFORNIA.5219d58b40
[0m16:38:27.411879 [debug] [Thread-2 (]: Writing runtime sql for node "test.fuel_analytics.source_accepted_values_raw_regional_fuel_prices_REGION__EAST_COAST__MIDWEST__GULF_COAST__ROCKY_MOUNTAIN__WEST_COAST__CALIFORNIA.5219d58b40"
[0m16:38:27.412926 [debug] [Thread-2 (]: Using snowflake connection "test.fuel_analytics.source_accepted_values_raw_regional_fuel_prices_REGION__EAST_COAST__MIDWEST__GULF_COAST__ROCKY_MOUNTAIN__WEST_COAST__CALIFORNIA.5219d58b40"
[0m16:38:27.413237 [debug] [Thread-2 (]: On test.fuel_analytics.source_accepted_values_raw_regional_fuel_prices_REGION__EAST_COAST__MIDWEST__GULF_COAST__ROCKY_MOUNTAIN__WEST_COAST__CALIFORNIA.5219d58b40: /* {"app": "dbt", "dbt_version": "1.11.8", "profile_name": "fuel_analytics", "target_name": "dev", "node_id": "test.fuel_analytics.source_accepted_values_raw_regional_fuel_prices_REGION__EAST_COAST__MIDWEST__GULF_COAST__ROCKY_MOUNTAIN__WEST_COAST__CALIFORNIA.5219d58b40"} */
select
      count(*) as failures,
      count(*) != 0 as should_warn,
      count(*) != 0 as should_error
    from (
      
    
  
    
    

with all_values as (

    select
        REGION as value_field,
        count(*) as n_records

    from USER_DB_FERRET.RAW.regional_fuel_prices
    group by REGION

)

select *
from all_values
where value_field not in (
    'EAST_COAST','MIDWEST','GULF_COAST','ROCKY_MOUNTAIN','WEST_COAST','CALIFORNIA'
)



  
  
      
    ) dbt_internal_test
[0m16:38:27.413511 [debug] [Thread-2 (]: Opening a new connection, currently in state closed
[0m16:38:28.347721 [debug] [Thread-2 (]: SQL status: SUCCESS 1 in 0.934 seconds
[0m16:38:28.351092 [debug] [Thread-2 (]: On test.fuel_analytics.source_accepted_values_raw_regional_fuel_prices_REGION__EAST_COAST__MIDWEST__GULF_COAST__ROCKY_MOUNTAIN__WEST_COAST__CALIFORNIA.5219d58b40: Close
[0m16:38:28.564444 [info ] [Thread-2 (]: 22 of 31 PASS source_accepted_values_raw_regional_fuel_prices_REGION__EAST_COAST__MIDWEST__GULF_COAST__ROCKY_MOUNTAIN__WEST_COAST__CALIFORNIA  [[32mPASS[0m in 1.17s]
[0m16:38:28.565546 [debug] [Thread-2 (]: Finished running node test.fuel_analytics.source_accepted_values_raw_regional_fuel_prices_REGION__EAST_COAST__MIDWEST__GULF_COAST__ROCKY_MOUNTAIN__WEST_COAST__CALIFORNIA.5219d58b40
[0m16:38:28.566154 [debug] [Thread-2 (]: Began running node test.fuel_analytics.source_not_null_raw_energy_market_prices_CLOSE_PRICE.df0315335a
[0m16:38:28.566738 [info ] [Thread-2 (]: 23 of 31 START test source_not_null_raw_energy_market_prices_CLOSE_PRICE ....... [RUN]
[0m16:38:28.567355 [debug] [Thread-2 (]: Re-using an available connection from the pool (formerly test.fuel_analytics.source_accepted_values_raw_regional_fuel_prices_REGION__EAST_COAST__MIDWEST__GULF_COAST__ROCKY_MOUNTAIN__WEST_COAST__CALIFORNIA.5219d58b40, now test.fuel_analytics.source_not_null_raw_energy_market_prices_CLOSE_PRICE.df0315335a)
[0m16:38:28.567749 [debug] [Thread-2 (]: Began compiling node test.fuel_analytics.source_not_null_raw_energy_market_prices_CLOSE_PRICE.df0315335a
[0m16:38:28.573483 [debug] [Thread-2 (]: Writing injected SQL for node "test.fuel_analytics.source_not_null_raw_energy_market_prices_CLOSE_PRICE.df0315335a"
[0m16:38:28.574776 [debug] [Thread-2 (]: Began executing node test.fuel_analytics.source_not_null_raw_energy_market_prices_CLOSE_PRICE.df0315335a
[0m16:38:28.577484 [debug] [Thread-2 (]: Writing runtime sql for node "test.fuel_analytics.source_not_null_raw_energy_market_prices_CLOSE_PRICE.df0315335a"
[0m16:38:28.578946 [debug] [Thread-2 (]: Using snowflake connection "test.fuel_analytics.source_not_null_raw_energy_market_prices_CLOSE_PRICE.df0315335a"
[0m16:38:28.579437 [debug] [Thread-2 (]: On test.fuel_analytics.source_not_null_raw_energy_market_prices_CLOSE_PRICE.df0315335a: /* {"app": "dbt", "dbt_version": "1.11.8", "profile_name": "fuel_analytics", "target_name": "dev", "node_id": "test.fuel_analytics.source_not_null_raw_energy_market_prices_CLOSE_PRICE.df0315335a"} */
select
      count(*) as failures,
      count(*) != 0 as should_warn,
      count(*) != 0 as should_error
    from (
      
    
  
    
    



select CLOSE_PRICE
from USER_DB_FERRET.RAW.energy_market_prices
where CLOSE_PRICE is null



  
  
      
    ) dbt_internal_test
[0m16:38:28.579788 [debug] [Thread-2 (]: Opening a new connection, currently in state closed
[0m16:38:29.489606 [debug] [Thread-2 (]: SQL status: SUCCESS 1 in 0.910 seconds
[0m16:38:29.492975 [debug] [Thread-2 (]: On test.fuel_analytics.source_not_null_raw_energy_market_prices_CLOSE_PRICE.df0315335a: Close
[0m16:38:29.649595 [info ] [Thread-2 (]: 23 of 31 PASS source_not_null_raw_energy_market_prices_CLOSE_PRICE ............. [[32mPASS[0m in 1.08s]
[0m16:38:29.650360 [debug] [Thread-2 (]: Finished running node test.fuel_analytics.source_not_null_raw_energy_market_prices_CLOSE_PRICE.df0315335a
[0m16:38:29.650768 [debug] [Thread-2 (]: Began running node test.fuel_analytics.source_not_null_raw_energy_market_prices_TICKER.bda3993d31
[0m16:38:29.651132 [info ] [Thread-2 (]: 24 of 31 START test source_not_null_raw_energy_market_prices_TICKER ............ [RUN]
[0m16:38:29.651653 [debug] [Thread-2 (]: Re-using an available connection from the pool (formerly test.fuel_analytics.source_not_null_raw_energy_market_prices_CLOSE_PRICE.df0315335a, now test.fuel_analytics.source_not_null_raw_energy_market_prices_TICKER.bda3993d31)
[0m16:38:29.651978 [debug] [Thread-2 (]: Began compiling node test.fuel_analytics.source_not_null_raw_energy_market_prices_TICKER.bda3993d31
[0m16:38:29.655720 [debug] [Thread-2 (]: Writing injected SQL for node "test.fuel_analytics.source_not_null_raw_energy_market_prices_TICKER.bda3993d31"
[0m16:38:29.656676 [debug] [Thread-2 (]: Began executing node test.fuel_analytics.source_not_null_raw_energy_market_prices_TICKER.bda3993d31
[0m16:38:29.658904 [debug] [Thread-2 (]: Writing runtime sql for node "test.fuel_analytics.source_not_null_raw_energy_market_prices_TICKER.bda3993d31"
[0m16:38:29.660048 [debug] [Thread-2 (]: Using snowflake connection "test.fuel_analytics.source_not_null_raw_energy_market_prices_TICKER.bda3993d31"
[0m16:38:29.660453 [debug] [Thread-2 (]: On test.fuel_analytics.source_not_null_raw_energy_market_prices_TICKER.bda3993d31: /* {"app": "dbt", "dbt_version": "1.11.8", "profile_name": "fuel_analytics", "target_name": "dev", "node_id": "test.fuel_analytics.source_not_null_raw_energy_market_prices_TICKER.bda3993d31"} */
select
      count(*) as failures,
      count(*) != 0 as should_warn,
      count(*) != 0 as should_error
    from (
      
    
  
    
    



select TICKER
from USER_DB_FERRET.RAW.energy_market_prices
where TICKER is null



  
  
      
    ) dbt_internal_test
[0m16:38:29.660718 [debug] [Thread-2 (]: Opening a new connection, currently in state closed
[0m16:38:30.234335 [debug] [Thread-2 (]: SQL status: SUCCESS 1 in 0.573 seconds
[0m16:38:30.236759 [debug] [Thread-2 (]: On test.fuel_analytics.source_not_null_raw_energy_market_prices_TICKER.bda3993d31: Close
[0m16:38:30.456373 [info ] [Thread-2 (]: 24 of 31 PASS source_not_null_raw_energy_market_prices_TICKER .................. [[32mPASS[0m in 0.80s]
[0m16:38:30.457364 [debug] [Thread-2 (]: Finished running node test.fuel_analytics.source_not_null_raw_energy_market_prices_TICKER.bda3993d31
[0m16:38:30.457819 [debug] [Thread-2 (]: Began running node test.fuel_analytics.source_not_null_raw_energy_market_prices_WEEK_DATE.e031e6eb80
[0m16:38:30.458254 [info ] [Thread-2 (]: 25 of 31 START test source_not_null_raw_energy_market_prices_WEEK_DATE ......... [RUN]
[0m16:38:30.458786 [debug] [Thread-2 (]: Re-using an available connection from the pool (formerly test.fuel_analytics.source_not_null_raw_energy_market_prices_TICKER.bda3993d31, now test.fuel_analytics.source_not_null_raw_energy_market_prices_WEEK_DATE.e031e6eb80)
[0m16:38:30.459160 [debug] [Thread-2 (]: Began compiling node test.fuel_analytics.source_not_null_raw_energy_market_prices_WEEK_DATE.e031e6eb80
[0m16:38:30.464464 [debug] [Thread-2 (]: Writing injected SQL for node "test.fuel_analytics.source_not_null_raw_energy_market_prices_WEEK_DATE.e031e6eb80"
[0m16:38:30.465687 [debug] [Thread-2 (]: Began executing node test.fuel_analytics.source_not_null_raw_energy_market_prices_WEEK_DATE.e031e6eb80
[0m16:38:30.467884 [debug] [Thread-2 (]: Writing runtime sql for node "test.fuel_analytics.source_not_null_raw_energy_market_prices_WEEK_DATE.e031e6eb80"
[0m16:38:30.469007 [debug] [Thread-2 (]: Using snowflake connection "test.fuel_analytics.source_not_null_raw_energy_market_prices_WEEK_DATE.e031e6eb80"
[0m16:38:30.469288 [debug] [Thread-2 (]: On test.fuel_analytics.source_not_null_raw_energy_market_prices_WEEK_DATE.e031e6eb80: /* {"app": "dbt", "dbt_version": "1.11.8", "profile_name": "fuel_analytics", "target_name": "dev", "node_id": "test.fuel_analytics.source_not_null_raw_energy_market_prices_WEEK_DATE.e031e6eb80"} */
select
      count(*) as failures,
      count(*) != 0 as should_warn,
      count(*) != 0 as should_error
    from (
      
    
  
    
    



select WEEK_DATE
from USER_DB_FERRET.RAW.energy_market_prices
where WEEK_DATE is null



  
  
      
    ) dbt_internal_test
[0m16:38:30.469548 [debug] [Thread-2 (]: Opening a new connection, currently in state closed
[0m16:38:31.670988 [debug] [Thread-2 (]: SQL status: SUCCESS 1 in 1.201 seconds
[0m16:38:31.675412 [debug] [Thread-2 (]: On test.fuel_analytics.source_not_null_raw_energy_market_prices_WEEK_DATE.e031e6eb80: Close
[0m16:38:31.817514 [info ] [Thread-2 (]: 25 of 31 PASS source_not_null_raw_energy_market_prices_WEEK_DATE ............... [[32mPASS[0m in 1.36s]
[0m16:38:31.818329 [debug] [Thread-2 (]: Finished running node test.fuel_analytics.source_not_null_raw_energy_market_prices_WEEK_DATE.e031e6eb80
[0m16:38:31.818712 [debug] [Thread-2 (]: Began running node test.fuel_analytics.source_not_null_raw_fuel_prices_REGION.83fced813d
[0m16:38:31.819125 [info ] [Thread-2 (]: 26 of 31 START test source_not_null_raw_fuel_prices_REGION ..................... [RUN]
[0m16:38:31.819584 [debug] [Thread-2 (]: Re-using an available connection from the pool (formerly test.fuel_analytics.source_not_null_raw_energy_market_prices_WEEK_DATE.e031e6eb80, now test.fuel_analytics.source_not_null_raw_fuel_prices_REGION.83fced813d)
[0m16:38:31.819895 [debug] [Thread-2 (]: Began compiling node test.fuel_analytics.source_not_null_raw_fuel_prices_REGION.83fced813d
[0m16:38:31.823441 [debug] [Thread-2 (]: Writing injected SQL for node "test.fuel_analytics.source_not_null_raw_fuel_prices_REGION.83fced813d"
[0m16:38:31.824153 [debug] [Thread-2 (]: Began executing node test.fuel_analytics.source_not_null_raw_fuel_prices_REGION.83fced813d
[0m16:38:31.825819 [debug] [Thread-2 (]: Writing runtime sql for node "test.fuel_analytics.source_not_null_raw_fuel_prices_REGION.83fced813d"
[0m16:38:31.826805 [debug] [Thread-2 (]: Using snowflake connection "test.fuel_analytics.source_not_null_raw_fuel_prices_REGION.83fced813d"
[0m16:38:31.827117 [debug] [Thread-2 (]: On test.fuel_analytics.source_not_null_raw_fuel_prices_REGION.83fced813d: /* {"app": "dbt", "dbt_version": "1.11.8", "profile_name": "fuel_analytics", "target_name": "dev", "node_id": "test.fuel_analytics.source_not_null_raw_fuel_prices_REGION.83fced813d"} */
select
      count(*) as failures,
      count(*) != 0 as should_warn,
      count(*) != 0 as should_error
    from (
      
    
  
    
    



select REGION
from USER_DB_FERRET.RAW.fuel_prices
where REGION is null



  
  
      
    ) dbt_internal_test
[0m16:38:31.827368 [debug] [Thread-2 (]: Opening a new connection, currently in state closed
[0m16:38:32.630324 [debug] [Thread-2 (]: SQL status: SUCCESS 1 in 0.803 seconds
[0m16:38:32.633336 [debug] [Thread-2 (]: On test.fuel_analytics.source_not_null_raw_fuel_prices_REGION.83fced813d: Close
[0m16:38:32.798743 [info ] [Thread-2 (]: 26 of 31 PASS source_not_null_raw_fuel_prices_REGION ........................... [[32mPASS[0m in 0.98s]
[0m16:38:32.799757 [debug] [Thread-2 (]: Finished running node test.fuel_analytics.source_not_null_raw_fuel_prices_REGION.83fced813d
[0m16:38:32.800254 [debug] [Thread-2 (]: Began running node test.fuel_analytics.source_not_null_raw_fuel_prices_REGULAR_GASOLINE_PRICE.44dd59ebfc
[0m16:38:32.800800 [info ] [Thread-2 (]: 27 of 31 START test source_not_null_raw_fuel_prices_REGULAR_GASOLINE_PRICE ..... [RUN]
[0m16:38:32.801357 [debug] [Thread-2 (]: Re-using an available connection from the pool (formerly test.fuel_analytics.source_not_null_raw_fuel_prices_REGION.83fced813d, now test.fuel_analytics.source_not_null_raw_fuel_prices_REGULAR_GASOLINE_PRICE.44dd59ebfc)
[0m16:38:32.801785 [debug] [Thread-2 (]: Began compiling node test.fuel_analytics.source_not_null_raw_fuel_prices_REGULAR_GASOLINE_PRICE.44dd59ebfc
[0m16:38:32.807960 [debug] [Thread-2 (]: Writing injected SQL for node "test.fuel_analytics.source_not_null_raw_fuel_prices_REGULAR_GASOLINE_PRICE.44dd59ebfc"
[0m16:38:32.810372 [debug] [Thread-2 (]: Began executing node test.fuel_analytics.source_not_null_raw_fuel_prices_REGULAR_GASOLINE_PRICE.44dd59ebfc
[0m16:38:32.813428 [debug] [Thread-2 (]: Writing runtime sql for node "test.fuel_analytics.source_not_null_raw_fuel_prices_REGULAR_GASOLINE_PRICE.44dd59ebfc"
[0m16:38:32.814635 [debug] [Thread-2 (]: Using snowflake connection "test.fuel_analytics.source_not_null_raw_fuel_prices_REGULAR_GASOLINE_PRICE.44dd59ebfc"
[0m16:38:32.814949 [debug] [Thread-2 (]: On test.fuel_analytics.source_not_null_raw_fuel_prices_REGULAR_GASOLINE_PRICE.44dd59ebfc: /* {"app": "dbt", "dbt_version": "1.11.8", "profile_name": "fuel_analytics", "target_name": "dev", "node_id": "test.fuel_analytics.source_not_null_raw_fuel_prices_REGULAR_GASOLINE_PRICE.44dd59ebfc"} */
select
      count(*) as failures,
      count(*) != 0 as should_warn,
      count(*) != 0 as should_error
    from (
      
    
  
    
    



select REGULAR_GASOLINE_PRICE
from USER_DB_FERRET.RAW.fuel_prices
where REGULAR_GASOLINE_PRICE is null



  
  
      
    ) dbt_internal_test
[0m16:38:32.815226 [debug] [Thread-2 (]: Opening a new connection, currently in state closed
[0m16:38:33.596668 [debug] [Thread-2 (]: SQL status: SUCCESS 1 in 0.781 seconds
[0m16:38:33.600212 [debug] [Thread-2 (]: On test.fuel_analytics.source_not_null_raw_fuel_prices_REGULAR_GASOLINE_PRICE.44dd59ebfc: Close
[0m16:38:33.743516 [info ] [Thread-2 (]: 27 of 31 PASS source_not_null_raw_fuel_prices_REGULAR_GASOLINE_PRICE ........... [[32mPASS[0m in 0.94s]
[0m16:38:33.744478 [debug] [Thread-2 (]: Finished running node test.fuel_analytics.source_not_null_raw_fuel_prices_REGULAR_GASOLINE_PRICE.44dd59ebfc
[0m16:38:33.744919 [debug] [Thread-2 (]: Began running node test.fuel_analytics.source_not_null_raw_fuel_prices_WEEK_DATE.d5d7761b87
[0m16:38:33.745372 [info ] [Thread-2 (]: 28 of 31 START test source_not_null_raw_fuel_prices_WEEK_DATE .................. [RUN]
[0m16:38:33.745905 [debug] [Thread-2 (]: Re-using an available connection from the pool (formerly test.fuel_analytics.source_not_null_raw_fuel_prices_REGULAR_GASOLINE_PRICE.44dd59ebfc, now test.fuel_analytics.source_not_null_raw_fuel_prices_WEEK_DATE.d5d7761b87)
[0m16:38:33.746280 [debug] [Thread-2 (]: Began compiling node test.fuel_analytics.source_not_null_raw_fuel_prices_WEEK_DATE.d5d7761b87
[0m16:38:33.751570 [debug] [Thread-2 (]: Writing injected SQL for node "test.fuel_analytics.source_not_null_raw_fuel_prices_WEEK_DATE.d5d7761b87"
[0m16:38:33.752740 [debug] [Thread-2 (]: Began executing node test.fuel_analytics.source_not_null_raw_fuel_prices_WEEK_DATE.d5d7761b87
[0m16:38:33.754996 [debug] [Thread-2 (]: Writing runtime sql for node "test.fuel_analytics.source_not_null_raw_fuel_prices_WEEK_DATE.d5d7761b87"
[0m16:38:33.756615 [debug] [Thread-2 (]: Using snowflake connection "test.fuel_analytics.source_not_null_raw_fuel_prices_WEEK_DATE.d5d7761b87"
[0m16:38:33.757301 [debug] [Thread-2 (]: On test.fuel_analytics.source_not_null_raw_fuel_prices_WEEK_DATE.d5d7761b87: /* {"app": "dbt", "dbt_version": "1.11.8", "profile_name": "fuel_analytics", "target_name": "dev", "node_id": "test.fuel_analytics.source_not_null_raw_fuel_prices_WEEK_DATE.d5d7761b87"} */
select
      count(*) as failures,
      count(*) != 0 as should_warn,
      count(*) != 0 as should_error
    from (
      
    
  
    
    



select WEEK_DATE
from USER_DB_FERRET.RAW.fuel_prices
where WEEK_DATE is null



  
  
      
    ) dbt_internal_test
[0m16:38:33.757702 [debug] [Thread-2 (]: Opening a new connection, currently in state closed
[0m16:38:34.227679 [debug] [Thread-2 (]: SQL status: SUCCESS 1 in 0.470 seconds
[0m16:38:34.230235 [debug] [Thread-2 (]: On test.fuel_analytics.source_not_null_raw_fuel_prices_WEEK_DATE.d5d7761b87: Close
[0m16:38:34.369929 [info ] [Thread-2 (]: 28 of 31 PASS source_not_null_raw_fuel_prices_WEEK_DATE ........................ [[32mPASS[0m in 0.62s]
[0m16:38:34.370844 [debug] [Thread-2 (]: Finished running node test.fuel_analytics.source_not_null_raw_fuel_prices_WEEK_DATE.d5d7761b87
[0m16:38:34.371264 [debug] [Thread-2 (]: Began running node test.fuel_analytics.source_not_null_raw_regional_fuel_prices_PRICE.c255f134aa
[0m16:38:34.371631 [info ] [Thread-2 (]: 29 of 31 START test source_not_null_raw_regional_fuel_prices_PRICE ............. [RUN]
[0m16:38:34.372070 [debug] [Thread-2 (]: Re-using an available connection from the pool (formerly test.fuel_analytics.source_not_null_raw_fuel_prices_WEEK_DATE.d5d7761b87, now test.fuel_analytics.source_not_null_raw_regional_fuel_prices_PRICE.c255f134aa)
[0m16:38:34.372396 [debug] [Thread-2 (]: Began compiling node test.fuel_analytics.source_not_null_raw_regional_fuel_prices_PRICE.c255f134aa
[0m16:38:34.377832 [debug] [Thread-2 (]: Writing injected SQL for node "test.fuel_analytics.source_not_null_raw_regional_fuel_prices_PRICE.c255f134aa"
[0m16:38:34.379130 [debug] [Thread-2 (]: Began executing node test.fuel_analytics.source_not_null_raw_regional_fuel_prices_PRICE.c255f134aa
[0m16:38:34.381547 [debug] [Thread-2 (]: Writing runtime sql for node "test.fuel_analytics.source_not_null_raw_regional_fuel_prices_PRICE.c255f134aa"
[0m16:38:34.382512 [debug] [Thread-2 (]: Using snowflake connection "test.fuel_analytics.source_not_null_raw_regional_fuel_prices_PRICE.c255f134aa"
[0m16:38:34.382764 [debug] [Thread-2 (]: On test.fuel_analytics.source_not_null_raw_regional_fuel_prices_PRICE.c255f134aa: /* {"app": "dbt", "dbt_version": "1.11.8", "profile_name": "fuel_analytics", "target_name": "dev", "node_id": "test.fuel_analytics.source_not_null_raw_regional_fuel_prices_PRICE.c255f134aa"} */
select
      count(*) as failures,
      count(*) != 0 as should_warn,
      count(*) != 0 as should_error
    from (
      
    
  
    
    



select PRICE
from USER_DB_FERRET.RAW.regional_fuel_prices
where PRICE is null



  
  
      
    ) dbt_internal_test
[0m16:38:34.383003 [debug] [Thread-2 (]: Opening a new connection, currently in state closed
[0m16:38:35.049043 [debug] [Thread-2 (]: SQL status: SUCCESS 1 in 0.666 seconds
[0m16:38:35.053854 [debug] [Thread-2 (]: On test.fuel_analytics.source_not_null_raw_regional_fuel_prices_PRICE.c255f134aa: Close
[0m16:38:35.247874 [info ] [Thread-2 (]: 29 of 31 PASS source_not_null_raw_regional_fuel_prices_PRICE ................... [[32mPASS[0m in 0.88s]
[0m16:38:35.248771 [debug] [Thread-2 (]: Finished running node test.fuel_analytics.source_not_null_raw_regional_fuel_prices_PRICE.c255f134aa
[0m16:38:35.249199 [debug] [Thread-2 (]: Began running node test.fuel_analytics.source_not_null_raw_regional_fuel_prices_REGION.1af3241c77
[0m16:38:35.249636 [info ] [Thread-2 (]: 30 of 31 START test source_not_null_raw_regional_fuel_prices_REGION ............ [RUN]
[0m16:38:35.250130 [debug] [Thread-2 (]: Re-using an available connection from the pool (formerly test.fuel_analytics.source_not_null_raw_regional_fuel_prices_PRICE.c255f134aa, now test.fuel_analytics.source_not_null_raw_regional_fuel_prices_REGION.1af3241c77)
[0m16:38:35.250508 [debug] [Thread-2 (]: Began compiling node test.fuel_analytics.source_not_null_raw_regional_fuel_prices_REGION.1af3241c77
[0m16:38:35.255779 [debug] [Thread-2 (]: Writing injected SQL for node "test.fuel_analytics.source_not_null_raw_regional_fuel_prices_REGION.1af3241c77"
[0m16:38:35.257008 [debug] [Thread-2 (]: Began executing node test.fuel_analytics.source_not_null_raw_regional_fuel_prices_REGION.1af3241c77
[0m16:38:35.259429 [debug] [Thread-2 (]: Writing runtime sql for node "test.fuel_analytics.source_not_null_raw_regional_fuel_prices_REGION.1af3241c77"
[0m16:38:35.261229 [debug] [Thread-2 (]: Using snowflake connection "test.fuel_analytics.source_not_null_raw_regional_fuel_prices_REGION.1af3241c77"
[0m16:38:35.261743 [debug] [Thread-2 (]: On test.fuel_analytics.source_not_null_raw_regional_fuel_prices_REGION.1af3241c77: /* {"app": "dbt", "dbt_version": "1.11.8", "profile_name": "fuel_analytics", "target_name": "dev", "node_id": "test.fuel_analytics.source_not_null_raw_regional_fuel_prices_REGION.1af3241c77"} */
select
      count(*) as failures,
      count(*) != 0 as should_warn,
      count(*) != 0 as should_error
    from (
      
    
  
    
    



select REGION
from USER_DB_FERRET.RAW.regional_fuel_prices
where REGION is null



  
  
      
    ) dbt_internal_test
[0m16:38:35.262110 [debug] [Thread-2 (]: Opening a new connection, currently in state closed
[0m16:38:36.008437 [debug] [Thread-2 (]: SQL status: SUCCESS 1 in 0.746 seconds
[0m16:38:36.011427 [debug] [Thread-2 (]: On test.fuel_analytics.source_not_null_raw_regional_fuel_prices_REGION.1af3241c77: Close
[0m16:38:36.281515 [info ] [Thread-2 (]: 30 of 31 PASS source_not_null_raw_regional_fuel_prices_REGION .................. [[32mPASS[0m in 1.03s]
[0m16:38:36.282519 [debug] [Thread-2 (]: Finished running node test.fuel_analytics.source_not_null_raw_regional_fuel_prices_REGION.1af3241c77
[0m16:38:36.282972 [debug] [Thread-2 (]: Began running node test.fuel_analytics.source_not_null_raw_regional_fuel_prices_WEEK_DATE.8c4a10038e
[0m16:38:36.283410 [info ] [Thread-2 (]: 31 of 31 START test source_not_null_raw_regional_fuel_prices_WEEK_DATE ......... [RUN]
[0m16:38:36.284046 [debug] [Thread-2 (]: Re-using an available connection from the pool (formerly test.fuel_analytics.source_not_null_raw_regional_fuel_prices_REGION.1af3241c77, now test.fuel_analytics.source_not_null_raw_regional_fuel_prices_WEEK_DATE.8c4a10038e)
[0m16:38:36.284588 [debug] [Thread-2 (]: Began compiling node test.fuel_analytics.source_not_null_raw_regional_fuel_prices_WEEK_DATE.8c4a10038e
[0m16:38:36.290761 [debug] [Thread-2 (]: Writing injected SQL for node "test.fuel_analytics.source_not_null_raw_regional_fuel_prices_WEEK_DATE.8c4a10038e"
[0m16:38:36.292119 [debug] [Thread-2 (]: Began executing node test.fuel_analytics.source_not_null_raw_regional_fuel_prices_WEEK_DATE.8c4a10038e
[0m16:38:36.295050 [debug] [Thread-2 (]: Writing runtime sql for node "test.fuel_analytics.source_not_null_raw_regional_fuel_prices_WEEK_DATE.8c4a10038e"
[0m16:38:36.297024 [debug] [Thread-2 (]: Using snowflake connection "test.fuel_analytics.source_not_null_raw_regional_fuel_prices_WEEK_DATE.8c4a10038e"
[0m16:38:36.297485 [debug] [Thread-2 (]: On test.fuel_analytics.source_not_null_raw_regional_fuel_prices_WEEK_DATE.8c4a10038e: /* {"app": "dbt", "dbt_version": "1.11.8", "profile_name": "fuel_analytics", "target_name": "dev", "node_id": "test.fuel_analytics.source_not_null_raw_regional_fuel_prices_WEEK_DATE.8c4a10038e"} */
select
      count(*) as failures,
      count(*) != 0 as should_warn,
      count(*) != 0 as should_error
    from (
      
    
  
    
    



select WEEK_DATE
from USER_DB_FERRET.RAW.regional_fuel_prices
where WEEK_DATE is null



  
  
      
    ) dbt_internal_test
[0m16:38:36.297826 [debug] [Thread-2 (]: Opening a new connection, currently in state closed
[0m16:38:37.200674 [debug] [Thread-2 (]: SQL status: SUCCESS 1 in 0.902 seconds
[0m16:38:37.204746 [debug] [Thread-2 (]: On test.fuel_analytics.source_not_null_raw_regional_fuel_prices_WEEK_DATE.8c4a10038e: Close
[0m16:38:37.374734 [info ] [Thread-2 (]: 31 of 31 PASS source_not_null_raw_regional_fuel_prices_WEEK_DATE ............... [[32mPASS[0m in 1.09s]
[0m16:38:37.375682 [debug] [Thread-2 (]: Finished running node test.fuel_analytics.source_not_null_raw_regional_fuel_prices_WEEK_DATE.8c4a10038e
[0m16:38:37.377491 [debug] [MainThread]: Connection 'master' was properly closed.
[0m16:38:37.377881 [debug] [MainThread]: Connection 'test.fuel_analytics.source_not_null_raw_regional_fuel_prices_WEEK_DATE.8c4a10038e' was properly closed.
[0m16:38:37.378247 [info ] [MainThread]: 
[0m16:38:37.378584 [info ] [MainThread]: Finished running 31 data tests in 0 hours 0 minutes and 43.49 seconds (43.49s).
[0m16:38:37.383413 [debug] [MainThread]: Command end result
[0m16:38:37.410609 [debug] [MainThread]: Wrote artifact WritableManifest to ./target/manifest.json
[0m16:38:37.412373 [debug] [MainThread]: Wrote artifact SemanticManifest to ./target/semantic_manifest.json
[0m16:38:37.417750 [debug] [MainThread]: Wrote artifact RunExecutionResult to ./target/run_results.json
[0m16:38:37.417982 [info ] [MainThread]: 
[0m16:38:37.418322 [info ] [MainThread]: [32mCompleted successfully[0m
[0m16:38:37.418584 [info ] [MainThread]: 
[0m16:38:37.418831 [info ] [MainThread]: Done. PASS=31 WARN=0 ERROR=0 SKIP=0 NO-OP=0 TOTAL=31
[0m16:38:37.425719 [debug] [MainThread]: Resource report: {"command_name": "test", "command_success": true, "command_wall_clock_time": 45.053654, "process_in_blocks": "0", "process_kernel_time": 2.722277, "process_mem_max_rss": "273383424", "process_out_blocks": "0", "process_user_time": 6.434243}
[0m16:38:37.426129 [debug] [MainThread]: Command `dbt test` succeeded at 16:38:37.426059 after 45.05 seconds
[0m16:38:37.426402 [debug] [MainThread]: Sending event: {'category': 'dbt', 'action': 'invocation', 'label': 'end', 'context': [<snowplow_tracker.self_describing_json.SelfDescribingJson object at 0x11ebb4f50>, <snowplow_tracker.self_describing_json.SelfDescribingJson object at 0x16312f960>, <snowplow_tracker.self_describing_json.SelfDescribingJson object at 0x11eb8af10>]}
[0m16:38:37.426660 [debug] [MainThread]: Flushing usage events
[0m16:38:37.830550 [debug] [MainThread]: An error was encountered while trying to flush usage events
[0m16:39:10.950131 [debug] [MainThread]: Sending event: {'category': 'dbt', 'action': 'invocation', 'label': 'start', 'context': [<snowplow_tracker.self_describing_json.SelfDescribingJson object at 0x105dd9010>, <snowplow_tracker.self_describing_json.SelfDescribingJson object at 0x107bbf9d0>, <snowplow_tracker.self_describing_json.SelfDescribingJson object at 0x107bbfc50>]}


============================== 16:39:10.953798 | 4e291c86-34ba-491d-a77d-f4b82fab49cc ==============================
[0m16:39:10.953798 [info ] [MainThread]: Running with dbt=1.11.8
[0m16:39:10.954223 [debug] [MainThread]: running dbt with arguments {'invocation_command': 'dbt snapshot --profiles-dir . --project-dir .', 'cache_selected_only': 'False', 'log_path': 'logs', 'warn_error': 'None', 'empty': 'False', 'static_parser': 'True', 'use_colors': 'True', 'partial_parse': 'True', 'warn_error_options': 'WarnErrorOptionsV2(error=[], warn=[], silence=[])', 'indirect_selection': 'eager', 'no_print': 'None', 'log_format': 'default', 'quiet': 'False', 'send_anonymous_usage_stats': 'True', 'printer_width': '80', 'introspect': 'True', 'fail_fast': 'False', 'use_experimental_parser': 'False', 'profiles_dir': '.', 'debug': 'False', 'log_cache_events': 'False', 'version_check': 'True', 'target_path': 'None', 'write_json': 'True'}
[0m16:39:12.007469 [debug] [MainThread]: Sending event: {'category': 'dbt', 'action': 'project_id', 'label': '4e291c86-34ba-491d-a77d-f4b82fab49cc', 'context': [<snowplow_tracker.self_describing_json.SelfDescribingJson object at 0x1062ddba0>]}
[0m16:39:12.046621 [debug] [MainThread]: Sending event: {'category': 'dbt', 'action': 'adapter_info', 'label': '4e291c86-34ba-491d-a77d-f4b82fab49cc', 'context': [<snowplow_tracker.self_describing_json.SelfDescribingJson object at 0x16e5fdbf0>]}
[0m16:39:12.047813 [info ] [MainThread]: Registered adapter: snowflake=1.8.0
[0m16:39:12.130379 [debug] [MainThread]: checksum: 7d524ac048c2100769df89d592e662e060a73ca564e31bd9c2a37efdfe8d8ab6, vars: {}, profile: , target: , version: 1.11.8
[0m16:39:12.238032 [debug] [MainThread]: Partial parsing enabled: 0 files deleted, 0 files added, 0 files changed.
[0m16:39:12.238376 [debug] [MainThread]: Nothing changed, skipping partial parsing.
[0m16:39:12.238572 [debug] [MainThread]: Partial parsing enabled, no changes found, skipping parsing
[0m16:39:12.277861 [debug] [MainThread]: Sending event: {'category': 'dbt', 'action': 'load_project', 'label': '4e291c86-34ba-491d-a77d-f4b82fab49cc', 'context': [<snowplow_tracker.self_describing_json.SelfDescribingJson object at 0x16e5cdb50>]}
[0m16:39:12.354165 [debug] [MainThread]: Wrote artifact WritableManifest to ./target/manifest.json
[0m16:39:12.355818 [debug] [MainThread]: Wrote artifact SemanticManifest to ./target/semantic_manifest.json
[0m16:39:12.365660 [debug] [MainThread]: Sending event: {'category': 'dbt', 'action': 'resource_counts', 'label': '4e291c86-34ba-491d-a77d-f4b82fab49cc', 'context': [<snowplow_tracker.self_describing_json.SelfDescribingJson object at 0x16eb67980>]}
[0m16:39:12.366011 [info ] [MainThread]: Found 4 models, 1 snapshot, 31 data tests, 3 sources, 493 macros
[0m16:39:12.366251 [debug] [MainThread]: Sending event: {'category': 'dbt', 'action': 'runnable_timing', 'label': '4e291c86-34ba-491d-a77d-f4b82fab49cc', 'context': [<snowplow_tracker.self_describing_json.SelfDescribingJson object at 0x16feb2c10>]}
[0m16:39:12.367728 [info ] [MainThread]: 
[0m16:39:12.367974 [info ] [MainThread]: Concurrency: 1 threads (target='dev')
[0m16:39:12.368150 [info ] [MainThread]: 
[0m16:39:12.368472 [debug] [MainThread]: Acquiring new snowflake connection 'master'
[0m16:39:12.369043 [debug] [ThreadPool]: Acquiring new snowflake connection 'list_FUEL_ANALYTICS_DB'
[0m16:39:12.379000 [debug] [ThreadPool]: Using snowflake connection "list_FUEL_ANALYTICS_DB"
[0m16:39:12.379316 [debug] [ThreadPool]: On list_FUEL_ANALYTICS_DB: /* {"app": "dbt", "dbt_version": "1.11.8", "profile_name": "fuel_analytics", "target_name": "dev", "connection_name": "list_FUEL_ANALYTICS_DB"} */
show terse schemas in database FUEL_ANALYTICS_DB
    limit 10000
[0m16:39:12.379513 [debug] [ThreadPool]: Opening a new connection, currently in state init
[0m16:39:15.230916 [debug] [ThreadPool]: SQL status: SUCCESS 7 in 2.851 seconds
[0m16:39:15.234248 [debug] [ThreadPool]: On list_FUEL_ANALYTICS_DB: Close
[0m16:39:15.450395 [debug] [ThreadPool]: Re-using an available connection from the pool (formerly list_FUEL_ANALYTICS_DB, now list_USER_DB_FERRET_DBT_DBT)
[0m16:39:15.458127 [debug] [ThreadPool]: Using snowflake connection "list_USER_DB_FERRET_DBT_DBT"
[0m16:39:15.458453 [debug] [ThreadPool]: On list_USER_DB_FERRET_DBT_DBT: /* {"app": "dbt", "dbt_version": "1.11.8", "profile_name": "fuel_analytics", "target_name": "dev", "connection_name": "list_USER_DB_FERRET_DBT_DBT"} */
show terse objects in USER_DB_FERRET.DBT_DBT limit 10000
[0m16:39:15.458661 [debug] [ThreadPool]: Opening a new connection, currently in state closed
[0m16:39:18.299577 [debug] [ThreadPool]: SQL status: SUCCESS 8 in 2.841 seconds
[0m16:39:18.301714 [debug] [ThreadPool]: On list_USER_DB_FERRET_DBT_DBT: Close
[0m16:39:18.483435 [debug] [ThreadPool]: Re-using an available connection from the pool (formerly list_USER_DB_FERRET_DBT_DBT, now list_FUEL_ANALYTICS_DB_DBT)
[0m16:39:18.487866 [debug] [ThreadPool]: Using snowflake connection "list_FUEL_ANALYTICS_DB_DBT"
[0m16:39:18.488350 [debug] [ThreadPool]: On list_FUEL_ANALYTICS_DB_DBT: /* {"app": "dbt", "dbt_version": "1.11.8", "profile_name": "fuel_analytics", "target_name": "dev", "connection_name": "list_FUEL_ANALYTICS_DB_DBT"} */
show terse objects in FUEL_ANALYTICS_DB.DBT limit 10000
[0m16:39:18.488616 [debug] [ThreadPool]: Opening a new connection, currently in state closed
[0m16:39:19.226012 [debug] [ThreadPool]: SQL status: SUCCESS 0 in 0.737 seconds
[0m16:39:19.227923 [debug] [ThreadPool]: On list_FUEL_ANALYTICS_DB_DBT: Close
[0m16:39:19.397714 [debug] [MainThread]: Sending event: {'category': 'dbt', 'action': 'runnable_timing', 'label': '4e291c86-34ba-491d-a77d-f4b82fab49cc', 'context': [<snowplow_tracker.self_describing_json.SelfDescribingJson object at 0x1719b3ba0>]}
[0m16:39:19.402259 [debug] [Thread-2 (]: Began running node snapshot.fuel_analytics.fuel_prices_snapshot
[0m16:39:19.403020 [info ] [Thread-2 (]: 1 of 1 START snapshot FUEL_ANALYTICS_DB.DBT.fuel_prices_snapshot ............... [RUN]
[0m16:39:19.403554 [debug] [Thread-2 (]: Re-using an available connection from the pool (formerly list_FUEL_ANALYTICS_DB_DBT, now snapshot.fuel_analytics.fuel_prices_snapshot)
[0m16:39:19.403894 [debug] [Thread-2 (]: Began compiling node snapshot.fuel_analytics.fuel_prices_snapshot
[0m16:39:19.412059 [debug] [Thread-2 (]: Began executing node snapshot.fuel_analytics.fuel_prices_snapshot
[0m16:39:19.464891 [debug] [Thread-2 (]: Using snowflake connection "snapshot.fuel_analytics.fuel_prices_snapshot"
[0m16:39:19.465349 [debug] [Thread-2 (]: On snapshot.fuel_analytics.fuel_prices_snapshot: /* {"app": "dbt", "dbt_version": "1.11.8", "profile_name": "fuel_analytics", "target_name": "dev", "node_id": "snapshot.fuel_analytics.fuel_prices_snapshot"} */
/* {"app": "dbt", "dbt_version": "1.11.8", "profile_name": "fuel_analytics", "target_name": "dev", "node_id": "snapshot.fuel_analytics.fuel_prices_snapshot"} */
select * from (
        
    

    select *,
        md5(coalesce(cast(WEEK_DATE as varchar ), '')
         || '|' || coalesce(cast(REGION as varchar ), '')
         || '|' || coalesce(cast(LOAD_TS as varchar ), '')
        ) as dbt_scd_id,
        LOAD_TS as dbt_updated_at,
        LOAD_TS as dbt_valid_from,
        
  
  coalesce(nullif(LOAD_TS, LOAD_TS), null)
  as dbt_valid_to
from (
        



SELECT
    WEEK_DATE,
    REGION,
    REGULAR_GASOLINE_PRICE,
    MIDGRADE_GASOLINE_PRICE,
    PREMIUM_GASOLINE_PRICE,
    DIESEL_PRICE,
    PRICE_UNIT,
    SOURCE,
    LOAD_TS
FROM USER_DB_FERRET.RAW.fuel_prices

    ) sbq



    ) as __dbt_sbq
    where false
    limit 0
[0m16:39:19.465628 [debug] [Thread-2 (]: Opening a new connection, currently in state closed
[0m16:39:20.183645 [debug] [Thread-2 (]: SQL status: SUCCESS 0 in 0.718 seconds
[0m16:39:20.189555 [debug] [Thread-2 (]: Using snowflake connection "snapshot.fuel_analytics.fuel_prices_snapshot"
[0m16:39:20.190056 [debug] [Thread-2 (]: On snapshot.fuel_analytics.fuel_prices_snapshot: /* {"app": "dbt", "dbt_version": "1.11.8", "profile_name": "fuel_analytics", "target_name": "dev", "node_id": "snapshot.fuel_analytics.fuel_prices_snapshot"} */
/* {"app": "dbt", "dbt_version": "1.11.8", "profile_name": "fuel_analytics", "target_name": "dev", "node_id": "snapshot.fuel_analytics.fuel_prices_snapshot"} */
select * from (
        select to_timestamp_ntz(convert_timezone('UTC', current_timestamp())) as dbt_snapshot_time
    ) as __dbt_sbq
    where false
    limit 0
[0m16:39:20.309850 [debug] [Thread-2 (]: SQL status: SUCCESS 0 in 0.119 seconds
[0m16:39:20.311014 [debug] [Thread-2 (]: Writing runtime sql for node "snapshot.fuel_analytics.fuel_prices_snapshot"
[0m16:39:20.313136 [debug] [Thread-2 (]: Using snowflake connection "snapshot.fuel_analytics.fuel_prices_snapshot"
[0m16:39:20.313555 [debug] [Thread-2 (]: On snapshot.fuel_analytics.fuel_prices_snapshot: /* {"app": "dbt", "dbt_version": "1.11.8", "profile_name": "fuel_analytics", "target_name": "dev", "node_id": "snapshot.fuel_analytics.fuel_prices_snapshot"} */
create or replace transient table FUEL_ANALYTICS_DB.DBT.fuel_prices_snapshot
         as
        (
    

    select *,
        md5(coalesce(cast(WEEK_DATE as varchar ), '')
         || '|' || coalesce(cast(REGION as varchar ), '')
         || '|' || coalesce(cast(LOAD_TS as varchar ), '')
        ) as dbt_scd_id,
        LOAD_TS as dbt_updated_at,
        LOAD_TS as dbt_valid_from,
        
  
  coalesce(nullif(LOAD_TS, LOAD_TS), null)
  as dbt_valid_to
from (
        



SELECT
    WEEK_DATE,
    REGION,
    REGULAR_GASOLINE_PRICE,
    MIDGRADE_GASOLINE_PRICE,
    PREMIUM_GASOLINE_PRICE,
    DIESEL_PRICE,
    PRICE_UNIT,
    SOURCE,
    LOAD_TS
FROM USER_DB_FERRET.RAW.fuel_prices

    ) sbq



        );
[0m16:39:22.872572 [debug] [Thread-2 (]: SQL status: SUCCESS 1 in 2.558 seconds
[0m16:39:22.898788 [debug] [Thread-2 (]: On snapshot.fuel_analytics.fuel_prices_snapshot: Close
[0m16:39:23.042097 [debug] [Thread-2 (]: Sending event: {'category': 'dbt', 'action': 'run_model', 'label': '4e291c86-34ba-491d-a77d-f4b82fab49cc', 'context': [<snowplow_tracker.self_describing_json.SelfDescribingJson object at 0x171e8fb90>]}
[0m16:39:23.043459 [info ] [Thread-2 (]: 1 of 1 OK snapshotted FUEL_ANALYTICS_DB.DBT.fuel_prices_snapshot ............... [[32mSUCCESS 1[0m in 3.64s]
[0m16:39:23.044157 [debug] [Thread-2 (]: Finished running node snapshot.fuel_analytics.fuel_prices_snapshot
[0m16:39:23.045784 [debug] [MainThread]: Connection 'master' was properly closed.
[0m16:39:23.046118 [debug] [MainThread]: Connection 'snapshot.fuel_analytics.fuel_prices_snapshot' was properly closed.
[0m16:39:23.046404 [info ] [MainThread]: 
[0m16:39:23.046713 [info ] [MainThread]: Finished running 1 snapshot in 0 hours 0 minutes and 10.68 seconds (10.68s).
[0m16:39:23.047344 [debug] [MainThread]: Command end result
[0m16:39:23.072928 [debug] [MainThread]: Wrote artifact WritableManifest to ./target/manifest.json
[0m16:39:23.074462 [debug] [MainThread]: Wrote artifact SemanticManifest to ./target/semantic_manifest.json
[0m16:39:23.078622 [debug] [MainThread]: Wrote artifact RunExecutionResult to ./target/run_results.json
[0m16:39:23.078847 [info ] [MainThread]: 
[0m16:39:23.079130 [info ] [MainThread]: [32mCompleted successfully[0m
[0m16:39:23.079309 [info ] [MainThread]: 
[0m16:39:23.079517 [info ] [MainThread]: Done. PASS=1 WARN=0 ERROR=0 SKIP=0 NO-OP=0 TOTAL=1
[0m16:39:23.086190 [debug] [MainThread]: Resource report: {"command_name": "snapshot", "command_success": true, "command_wall_clock_time": 12.184898, "process_in_blocks": "0", "process_kernel_time": 2.748195, "process_mem_max_rss": "270843904", "process_out_blocks": "0", "process_user_time": 3.433641}
[0m16:39:23.086533 [debug] [MainThread]: Command `dbt snapshot` succeeded at 16:39:23.086474 after 12.19 seconds
[0m16:39:23.086810 [debug] [MainThread]: Sending event: {'category': 'dbt', 'action': 'invocation', 'label': 'end', 'context': [<snowplow_tracker.self_describing_json.SelfDescribingJson object at 0x17229b490>, <snowplow_tracker.self_describing_json.SelfDescribingJson object at 0x17224fa70>, <snowplow_tracker.self_describing_json.SelfDescribingJson object at 0x17224ec10>]}
[0m16:39:23.087052 [debug] [MainThread]: Flushing usage events
[0m16:39:23.508418 [debug] [MainThread]: An error was encountered while trying to flush usage events
[0m16:43:15.420914 [debug] [MainThread]: Sending event: {'category': 'dbt', 'action': 'invocation', 'label': 'start', 'context': [<snowplow_tracker.self_describing_json.SelfDescribingJson object at 0x118495010>, <snowplow_tracker.self_describing_json.SelfDescribingJson object at 0x11a3bbd90>, <snowplow_tracker.self_describing_json.SelfDescribingJson object at 0x11a3bbc50>]}


============================== 16:43:15.426197 | b0ea81a9-2f67-4c5f-92b2-7b12ecc5cf0c ==============================
[0m16:43:15.426197 [info ] [MainThread]: Running with dbt=1.11.8
[0m16:43:15.426690 [debug] [MainThread]: running dbt with arguments {'quiet': 'False', 'log_format': 'default', 'log_cache_events': 'False', 'no_print': 'None', 'partial_parse': 'True', 'fail_fast': 'False', 'log_path': 'logs', 'debug': 'False', 'use_experimental_parser': 'False', 'send_anonymous_usage_stats': 'True', 'target_path': 'None', 'static_parser': 'True', 'write_json': 'True', 'version_check': 'True', 'profiles_dir': '.', 'indirect_selection': 'eager', 'introspect': 'True', 'printer_width': '80', 'cache_selected_only': 'False', 'invocation_command': 'dbt debug --profiles-dir . --project-dir .', 'warn_error': 'None', 'warn_error_options': 'WarnErrorOptionsV2(error=[], warn=[], silence=[])', 'empty': 'None', 'use_colors': 'True'}
[0m16:43:15.439260 [info ] [MainThread]: dbt version: 1.11.8
[0m16:43:15.439608 [info ] [MainThread]: python version: 3.13.9
[0m16:43:15.439792 [info ] [MainThread]: python path: /opt/anaconda3/bin/python
[0m16:43:15.439956 [info ] [MainThread]: os info: macOS-26.4.1-arm64-arm-64bit-Mach-O
[0m16:43:16.872083 [info ] [MainThread]: Using profiles dir at .
[0m16:43:16.872642 [info ] [MainThread]: Using profiles.yml file at ./profiles.yml
[0m16:43:16.873003 [info ] [MainThread]: Using dbt_project.yml file at ./dbt_project.yml
[0m16:43:16.873696 [info ] [MainThread]: adapter type: snowflake
[0m16:43:16.873892 [info ] [MainThread]: adapter version: 1.8.0
[0m16:43:16.947735 [info ] [MainThread]: Configuration:
[0m16:43:16.948165 [info ] [MainThread]:   profiles.yml file [[32mOK found and valid[0m]
[0m16:43:16.948380 [info ] [MainThread]:   dbt_project.yml file [[32mOK found and valid[0m]
[0m16:43:16.948561 [info ] [MainThread]: Required dependencies:
[0m16:43:16.948891 [debug] [MainThread]: Executing "git --help"
[0m16:43:16.971381 [debug] [MainThread]: STDOUT: "b"usage: git [-v | --version] [-h | --help] [-C <path>] [-c <name>=<value>]\n           [--exec-path[=<path>]] [--html-path] [--man-path] [--info-path]\n           [-p | --paginate | -P | --no-pager] [--no-replace-objects] [--no-lazy-fetch]\n           [--no-optional-locks] [--no-advice] [--bare] [--git-dir=<path>]\n           [--work-tree=<path>] [--namespace=<name>] [--config-env=<name>=<envvar>]\n           <command> [<args>]\n\nThese are common Git commands used in various situations:\n\nstart a working area (see also: git help tutorial)\n   clone      Clone a repository into a new directory\n   init       Create an empty Git repository or reinitialize an existing one\n\nwork on the current change (see also: git help everyday)\n   add        Add file contents to the index\n   mv         Move or rename a file, a directory, or a symlink\n   restore    Restore working tree files\n   rm         Remove files from the working tree and from the index\n\nexamine the history and state (see also: git help revisions)\n   bisect     Use binary search to find the commit that introduced a bug\n   diff       Show changes between commits, commit and working tree, etc\n   grep       Print lines matching a pattern\n   log        Show commit logs\n   show       Show various types of objects\n   status     Show the working tree status\n\ngrow, mark and tweak your common history\n   backfill   Download missing objects in a partial clone\n   branch     List, create, or delete branches\n   commit     Record changes to the repository\n   merge      Join two or more development histories together\n   rebase     Reapply commits on top of another base tip\n   reset      Reset current HEAD to the specified state\n   switch     Switch branches\n   tag        Create, list, delete or verify a tag object signed with GPG\n\ncollaborate (see also: git help workflows)\n   fetch      Download objects and refs from another repository\n   pull       Fetch from and integrate with another repository or a local branch\n   push       Update remote refs along with associated objects\n\n'git help -a' and 'git help -g' list available subcommands and some\nconcept guides. See 'git help <command>' or 'git help <concept>'\nto read about a specific subcommand or concept.\nSee 'git help git' for an overview of the system.\n""
[0m16:43:16.972433 [debug] [MainThread]: STDERR: "b''"
[0m16:43:16.972779 [info ] [MainThread]:  - git [[32mOK found[0m]

[0m16:43:16.973042 [info ] [MainThread]: Connection:
[0m16:43:16.973282 [info ] [MainThread]:   account: SFEDU02-EAB27764
[0m16:43:16.973455 [info ] [MainThread]:   user: FERRET
[0m16:43:16.973616 [info ] [MainThread]:   database: USER_DB_FERRET
[0m16:43:16.973765 [info ] [MainThread]:   warehouse: FERRET_QUERY_WH
[0m16:43:16.973918 [info ] [MainThread]:   role: TRAINING_ROLE
[0m16:43:16.974067 [info ] [MainThread]:   schema: DBT
[0m16:43:16.974221 [info ] [MainThread]:   authenticator: None
[0m16:43:16.974391 [info ] [MainThread]:   oauth_client_id: None
[0m16:43:16.974533 [info ] [MainThread]:   query_tag: None
[0m16:43:16.974698 [info ] [MainThread]:   client_session_keep_alive: False
[0m16:43:16.974844 [info ] [MainThread]:   host: None
[0m16:43:16.974987 [info ] [MainThread]:   port: None
[0m16:43:16.975130 [info ] [MainThread]:   proxy_host: None
[0m16:43:16.975275 [info ] [MainThread]:   proxy_port: None
[0m16:43:16.975422 [info ] [MainThread]:   protocol: None
[0m16:43:16.975560 [info ] [MainThread]:   connect_retries: 1
[0m16:43:16.975700 [info ] [MainThread]:   connect_timeout: None
[0m16:43:16.975836 [info ] [MainThread]:   retry_on_database_errors: False
[0m16:43:16.975981 [info ] [MainThread]:   retry_all: False
[0m16:43:16.976121 [info ] [MainThread]:   insecure_mode: False
[0m16:43:16.976267 [info ] [MainThread]:   reuse_connections: None
[0m16:43:16.976784 [info ] [MainThread]: Registered adapter: snowflake=1.8.0
[0m16:43:17.053556 [debug] [MainThread]: Acquiring new snowflake connection 'debug'
[0m16:43:17.054533 [debug] [MainThread]: Using snowflake connection "debug"
[0m16:43:17.054772 [debug] [MainThread]: On debug: select 1 as id
[0m16:43:17.054999 [debug] [MainThread]: Opening a new connection, currently in state init
[0m16:43:19.951680 [debug] [MainThread]: SQL status: SUCCESS 1 in 2.896 seconds
[0m16:43:19.953502 [debug] [MainThread]: On debug: Close
[0m16:43:20.083056 [info ] [MainThread]:   Connection test: [[32mOK connection ok[0m]

[0m16:43:20.083882 [info ] [MainThread]: [32mAll checks passed![0m
[0m16:43:20.094990 [debug] [MainThread]: Resource report: {"command_name": "debug", "command_success": true, "command_wall_clock_time": 4.7305336, "process_in_blocks": "0", "process_kernel_time": 2.505011, "process_mem_max_rss": "240680960", "process_out_blocks": "0", "process_user_time": 3.011074}
[0m16:43:20.095841 [debug] [MainThread]: Command `dbt debug` succeeded at 16:43:20.095684 after 4.73 seconds
[0m16:43:20.096380 [debug] [MainThread]: Connection 'debug' was properly closed.
[0m16:43:20.096866 [debug] [MainThread]: Sending event: {'category': 'dbt', 'action': 'invocation', 'label': 'end', 'context': [<snowplow_tracker.self_describing_json.SelfDescribingJson object at 0x14f80f490>, <snowplow_tracker.self_describing_json.SelfDescribingJson object at 0x14f90e8d0>, <snowplow_tracker.self_describing_json.SelfDescribingJson object at 0x14ccfa9c0>]}
[0m16:43:20.097364 [debug] [MainThread]: Flushing usage events
[0m16:43:20.540055 [debug] [MainThread]: An error was encountered while trying to flush usage events
[0m16:43:27.321398 [debug] [MainThread]: Sending event: {'category': 'dbt', 'action': 'invocation', 'label': 'start', 'context': [<snowplow_tracker.self_describing_json.SelfDescribingJson object at 0x1099dd010>, <snowplow_tracker.self_describing_json.SelfDescribingJson object at 0x10b0b79d0>, <snowplow_tracker.self_describing_json.SelfDescribingJson object at 0x10b0b7c50>]}


============================== 16:43:27.325032 | 8f28af33-177d-40ae-89b6-2a1bf04338ec ==============================
[0m16:43:27.325032 [info ] [MainThread]: Running with dbt=1.11.8
[0m16:43:27.325461 [debug] [MainThread]: running dbt with arguments {'use_colors': 'True', 'send_anonymous_usage_stats': 'True', 'cache_selected_only': 'False', 'empty': 'False', 'quiet': 'False', 'static_parser': 'True', 'invocation_command': 'dbt run --profiles-dir . --project-dir .', 'version_check': 'True', 'profiles_dir': '.', 'log_path': 'logs', 'log_format': 'default', 'no_print': 'None', 'fail_fast': 'False', 'target_path': 'None', 'partial_parse': 'True', 'use_experimental_parser': 'False', 'introspect': 'True', 'warn_error': 'None', 'printer_width': '80', 'write_json': 'True', 'log_cache_events': 'False', 'debug': 'False', 'indirect_selection': 'eager', 'warn_error_options': 'WarnErrorOptionsV2(error=[], warn=[], silence=[])'}
[0m16:43:28.358017 [debug] [MainThread]: Sending event: {'category': 'dbt', 'action': 'project_id', 'label': '8f28af33-177d-40ae-89b6-2a1bf04338ec', 'context': [<snowplow_tracker.self_describing_json.SelfDescribingJson object at 0x109fd9ba0>]}
[0m16:43:28.396957 [debug] [MainThread]: Sending event: {'category': 'dbt', 'action': 'adapter_info', 'label': '8f28af33-177d-40ae-89b6-2a1bf04338ec', 'context': [<snowplow_tracker.self_describing_json.SelfDescribingJson object at 0x16c6f9bf0>]}
[0m16:43:28.397711 [info ] [MainThread]: Registered adapter: snowflake=1.8.0
[0m16:43:28.475374 [debug] [MainThread]: checksum: 7d524ac048c2100769df89d592e662e060a73ca564e31bd9c2a37efdfe8d8ab6, vars: {}, profile: , target: , version: 1.11.8
[0m16:43:28.586194 [debug] [MainThread]: Partial parsing enabled: 0 files deleted, 0 files added, 0 files changed.
[0m16:43:28.586531 [debug] [MainThread]: Nothing changed, skipping partial parsing.
[0m16:43:28.586719 [debug] [MainThread]: Partial parsing enabled, no changes found, skipping parsing
[0m16:43:28.625007 [debug] [MainThread]: Sending event: {'category': 'dbt', 'action': 'load_project', 'label': '8f28af33-177d-40ae-89b6-2a1bf04338ec', 'context': [<snowplow_tracker.self_describing_json.SelfDescribingJson object at 0x16c6cdb50>]}
[0m16:43:28.700058 [debug] [MainThread]: Wrote artifact WritableManifest to ./target/manifest.json
[0m16:43:28.702220 [debug] [MainThread]: Wrote artifact SemanticManifest to ./target/semantic_manifest.json
[0m16:43:28.712094 [debug] [MainThread]: Sending event: {'category': 'dbt', 'action': 'resource_counts', 'label': '8f28af33-177d-40ae-89b6-2a1bf04338ec', 'context': [<snowplow_tracker.self_describing_json.SelfDescribingJson object at 0x109a11c70>]}
[0m16:43:28.712444 [info ] [MainThread]: Found 4 models, 1 snapshot, 31 data tests, 3 sources, 493 macros
[0m16:43:28.712672 [debug] [MainThread]: Sending event: {'category': 'dbt', 'action': 'runnable_timing', 'label': '8f28af33-177d-40ae-89b6-2a1bf04338ec', 'context': [<snowplow_tracker.self_describing_json.SelfDescribingJson object at 0x16ff1acf0>]}
[0m16:43:28.714294 [info ] [MainThread]: 
[0m16:43:28.714531 [info ] [MainThread]: Concurrency: 1 threads (target='dev')
[0m16:43:28.714707 [info ] [MainThread]: 
[0m16:43:28.715034 [debug] [MainThread]: Acquiring new snowflake connection 'master'
[0m16:43:28.717910 [debug] [ThreadPool]: Acquiring new snowflake connection 'list_USER_DB_FERRET'
[0m16:43:28.727916 [debug] [ThreadPool]: Using snowflake connection "list_USER_DB_FERRET"
[0m16:43:28.728222 [debug] [ThreadPool]: On list_USER_DB_FERRET: /* {"app": "dbt", "dbt_version": "1.11.8", "profile_name": "fuel_analytics", "target_name": "dev", "connection_name": "list_USER_DB_FERRET"} */
show terse schemas in database USER_DB_FERRET
    limit 10000
[0m16:43:28.728410 [debug] [ThreadPool]: Opening a new connection, currently in state init
[0m16:43:29.493779 [debug] [ThreadPool]: SQL status: SUCCESS 9 in 0.765 seconds
[0m16:43:29.497162 [debug] [ThreadPool]: On list_USER_DB_FERRET: Close
[0m16:43:29.645756 [debug] [ThreadPool]: Re-using an available connection from the pool (formerly list_USER_DB_FERRET, now list_FUEL_ANALYTICS_DB_DBT)
[0m16:43:29.657727 [debug] [ThreadPool]: Using snowflake connection "list_FUEL_ANALYTICS_DB_DBT"
[0m16:43:29.658204 [debug] [ThreadPool]: On list_FUEL_ANALYTICS_DB_DBT: /* {"app": "dbt", "dbt_version": "1.11.8", "profile_name": "fuel_analytics", "target_name": "dev", "connection_name": "list_FUEL_ANALYTICS_DB_DBT"} */
show terse objects in FUEL_ANALYTICS_DB.DBT limit 10000
[0m16:43:29.658471 [debug] [ThreadPool]: Opening a new connection, currently in state closed
[0m16:43:30.994368 [debug] [ThreadPool]: SQL status: SUCCESS 1 in 1.336 seconds
[0m16:43:30.997452 [debug] [ThreadPool]: On list_FUEL_ANALYTICS_DB_DBT: Close
[0m16:43:31.152273 [debug] [ThreadPool]: Re-using an available connection from the pool (formerly list_FUEL_ANALYTICS_DB_DBT, now list_USER_DB_FERRET_DBT_DBT)
[0m16:43:31.154660 [debug] [ThreadPool]: Using snowflake connection "list_USER_DB_FERRET_DBT_DBT"
[0m16:43:31.155028 [debug] [ThreadPool]: On list_USER_DB_FERRET_DBT_DBT: /* {"app": "dbt", "dbt_version": "1.11.8", "profile_name": "fuel_analytics", "target_name": "dev", "connection_name": "list_USER_DB_FERRET_DBT_DBT"} */
show terse objects in USER_DB_FERRET.DBT_DBT limit 10000
[0m16:43:31.155290 [debug] [ThreadPool]: Opening a new connection, currently in state closed
[0m16:43:33.141963 [debug] [ThreadPool]: SQL status: SUCCESS 8 in 1.986 seconds
[0m16:43:33.145053 [debug] [ThreadPool]: On list_USER_DB_FERRET_DBT_DBT: Close
[0m16:43:33.429867 [debug] [MainThread]: Sending event: {'category': 'dbt', 'action': 'runnable_timing', 'label': '8f28af33-177d-40ae-89b6-2a1bf04338ec', 'context': [<snowplow_tracker.self_describing_json.SelfDescribingJson object at 0x177b56750>]}
[0m16:43:33.432628 [debug] [Thread-2 (]: Began running node model.fuel_analytics.crude_correlation
[0m16:43:33.433116 [info ] [Thread-2 (]: 1 of 4 START sql table model DBT_DBT.crude_correlation ......................... [RUN]
[0m16:43:33.433485 [debug] [Thread-2 (]: Re-using an available connection from the pool (formerly list_USER_DB_FERRET_DBT_DBT, now model.fuel_analytics.crude_correlation)
[0m16:43:33.433738 [debug] [Thread-2 (]: Began compiling node model.fuel_analytics.crude_correlation
[0m16:43:33.443169 [debug] [Thread-2 (]: Writing injected SQL for node "model.fuel_analytics.crude_correlation"
[0m16:43:33.444412 [debug] [Thread-2 (]: Began executing node model.fuel_analytics.crude_correlation
[0m16:43:33.470097 [debug] [Thread-2 (]: Writing runtime sql for node "model.fuel_analytics.crude_correlation"
[0m16:43:33.472328 [debug] [Thread-2 (]: Using snowflake connection "model.fuel_analytics.crude_correlation"
[0m16:43:33.472795 [debug] [Thread-2 (]: On model.fuel_analytics.crude_correlation: /* {"app": "dbt", "dbt_version": "1.11.8", "profile_name": "fuel_analytics", "target_name": "dev", "node_id": "model.fuel_analytics.crude_correlation"} */
create or replace transient table USER_DB_FERRET.DBT_DBT.crude_correlation
         as
        (-- models/crude_correlation.sql
-- ================================================
-- PURPOSE:
--   Joins retail gasoline prices (EIA) with
--   crude oil futures prices (yfinance CL=F).
--   Shows how crude oil prices feed through to
--   the pump with a 2-week lag.
--
-- SOURCE TABLES:
--   USER_DB_FERRET.RAW.FUEL_PRICES           (EIA)
--   USER_DB_FERRET.RAW.ENERGY_MARKET_PRICES  (yfinance)
-- OUTPUT TABLE:
--   USER_DB_FERRET.DBT.CRUDE_CORRELATION
-- ================================================



WITH fuel AS (
    SELECT
        WEEK_DATE,
        REGULAR_GASOLINE_PRICE,
        DIESEL_PRICE
    FROM USER_DB_FERRET.RAW.fuel_prices
    WHERE REGION = 'US_NATIONAL'
      AND REGULAR_GASOLINE_PRICE IS NOT NULL
),

-- Pull only WTI Crude Oil (CL=F) from energy market table
crude AS (
    SELECT
        WEEK_DATE,
        CLOSE_PRICE                          AS CRUDE_CLOSE_USD_BBL,
        -- Convert $/barrel to $/gallon (1 barrel = 42 gallons)
        ROUND(CLOSE_PRICE / 42.0, 4)         AS CRUDE_USD_PER_GALLON
    FROM USER_DB_FERRET.RAW.energy_market_prices
    WHERE TICKER = 'CL=F'
      AND CLOSE_PRICE IS NOT NULL
),

-- Add a 2-week lag on crude price (typical refinery processing time)
crude_lagged AS (
    SELECT
        WEEK_DATE,
        CRUDE_CLOSE_USD_BBL,
        CRUDE_USD_PER_GALLON,
        LAG(CRUDE_CLOSE_USD_BBL,   2) OVER (ORDER BY WEEK_DATE) AS CRUDE_LAG2_BBL,
        LAG(CRUDE_USD_PER_GALLON,  2) OVER (ORDER BY WEEK_DATE) AS CRUDE_LAG2_GAL
    FROM crude
)

SELECT
    f.WEEK_DATE,
    f.REGULAR_GASOLINE_PRICE,
    f.DIESEL_PRICE,
    c.CRUDE_CLOSE_USD_BBL,
    c.CRUDE_USD_PER_GALLON,
    c.CRUDE_LAG2_BBL,
    c.CRUDE_LAG2_GAL,

    -- Pump-to-crude margin (retail price minus crude cost per gallon)
    ROUND(
        f.REGULAR_GASOLINE_PRICE
        - COALESCE(c.CRUDE_LAG2_GAL, c.CRUDE_USD_PER_GALLON),
        4
    ) AS PUMP_TO_CRUDE_MARGIN,

    -- Margin category
    CASE
        WHEN ROUND(f.REGULAR_GASOLINE_PRICE
             - COALESCE(c.CRUDE_LAG2_GAL, c.CRUDE_USD_PER_GALLON), 4) > 1.50
        THEN 'Wide Margin'
        WHEN ROUND(f.REGULAR_GASOLINE_PRICE
             - COALESCE(c.CRUDE_LAG2_GAL, c.CRUDE_USD_PER_GALLON), 4) > 0.80
        THEN 'Normal Margin'
        ELSE 'Tight Margin'
    END AS MARGIN_CATEGORY

FROM fuel f
LEFT JOIN crude_lagged c ON f.WEEK_DATE = c.WEEK_DATE
ORDER BY f.WEEK_DATE
        );
[0m16:43:33.473165 [debug] [Thread-2 (]: Opening a new connection, currently in state closed
[0m16:43:36.214767 [debug] [Thread-2 (]: SQL status: SUCCESS 1 in 2.741 seconds
[0m16:43:36.238972 [debug] [Thread-2 (]: On model.fuel_analytics.crude_correlation: Close
[0m16:43:36.813191 [debug] [Thread-2 (]: Sending event: {'category': 'dbt', 'action': 'run_model', 'label': '8f28af33-177d-40ae-89b6-2a1bf04338ec', 'context': [<snowplow_tracker.self_describing_json.SelfDescribingJson object at 0x177ebc4d0>]}
[0m16:43:36.814509 [info ] [Thread-2 (]: 1 of 4 OK created sql table model DBT_DBT.crude_correlation .................... [[32mSUCCESS 1[0m in 3.38s]
[0m16:43:36.815190 [debug] [Thread-2 (]: Finished running node model.fuel_analytics.crude_correlation
[0m16:43:36.815646 [debug] [Thread-2 (]: Began running node model.fuel_analytics.price_moving_avg
[0m16:43:36.816237 [info ] [Thread-2 (]: 2 of 4 START sql table model DBT_DBT.price_moving_avg .......................... [RUN]
[0m16:43:36.816784 [debug] [Thread-2 (]: Re-using an available connection from the pool (formerly model.fuel_analytics.crude_correlation, now model.fuel_analytics.price_moving_avg)
[0m16:43:36.817147 [debug] [Thread-2 (]: Began compiling node model.fuel_analytics.price_moving_avg
[0m16:43:36.821453 [debug] [Thread-2 (]: Writing injected SQL for node "model.fuel_analytics.price_moving_avg"
[0m16:43:36.823321 [debug] [Thread-2 (]: Began executing node model.fuel_analytics.price_moving_avg
[0m16:43:36.827691 [debug] [Thread-2 (]: Writing runtime sql for node "model.fuel_analytics.price_moving_avg"
[0m16:43:36.830838 [debug] [Thread-2 (]: Using snowflake connection "model.fuel_analytics.price_moving_avg"
[0m16:43:36.831333 [debug] [Thread-2 (]: On model.fuel_analytics.price_moving_avg: /* {"app": "dbt", "dbt_version": "1.11.8", "profile_name": "fuel_analytics", "target_name": "dev", "node_id": "model.fuel_analytics.price_moving_avg"} */
create or replace transient table USER_DB_FERRET.DBT_DBT.price_moving_avg
         as
        (-- models/price_moving_avg.sql
-- ================================================
-- PURPOSE:
--   Computes 4-week, 12-week, and 52-week rolling
--   average prices for regular gasoline and diesel.
--   Also calculates premium and diesel spreads.
--
-- SOURCE TABLE: USER_DB_FERRET.RAW.FUEL_PRICES
-- OUTPUT TABLE: USER_DB_FERRET.DBT.PRICE_MOVING_AVG
-- ================================================



WITH base AS (
    SELECT
        WEEK_DATE,
        REGION,
        REGULAR_GASOLINE_PRICE,
        MIDGRADE_GASOLINE_PRICE,
        PREMIUM_GASOLINE_PRICE,
        DIESEL_PRICE
    FROM USER_DB_FERRET.RAW.fuel_prices
    WHERE REGULAR_GASOLINE_PRICE IS NOT NULL
      AND REGION = 'US_NATIONAL'
)

SELECT
    WEEK_DATE,
    REGION,
    REGULAR_GASOLINE_PRICE,
    MIDGRADE_GASOLINE_PRICE,
    PREMIUM_GASOLINE_PRICE,
    DIESEL_PRICE,

    -- 4-week rolling averages (~1 month)
    ROUND(AVG(REGULAR_GASOLINE_PRICE) OVER (
        PARTITION BY REGION ORDER BY WEEK_DATE
        ROWS BETWEEN 3 PRECEDING AND CURRENT ROW
    ), 4) AS REGULAR_4WK_AVG,

    ROUND(AVG(DIESEL_PRICE) OVER (
        PARTITION BY REGION ORDER BY WEEK_DATE
        ROWS BETWEEN 3 PRECEDING AND CURRENT ROW
    ), 4) AS DIESEL_4WK_AVG,

    -- 12-week rolling averages (~3 months)
    ROUND(AVG(REGULAR_GASOLINE_PRICE) OVER (
        PARTITION BY REGION ORDER BY WEEK_DATE
        ROWS BETWEEN 11 PRECEDING AND CURRENT ROW
    ), 4) AS REGULAR_12WK_AVG,

    ROUND(AVG(DIESEL_PRICE) OVER (
        PARTITION BY REGION ORDER BY WEEK_DATE
        ROWS BETWEEN 11 PRECEDING AND CURRENT ROW
    ), 4) AS DIESEL_12WK_AVG,

    -- 52-week rolling averages (~1 year)
    ROUND(AVG(REGULAR_GASOLINE_PRICE) OVER (
        PARTITION BY REGION ORDER BY WEEK_DATE
        ROWS BETWEEN 51 PRECEDING AND CURRENT ROW
    ), 4) AS REGULAR_52WK_AVG,

    ROUND(AVG(DIESEL_PRICE) OVER (
        PARTITION BY REGION ORDER BY WEEK_DATE
        ROWS BETWEEN 51 PRECEDING AND CURRENT ROW
    ), 4) AS DIESEL_52WK_AVG,

    -- Price spreads
    ROUND(PREMIUM_GASOLINE_PRICE - REGULAR_GASOLINE_PRICE, 4) AS PREMIUM_SPREAD,
    ROUND(DIESEL_PRICE           - REGULAR_GASOLINE_PRICE, 4) AS DIESEL_SPREAD

FROM base
ORDER BY WEEK_DATE
        );
[0m16:43:36.831675 [debug] [Thread-2 (]: Opening a new connection, currently in state closed
[0m16:43:38.653145 [debug] [Thread-2 (]: SQL status: SUCCESS 1 in 1.821 seconds
[0m16:43:38.655150 [debug] [Thread-2 (]: On model.fuel_analytics.price_moving_avg: Close
[0m16:43:38.820111 [debug] [Thread-2 (]: Sending event: {'category': 'dbt', 'action': 'run_model', 'label': '8f28af33-177d-40ae-89b6-2a1bf04338ec', 'context': [<snowplow_tracker.self_describing_json.SelfDescribingJson object at 0x173a9fc20>]}
[0m16:43:38.820896 [info ] [Thread-2 (]: 2 of 4 OK created sql table model DBT_DBT.price_moving_avg ..................... [[32mSUCCESS 1[0m in 2.00s]
[0m16:43:38.821331 [debug] [Thread-2 (]: Finished running node model.fuel_analytics.price_moving_avg
[0m16:43:38.821624 [debug] [Thread-2 (]: Began running node model.fuel_analytics.price_volatility
[0m16:43:38.822032 [info ] [Thread-2 (]: 3 of 4 START sql table model DBT_DBT.price_volatility .......................... [RUN]
[0m16:43:38.822427 [debug] [Thread-2 (]: Re-using an available connection from the pool (formerly model.fuel_analytics.price_moving_avg, now model.fuel_analytics.price_volatility)
[0m16:43:38.822683 [debug] [Thread-2 (]: Began compiling node model.fuel_analytics.price_volatility
[0m16:43:38.825359 [debug] [Thread-2 (]: Writing injected SQL for node "model.fuel_analytics.price_volatility"
[0m16:43:38.826165 [debug] [Thread-2 (]: Began executing node model.fuel_analytics.price_volatility
[0m16:43:38.828011 [debug] [Thread-2 (]: Writing runtime sql for node "model.fuel_analytics.price_volatility"
[0m16:43:38.829795 [debug] [Thread-2 (]: Using snowflake connection "model.fuel_analytics.price_volatility"
[0m16:43:38.830223 [debug] [Thread-2 (]: On model.fuel_analytics.price_volatility: /* {"app": "dbt", "dbt_version": "1.11.8", "profile_name": "fuel_analytics", "target_name": "dev", "node_id": "model.fuel_analytics.price_volatility"} */
create or replace transient table USER_DB_FERRET.DBT_DBT.price_volatility
         as
        (-- models/price_volatility.sql
-- ================================================
-- PURPOSE:
--   Week-over-week price changes, % changes,
--   rolling standard deviation, price direction
--   and volatility labels.
--
-- SOURCE TABLE: USER_DB_FERRET.RAW.FUEL_PRICES
-- OUTPUT TABLE: USER_DB_FERRET.DBT.PRICE_VOLATILITY
-- ================================================



WITH base AS (
    SELECT
        WEEK_DATE,
        REGION,
        REGULAR_GASOLINE_PRICE,
        DIESEL_PRICE,
        LAG(REGULAR_GASOLINE_PRICE) OVER (
            PARTITION BY REGION ORDER BY WEEK_DATE
        ) AS PREV_WEEK_REGULAR,
        LAG(DIESEL_PRICE) OVER (
            PARTITION BY REGION ORDER BY WEEK_DATE
        ) AS PREV_WEEK_DIESEL
    FROM USER_DB_FERRET.RAW.fuel_prices
    WHERE REGULAR_GASOLINE_PRICE IS NOT NULL
      AND REGION = 'US_NATIONAL'
),

with_changes AS (
    SELECT
        WEEK_DATE,
        REGION,
        REGULAR_GASOLINE_PRICE,
        DIESEL_PRICE,

        -- Dollar change week over week
        ROUND(REGULAR_GASOLINE_PRICE - PREV_WEEK_REGULAR, 4) AS REGULAR_WOW_CHANGE,
        ROUND(DIESEL_PRICE           - PREV_WEEK_DIESEL,  4) AS DIESEL_WOW_CHANGE,

        -- Percentage change week over week
        CASE
            WHEN PREV_WEEK_REGULAR > 0
            THEN ROUND(
                ((REGULAR_GASOLINE_PRICE - PREV_WEEK_REGULAR) / PREV_WEEK_REGULAR) * 100,
                4)
            ELSE NULL
        END AS REGULAR_WOW_PCT_CHANGE,

        -- All-time historical average for this region
        AVG(REGULAR_GASOLINE_PRICE) OVER (
            PARTITION BY REGION
        ) AS HIST_AVG_REGULAR,

        -- 12-week rolling standard deviation (volatility measure)
        STDDEV(REGULAR_GASOLINE_PRICE) OVER (
            PARTITION BY REGION ORDER BY WEEK_DATE
            ROWS BETWEEN 11 PRECEDING AND CURRENT ROW
        ) AS ROLLING_12WK_STDDEV

    FROM base
)

SELECT
    WEEK_DATE,
    REGION,
    REGULAR_GASOLINE_PRICE,
    DIESEL_PRICE,
    REGULAR_WOW_CHANGE,
    DIESEL_WOW_CHANGE,
    REGULAR_WOW_PCT_CHANGE,
    ROUND(HIST_AVG_REGULAR, 4) AS HIST_AVG_REGULAR,

    -- How far above/below the historical average
    ROUND(REGULAR_GASOLINE_PRICE - HIST_AVG_REGULAR, 4) AS PRICE_ANOMALY,

    ROUND(ROLLING_12WK_STDDEV, 4) AS ROLLING_12WK_STDDEV,

    -- Price direction label
    CASE
        WHEN REGULAR_WOW_CHANGE >  0.05 THEN 'Rising'
        WHEN REGULAR_WOW_CHANGE < -0.05 THEN 'Falling'
        ELSE 'Stable'
    END AS PRICE_DIRECTION,

    -- Volatility label
    CASE
        WHEN ROLLING_12WK_STDDEV > 0.30 THEN 'High Volatility'
        WHEN ROLLING_12WK_STDDEV > 0.15 THEN 'Moderate Volatility'
        ELSE 'Low Volatility'
    END AS VOLATILITY_LABEL

FROM with_changes
ORDER BY WEEK_DATE
        );
[0m16:43:38.830576 [debug] [Thread-2 (]: Opening a new connection, currently in state closed
[0m16:43:40.671914 [debug] [Thread-2 (]: SQL status: SUCCESS 1 in 1.841 seconds
[0m16:43:40.675502 [debug] [Thread-2 (]: On model.fuel_analytics.price_volatility: Close
[0m16:43:40.871672 [debug] [Thread-2 (]: Sending event: {'category': 'dbt', 'action': 'run_model', 'label': '8f28af33-177d-40ae-89b6-2a1bf04338ec', 'context': [<snowplow_tracker.self_describing_json.SelfDescribingJson object at 0x177efed50>]}
[0m16:43:40.872951 [info ] [Thread-2 (]: 3 of 4 OK created sql table model DBT_DBT.price_volatility ..................... [[32mSUCCESS 1[0m in 2.05s]
[0m16:43:40.873724 [debug] [Thread-2 (]: Finished running node model.fuel_analytics.price_volatility
[0m16:43:40.874196 [debug] [Thread-2 (]: Began running node model.fuel_analytics.regional_comparison
[0m16:43:40.874774 [info ] [Thread-2 (]: 4 of 4 START sql table model DBT_DBT.regional_comparison ....................... [RUN]
[0m16:43:40.875339 [debug] [Thread-2 (]: Re-using an available connection from the pool (formerly model.fuel_analytics.price_volatility, now model.fuel_analytics.regional_comparison)
[0m16:43:40.875742 [debug] [Thread-2 (]: Began compiling node model.fuel_analytics.regional_comparison
[0m16:43:40.880515 [debug] [Thread-2 (]: Writing injected SQL for node "model.fuel_analytics.regional_comparison"
[0m16:43:40.881701 [debug] [Thread-2 (]: Began executing node model.fuel_analytics.regional_comparison
[0m16:43:40.884732 [debug] [Thread-2 (]: Writing runtime sql for node "model.fuel_analytics.regional_comparison"
[0m16:43:40.887228 [debug] [Thread-2 (]: Using snowflake connection "model.fuel_analytics.regional_comparison"
[0m16:43:40.887810 [debug] [Thread-2 (]: On model.fuel_analytics.regional_comparison: /* {"app": "dbt", "dbt_version": "1.11.8", "profile_name": "fuel_analytics", "target_name": "dev", "node_id": "model.fuel_analytics.regional_comparison"} */
create or replace transient table USER_DB_FERRET.DBT_DBT.regional_comparison
         as
        (-- models/regional_comparison.sql
-- ================================================
-- PURPOSE:
--   Compares each PADD region's gasoline price
--   against the U.S. national average.
--   Shows which regions are cheapest/most expensive.
--
-- SOURCE TABLES:
--   USER_DB_FERRET.RAW.FUEL_PRICES           (national)
--   FUSER_DB_FERRET.RAW.REGIONAL_FUEL_PRICES  (regional)
-- OUTPUT TABLE:
--   USER_DB_FERRET.DBT.REGIONAL_COMPARISON
-- ================================================



WITH regional AS (
    SELECT
        WEEK_DATE,
        REGION,
        PRICE AS REGIONAL_PRICE
    FROM USER_DB_FERRET.RAW.regional_fuel_prices
    WHERE FUEL_TYPE = 'REGULAR_GASOLINE'
      AND PRICE IS NOT NULL
),

national AS (
    SELECT
        WEEK_DATE,
        REGULAR_GASOLINE_PRICE AS NATIONAL_PRICE
    FROM USER_DB_FERRET.RAW.fuel_prices
    WHERE REGION = 'US_NATIONAL'
      AND REGULAR_GASOLINE_PRICE IS NOT NULL
),

joined AS (
    SELECT
        r.WEEK_DATE,
        r.REGION,
        r.REGIONAL_PRICE,
        n.NATIONAL_PRICE,
        ROUND(r.REGIONAL_PRICE - n.NATIONAL_PRICE, 4) AS PRICE_SPREAD,
        CASE
            WHEN n.NATIONAL_PRICE > 0
            THEN ROUND(
                ((r.REGIONAL_PRICE - n.NATIONAL_PRICE) / n.NATIONAL_PRICE) * 100,
                2)
            ELSE NULL
        END AS PRICE_SPREAD_PCT
    FROM regional r
    LEFT JOIN national n ON r.WEEK_DATE = n.WEEK_DATE
)

SELECT
    WEEK_DATE,
    REGION,
    REGIONAL_PRICE,
    NATIONAL_PRICE,
    PRICE_SPREAD,
    PRICE_SPREAD_PCT,

    -- 4-week rolling average regional price
    ROUND(AVG(REGIONAL_PRICE) OVER (
        PARTITION BY REGION ORDER BY WEEK_DATE
        ROWS BETWEEN 3 PRECEDING AND CURRENT ROW
    ), 4) AS REGIONAL_4WK_AVG,

    -- Running maximum spread seen so far for this region
    ROUND(MAX(PRICE_SPREAD) OVER (
        PARTITION BY REGION ORDER BY WEEK_DATE
        ROWS BETWEEN UNBOUNDED PRECEDING AND CURRENT ROW
    ), 4) AS MAX_SPREAD_SEEN,

    -- Price category label
    CASE
        WHEN PRICE_SPREAD >  0.30 THEN 'Significantly Above Average'
        WHEN PRICE_SPREAD >  0.10 THEN 'Above Average'
        WHEN PRICE_SPREAD > -0.10 THEN 'Near National Average'
        WHEN PRICE_SPREAD > -0.30 THEN 'Below Average'
        ELSE 'Significantly Below Average'
    END AS PRICE_CATEGORY

FROM joined
ORDER BY WEEK_DATE, REGION
        );
[0m16:43:40.888206 [debug] [Thread-2 (]: Opening a new connection, currently in state closed
[0m16:43:46.366969 [debug] [Thread-2 (]: SQL status: SUCCESS 1 in 5.478 seconds
[0m16:43:46.370155 [debug] [Thread-2 (]: On model.fuel_analytics.regional_comparison: Close
[0m16:43:46.570190 [debug] [Thread-2 (]: Sending event: {'category': 'dbt', 'action': 'run_model', 'label': '8f28af33-177d-40ae-89b6-2a1bf04338ec', 'context': [<snowplow_tracker.self_describing_json.SelfDescribingJson object at 0x177eba9d0>]}
[0m16:43:46.571365 [info ] [Thread-2 (]: 4 of 4 OK created sql table model DBT_DBT.regional_comparison .................. [[32mSUCCESS 1[0m in 5.69s]
[0m16:43:46.572007 [debug] [Thread-2 (]: Finished running node model.fuel_analytics.regional_comparison
[0m16:43:46.573679 [debug] [MainThread]: Connection 'master' was properly closed.
[0m16:43:46.574057 [debug] [MainThread]: Connection 'model.fuel_analytics.regional_comparison' was properly closed.
[0m16:43:46.574499 [info ] [MainThread]: 
[0m16:43:46.574885 [info ] [MainThread]: Finished running 4 table models in 0 hours 0 minutes and 17.86 seconds (17.86s).
[0m16:43:46.575975 [debug] [MainThread]: Command end result
[0m16:43:46.606070 [debug] [MainThread]: Wrote artifact WritableManifest to ./target/manifest.json
[0m16:43:46.608351 [debug] [MainThread]: Wrote artifact SemanticManifest to ./target/semantic_manifest.json
[0m16:43:46.613338 [debug] [MainThread]: Wrote artifact RunExecutionResult to ./target/run_results.json
[0m16:43:46.613621 [info ] [MainThread]: 
[0m16:43:46.613951 [info ] [MainThread]: [32mCompleted successfully[0m
[0m16:43:46.614127 [info ] [MainThread]: 
[0m16:43:46.614338 [info ] [MainThread]: Done. PASS=4 WARN=0 ERROR=0 SKIP=0 NO-OP=0 TOTAL=4
[0m16:43:46.621080 [debug] [MainThread]: Resource report: {"command_name": "run", "command_success": true, "command_wall_clock_time": 19.346441, "process_in_blocks": "0", "process_kernel_time": 2.684071, "process_mem_max_rss": "271450112", "process_out_blocks": "0", "process_user_time": 3.719419}
[0m16:43:46.621603 [debug] [MainThread]: Command `dbt run` succeeded at 16:43:46.621522 after 19.35 seconds
[0m16:43:46.621949 [debug] [MainThread]: Sending event: {'category': 'dbt', 'action': 'invocation', 'label': 'end', 'context': [<snowplow_tracker.self_describing_json.SelfDescribingJson object at 0x10b15fa80>, <snowplow_tracker.self_describing_json.SelfDescribingJson object at 0x102c903d0>, <snowplow_tracker.self_describing_json.SelfDescribingJson object at 0x107983e90>]}
[0m16:43:46.622273 [debug] [MainThread]: Flushing usage events
[0m16:43:47.000913 [debug] [MainThread]: An error was encountered while trying to flush usage events
[0m16:43:52.792546 [debug] [MainThread]: Sending event: {'category': 'dbt', 'action': 'invocation', 'label': 'start', 'context': [<snowplow_tracker.self_describing_json.SelfDescribingJson object at 0x113849010>, <snowplow_tracker.self_describing_json.SelfDescribingJson object at 0x114eb79d0>, <snowplow_tracker.self_describing_json.SelfDescribingJson object at 0x114eb7c50>]}


============================== 16:43:52.796915 | 42a940bb-57ee-4b6a-8aa0-74af0cfbdcdf ==============================
[0m16:43:52.796915 [info ] [MainThread]: Running with dbt=1.11.8
[0m16:43:52.797402 [debug] [MainThread]: running dbt with arguments {'log_cache_events': 'False', 'quiet': 'False', 'printer_width': '80', 'write_json': 'True', 'log_format': 'default', 'static_parser': 'True', 'send_anonymous_usage_stats': 'True', 'empty': 'None', 'warn_error': 'None', 'use_colors': 'True', 'log_path': 'logs', 'debug': 'False', 'partial_parse': 'True', 'profiles_dir': '.', 'cache_selected_only': 'False', 'indirect_selection': 'eager', 'no_print': 'None', 'use_experimental_parser': 'False', 'warn_error_options': 'WarnErrorOptionsV2(error=[], warn=[], silence=[])', 'introspect': 'True', 'fail_fast': 'False', 'version_check': 'True', 'invocation_command': 'dbt test --profiles-dir . --project-dir .', 'target_path': 'None'}
[0m16:43:54.043011 [debug] [MainThread]: Sending event: {'category': 'dbt', 'action': 'project_id', 'label': '42a940bb-57ee-4b6a-8aa0-74af0cfbdcdf', 'context': [<snowplow_tracker.self_describing_json.SelfDescribingJson object at 0x113eddba0>]}
[0m16:43:54.085839 [debug] [MainThread]: Sending event: {'category': 'dbt', 'action': 'adapter_info', 'label': '42a940bb-57ee-4b6a-8aa0-74af0cfbdcdf', 'context': [<snowplow_tracker.self_describing_json.SelfDescribingJson object at 0x147bf9bf0>]}
[0m16:43:54.087458 [info ] [MainThread]: Registered adapter: snowflake=1.8.0
[0m16:43:54.172436 [debug] [MainThread]: checksum: 7d524ac048c2100769df89d592e662e060a73ca564e31bd9c2a37efdfe8d8ab6, vars: {}, profile: , target: , version: 1.11.8
[0m16:43:54.282395 [debug] [MainThread]: Partial parsing enabled: 0 files deleted, 0 files added, 0 files changed.
[0m16:43:54.282795 [debug] [MainThread]: Nothing changed, skipping partial parsing.
[0m16:43:54.283000 [debug] [MainThread]: Partial parsing enabled, no changes found, skipping parsing
[0m16:43:54.322537 [debug] [MainThread]: Sending event: {'category': 'dbt', 'action': 'load_project', 'label': '42a940bb-57ee-4b6a-8aa0-74af0cfbdcdf', 'context': [<snowplow_tracker.self_describing_json.SelfDescribingJson object at 0x147bcdb50>]}
[0m16:43:54.397609 [debug] [MainThread]: Wrote artifact WritableManifest to ./target/manifest.json
[0m16:43:54.399469 [debug] [MainThread]: Wrote artifact SemanticManifest to ./target/semantic_manifest.json
[0m16:43:54.417412 [debug] [MainThread]: Sending event: {'category': 'dbt', 'action': 'resource_counts', 'label': '42a940bb-57ee-4b6a-8aa0-74af0cfbdcdf', 'context': [<snowplow_tracker.self_describing_json.SelfDescribingJson object at 0x1503456d0>]}
[0m16:43:54.417794 [info ] [MainThread]: Found 4 models, 1 snapshot, 31 data tests, 3 sources, 493 macros
[0m16:43:54.418038 [debug] [MainThread]: Sending event: {'category': 'dbt', 'action': 'runnable_timing', 'label': '42a940bb-57ee-4b6a-8aa0-74af0cfbdcdf', 'context': [<snowplow_tracker.self_describing_json.SelfDescribingJson object at 0x150376270>]}
[0m16:43:54.420119 [info ] [MainThread]: 
[0m16:43:54.420373 [info ] [MainThread]: Concurrency: 1 threads (target='dev')
[0m16:43:54.420548 [info ] [MainThread]: 
[0m16:43:54.420929 [debug] [MainThread]: Acquiring new snowflake connection 'master'
[0m16:43:54.423976 [debug] [ThreadPool]: Acquiring new snowflake connection 'list_USER_DB_FERRET_DBT_DBT'
[0m16:43:54.434989 [debug] [ThreadPool]: Using snowflake connection "list_USER_DB_FERRET_DBT_DBT"
[0m16:43:54.435242 [debug] [ThreadPool]: On list_USER_DB_FERRET_DBT_DBT: /* {"app": "dbt", "dbt_version": "1.11.8", "profile_name": "fuel_analytics", "target_name": "dev", "connection_name": "list_USER_DB_FERRET_DBT_DBT"} */
show terse objects in USER_DB_FERRET.DBT_DBT limit 10000
[0m16:43:54.435431 [debug] [ThreadPool]: Opening a new connection, currently in state init
[0m16:43:58.333572 [debug] [ThreadPool]: SQL status: SUCCESS 8 in 3.898 seconds
[0m16:43:58.335111 [debug] [ThreadPool]: On list_USER_DB_FERRET_DBT_DBT: Close
[0m16:43:58.540821 [debug] [ThreadPool]: Re-using an available connection from the pool (formerly list_USER_DB_FERRET_DBT_DBT, now list_FUEL_ANALYTICS_DB_DBT)
[0m16:43:58.544798 [debug] [ThreadPool]: Using snowflake connection "list_FUEL_ANALYTICS_DB_DBT"
[0m16:43:58.545205 [debug] [ThreadPool]: On list_FUEL_ANALYTICS_DB_DBT: /* {"app": "dbt", "dbt_version": "1.11.8", "profile_name": "fuel_analytics", "target_name": "dev", "connection_name": "list_FUEL_ANALYTICS_DB_DBT"} */
show terse objects in FUEL_ANALYTICS_DB.DBT limit 10000
[0m16:43:58.545470 [debug] [ThreadPool]: Opening a new connection, currently in state closed
[0m16:44:00.319033 [debug] [ThreadPool]: SQL status: SUCCESS 1 in 1.773 seconds
[0m16:44:00.323185 [debug] [ThreadPool]: On list_FUEL_ANALYTICS_DB_DBT: Close
[0m16:44:00.481245 [debug] [MainThread]: Sending event: {'category': 'dbt', 'action': 'runnable_timing', 'label': '42a940bb-57ee-4b6a-8aa0-74af0cfbdcdf', 'context': [<snowplow_tracker.self_describing_json.SelfDescribingJson object at 0x150090600>]}
[0m16:44:00.486476 [debug] [Thread-2 (]: Began running node test.fuel_analytics.accepted_values_crude_correlation_MARGIN_CATEGORY__Wide_Margin__Normal_Margin__Tight_Margin.d5d2a31d93
[0m16:44:00.487034 [info ] [Thread-2 (]: 1 of 31 START test accepted_values_crude_correlation_MARGIN_CATEGORY__Wide_Margin__Normal_Margin__Tight_Margin  [RUN]
[0m16:44:00.487530 [debug] [Thread-2 (]: Re-using an available connection from the pool (formerly list_FUEL_ANALYTICS_DB_DBT, now test.fuel_analytics.accepted_values_crude_correlation_MARGIN_CATEGORY__Wide_Margin__Normal_Margin__Tight_Margin.d5d2a31d93)
[0m16:44:00.487879 [debug] [Thread-2 (]: Began compiling node test.fuel_analytics.accepted_values_crude_correlation_MARGIN_CATEGORY__Wide_Margin__Normal_Margin__Tight_Margin.d5d2a31d93
[0m16:44:00.502732 [debug] [Thread-2 (]: Writing injected SQL for node "test.fuel_analytics.accepted_values_crude_correlation_MARGIN_CATEGORY__Wide_Margin__Normal_Margin__Tight_Margin.d5d2a31d93"
[0m16:44:00.503569 [debug] [Thread-2 (]: Began executing node test.fuel_analytics.accepted_values_crude_correlation_MARGIN_CATEGORY__Wide_Margin__Normal_Margin__Tight_Margin.d5d2a31d93
[0m16:44:00.520803 [debug] [Thread-2 (]: Writing runtime sql for node "test.fuel_analytics.accepted_values_crude_correlation_MARGIN_CATEGORY__Wide_Margin__Normal_Margin__Tight_Margin.d5d2a31d93"
[0m16:44:00.521899 [debug] [Thread-2 (]: Using snowflake connection "test.fuel_analytics.accepted_values_crude_correlation_MARGIN_CATEGORY__Wide_Margin__Normal_Margin__Tight_Margin.d5d2a31d93"
[0m16:44:00.522213 [debug] [Thread-2 (]: On test.fuel_analytics.accepted_values_crude_correlation_MARGIN_CATEGORY__Wide_Margin__Normal_Margin__Tight_Margin.d5d2a31d93: /* {"app": "dbt", "dbt_version": "1.11.8", "profile_name": "fuel_analytics", "target_name": "dev", "node_id": "test.fuel_analytics.accepted_values_crude_correlation_MARGIN_CATEGORY__Wide_Margin__Normal_Margin__Tight_Margin.d5d2a31d93"} */
select
      count(*) as failures,
      count(*) != 0 as should_warn,
      count(*) != 0 as should_error
    from (
      
    
  
    
    

with all_values as (

    select
        MARGIN_CATEGORY as value_field,
        count(*) as n_records

    from USER_DB_FERRET.DBT_DBT.crude_correlation
    group by MARGIN_CATEGORY

)

select *
from all_values
where value_field not in (
    'Wide Margin','Normal Margin','Tight Margin'
)



  
  
      
    ) dbt_internal_test
[0m16:44:00.522451 [debug] [Thread-2 (]: Opening a new connection, currently in state closed
[0m16:44:02.093155 [debug] [Thread-2 (]: SQL status: SUCCESS 1 in 1.570 seconds
[0m16:44:02.104656 [debug] [Thread-2 (]: On test.fuel_analytics.accepted_values_crude_correlation_MARGIN_CATEGORY__Wide_Margin__Normal_Margin__Tight_Margin.d5d2a31d93: Close
[0m16:44:02.333570 [info ] [Thread-2 (]: 1 of 31 PASS accepted_values_crude_correlation_MARGIN_CATEGORY__Wide_Margin__Normal_Margin__Tight_Margin  [[32mPASS[0m in 1.85s]
[0m16:44:02.334594 [debug] [Thread-2 (]: Finished running node test.fuel_analytics.accepted_values_crude_correlation_MARGIN_CATEGORY__Wide_Margin__Normal_Margin__Tight_Margin.d5d2a31d93
[0m16:44:02.335065 [debug] [Thread-2 (]: Began running node test.fuel_analytics.accepted_values_price_volatility_PRICE_DIRECTION__Rising__Falling__Stable.8f45404212
[0m16:44:02.335595 [info ] [Thread-2 (]: 2 of 31 START test accepted_values_price_volatility_PRICE_DIRECTION__Rising__Falling__Stable  [RUN]
[0m16:44:02.336148 [debug] [Thread-2 (]: Re-using an available connection from the pool (formerly test.fuel_analytics.accepted_values_crude_correlation_MARGIN_CATEGORY__Wide_Margin__Normal_Margin__Tight_Margin.d5d2a31d93, now test.fuel_analytics.accepted_values_price_volatility_PRICE_DIRECTION__Rising__Falling__Stable.8f45404212)
[0m16:44:02.336611 [debug] [Thread-2 (]: Began compiling node test.fuel_analytics.accepted_values_price_volatility_PRICE_DIRECTION__Rising__Falling__Stable.8f45404212
[0m16:44:02.344912 [debug] [Thread-2 (]: Writing injected SQL for node "test.fuel_analytics.accepted_values_price_volatility_PRICE_DIRECTION__Rising__Falling__Stable.8f45404212"
[0m16:44:02.346389 [debug] [Thread-2 (]: Began executing node test.fuel_analytics.accepted_values_price_volatility_PRICE_DIRECTION__Rising__Falling__Stable.8f45404212
[0m16:44:02.349250 [debug] [Thread-2 (]: Writing runtime sql for node "test.fuel_analytics.accepted_values_price_volatility_PRICE_DIRECTION__Rising__Falling__Stable.8f45404212"
[0m16:44:02.350872 [debug] [Thread-2 (]: Using snowflake connection "test.fuel_analytics.accepted_values_price_volatility_PRICE_DIRECTION__Rising__Falling__Stable.8f45404212"
[0m16:44:02.351267 [debug] [Thread-2 (]: On test.fuel_analytics.accepted_values_price_volatility_PRICE_DIRECTION__Rising__Falling__Stable.8f45404212: /* {"app": "dbt", "dbt_version": "1.11.8", "profile_name": "fuel_analytics", "target_name": "dev", "node_id": "test.fuel_analytics.accepted_values_price_volatility_PRICE_DIRECTION__Rising__Falling__Stable.8f45404212"} */
select
      count(*) as failures,
      count(*) != 0 as should_warn,
      count(*) != 0 as should_error
    from (
      
    
  
    
    

with all_values as (

    select
        PRICE_DIRECTION as value_field,
        count(*) as n_records

    from USER_DB_FERRET.DBT_DBT.price_volatility
    group by PRICE_DIRECTION

)

select *
from all_values
where value_field not in (
    'Rising','Falling','Stable'
)



  
  
      
    ) dbt_internal_test
[0m16:44:02.351549 [debug] [Thread-2 (]: Opening a new connection, currently in state closed
[0m16:44:03.867683 [debug] [Thread-2 (]: SQL status: SUCCESS 1 in 1.516 seconds
[0m16:44:03.871317 [debug] [Thread-2 (]: On test.fuel_analytics.accepted_values_price_volatility_PRICE_DIRECTION__Rising__Falling__Stable.8f45404212: Close
[0m16:44:04.008322 [info ] [Thread-2 (]: 2 of 31 PASS accepted_values_price_volatility_PRICE_DIRECTION__Rising__Falling__Stable  [[32mPASS[0m in 1.67s]
[0m16:44:04.009295 [debug] [Thread-2 (]: Finished running node test.fuel_analytics.accepted_values_price_volatility_PRICE_DIRECTION__Rising__Falling__Stable.8f45404212
[0m16:44:04.009763 [debug] [Thread-2 (]: Began running node test.fuel_analytics.accepted_values_price_volatility_VOLATILITY_LABEL__High_Volatility__Moderate_Volatility__Low_Volatility.33b49ee868
[0m16:44:04.010259 [info ] [Thread-2 (]: 3 of 31 START test accepted_values_price_volatility_VOLATILITY_LABEL__High_Volatility__Moderate_Volatility__Low_Volatility  [RUN]
[0m16:44:04.010811 [debug] [Thread-2 (]: Re-using an available connection from the pool (formerly test.fuel_analytics.accepted_values_price_volatility_PRICE_DIRECTION__Rising__Falling__Stable.8f45404212, now test.fuel_analytics.accepted_values_price_volatility_VOLATILITY_LABEL__High_Volatility__Moderate_Volatility__Low_Volatility.33b49ee868)
[0m16:44:04.011218 [debug] [Thread-2 (]: Began compiling node test.fuel_analytics.accepted_values_price_volatility_VOLATILITY_LABEL__High_Volatility__Moderate_Volatility__Low_Volatility.33b49ee868
[0m16:44:04.019876 [debug] [Thread-2 (]: Writing injected SQL for node "test.fuel_analytics.accepted_values_price_volatility_VOLATILITY_LABEL__High_Volatility__Moderate_Volatility__Low_Volatility.33b49ee868"
[0m16:44:04.021199 [debug] [Thread-2 (]: Began executing node test.fuel_analytics.accepted_values_price_volatility_VOLATILITY_LABEL__High_Volatility__Moderate_Volatility__Low_Volatility.33b49ee868
[0m16:44:04.024343 [debug] [Thread-2 (]: Writing runtime sql for node "test.fuel_analytics.accepted_values_price_volatility_VOLATILITY_LABEL__High_Volatility__Moderate_Volatility__Low_Volatility.33b49ee868"
[0m16:44:04.025802 [debug] [Thread-2 (]: Using snowflake connection "test.fuel_analytics.accepted_values_price_volatility_VOLATILITY_LABEL__High_Volatility__Moderate_Volatility__Low_Volatility.33b49ee868"
[0m16:44:04.026138 [debug] [Thread-2 (]: On test.fuel_analytics.accepted_values_price_volatility_VOLATILITY_LABEL__High_Volatility__Moderate_Volatility__Low_Volatility.33b49ee868: /* {"app": "dbt", "dbt_version": "1.11.8", "profile_name": "fuel_analytics", "target_name": "dev", "node_id": "test.fuel_analytics.accepted_values_price_volatility_VOLATILITY_LABEL__High_Volatility__Moderate_Volatility__Low_Volatility.33b49ee868"} */
select
      count(*) as failures,
      count(*) != 0 as should_warn,
      count(*) != 0 as should_error
    from (
      
    
  
    
    

with all_values as (

    select
        VOLATILITY_LABEL as value_field,
        count(*) as n_records

    from USER_DB_FERRET.DBT_DBT.price_volatility
    group by VOLATILITY_LABEL

)

select *
from all_values
where value_field not in (
    'High Volatility','Moderate Volatility','Low Volatility'
)



  
  
      
    ) dbt_internal_test
[0m16:44:04.026421 [debug] [Thread-2 (]: Opening a new connection, currently in state closed
[0m16:44:05.915255 [debug] [Thread-2 (]: SQL status: SUCCESS 1 in 1.888 seconds
[0m16:44:05.919294 [debug] [Thread-2 (]: On test.fuel_analytics.accepted_values_price_volatility_VOLATILITY_LABEL__High_Volatility__Moderate_Volatility__Low_Volatility.33b49ee868: Close
[0m16:44:06.503819 [info ] [Thread-2 (]: 3 of 31 PASS accepted_values_price_volatility_VOLATILITY_LABEL__High_Volatility__Moderate_Volatility__Low_Volatility  [[32mPASS[0m in 2.49s]
[0m16:44:06.504858 [debug] [Thread-2 (]: Finished running node test.fuel_analytics.accepted_values_price_volatility_VOLATILITY_LABEL__High_Volatility__Moderate_Volatility__Low_Volatility.33b49ee868
[0m16:44:06.505412 [debug] [Thread-2 (]: Began running node test.fuel_analytics.accepted_values_regional_comparison_PRICE_CATEGORY__Significantly_Above_Average__Above_Average__Near_National_Average__Below_Average__Significantly_Below_Average.e2dd40c6cf
[0m16:44:06.505902 [info ] [Thread-2 (]: 4 of 31 START test accepted_values_regional_comparison_PRICE_CATEGORY__Significantly_Above_Average__Above_Average__Near_National_Average__Below_Average__Significantly_Below_Average  [RUN]
[0m16:44:06.506453 [debug] [Thread-2 (]: Re-using an available connection from the pool (formerly test.fuel_analytics.accepted_values_price_volatility_VOLATILITY_LABEL__High_Volatility__Moderate_Volatility__Low_Volatility.33b49ee868, now test.fuel_analytics.accepted_values_regional_comparison_PRICE_CATEGORY__Significantly_Above_Average__Above_Average__Near_National_Average__Below_Average__Significantly_Below_Average.e2dd40c6cf)
[0m16:44:06.506859 [debug] [Thread-2 (]: Began compiling node test.fuel_analytics.accepted_values_regional_comparison_PRICE_CATEGORY__Significantly_Above_Average__Above_Average__Near_National_Average__Below_Average__Significantly_Below_Average.e2dd40c6cf
[0m16:44:06.516428 [debug] [Thread-2 (]: Writing injected SQL for node "test.fuel_analytics.accepted_values_regional_comparison_PRICE_CATEGORY__Significantly_Above_Average__Above_Average__Near_National_Average__Below_Average__Significantly_Below_Average.e2dd40c6cf"
[0m16:44:06.518906 [debug] [Thread-2 (]: Began executing node test.fuel_analytics.accepted_values_regional_comparison_PRICE_CATEGORY__Significantly_Above_Average__Above_Average__Near_National_Average__Below_Average__Significantly_Below_Average.e2dd40c6cf
[0m16:44:06.521107 [debug] [Thread-2 (]: Writing runtime sql for node "test.fuel_analytics.accepted_values_regional_comparison_PRICE_CATEGORY__Significantly_Above_Average__Above_Average__Near_National_Average__Below_Average__Significantly_Below_Average.e2dd40c6cf"
[0m16:44:06.522074 [debug] [Thread-2 (]: Using snowflake connection "test.fuel_analytics.accepted_values_regional_comparison_PRICE_CATEGORY__Significantly_Above_Average__Above_Average__Near_National_Average__Below_Average__Significantly_Below_Average.e2dd40c6cf"
[0m16:44:06.522395 [debug] [Thread-2 (]: On test.fuel_analytics.accepted_values_regional_comparison_PRICE_CATEGORY__Significantly_Above_Average__Above_Average__Near_National_Average__Below_Average__Significantly_Below_Average.e2dd40c6cf: /* {"app": "dbt", "dbt_version": "1.11.8", "profile_name": "fuel_analytics", "target_name": "dev", "node_id": "test.fuel_analytics.accepted_values_regional_comparison_PRICE_CATEGORY__Significantly_Above_Average__Above_Average__Near_National_Average__Below_Average__Significantly_Below_Average.e2dd40c6cf"} */
select
      count(*) as failures,
      count(*) != 0 as should_warn,
      count(*) != 0 as should_error
    from (
      
    
  
    
    

with all_values as (

    select
        PRICE_CATEGORY as value_field,
        count(*) as n_records

    from USER_DB_FERRET.DBT_DBT.regional_comparison
    group by PRICE_CATEGORY

)

select *
from all_values
where value_field not in (
    'Significantly Above Average','Above Average','Near National Average','Below Average','Significantly Below Average'
)



  
  
      
    ) dbt_internal_test
[0m16:44:06.522677 [debug] [Thread-2 (]: Opening a new connection, currently in state closed
[0m16:44:08.475717 [debug] [Thread-2 (]: SQL status: SUCCESS 1 in 1.953 seconds
[0m16:44:08.478783 [debug] [Thread-2 (]: On test.fuel_analytics.accepted_values_regional_comparison_PRICE_CATEGORY__Significantly_Above_Average__Above_Average__Near_National_Average__Below_Average__Significantly_Below_Average.e2dd40c6cf: Close
[0m16:44:08.635008 [info ] [Thread-2 (]: 4 of 31 PASS accepted_values_regional_comparison_PRICE_CATEGORY__Significantly_Above_Average__Above_Average__Near_National_Average__Below_Average__Significantly_Below_Average  [[32mPASS[0m in 2.13s]
[0m16:44:08.636017 [debug] [Thread-2 (]: Finished running node test.fuel_analytics.accepted_values_regional_comparison_PRICE_CATEGORY__Significantly_Above_Average__Above_Average__Near_National_Average__Below_Average__Significantly_Below_Average.e2dd40c6cf
[0m16:44:08.636538 [debug] [Thread-2 (]: Began running node test.fuel_analytics.not_null_crude_correlation_REGULAR_GASOLINE_PRICE.9a26d40959
[0m16:44:08.637111 [info ] [Thread-2 (]: 5 of 31 START test not_null_crude_correlation_REGULAR_GASOLINE_PRICE ........... [RUN]
[0m16:44:08.637732 [debug] [Thread-2 (]: Re-using an available connection from the pool (formerly test.fuel_analytics.accepted_values_regional_comparison_PRICE_CATEGORY__Significantly_Above_Average__Above_Average__Near_National_Average__Below_Average__Significantly_Below_Average.e2dd40c6cf, now test.fuel_analytics.not_null_crude_correlation_REGULAR_GASOLINE_PRICE.9a26d40959)
[0m16:44:08.638143 [debug] [Thread-2 (]: Began compiling node test.fuel_analytics.not_null_crude_correlation_REGULAR_GASOLINE_PRICE.9a26d40959
[0m16:44:08.647521 [debug] [Thread-2 (]: Writing injected SQL for node "test.fuel_analytics.not_null_crude_correlation_REGULAR_GASOLINE_PRICE.9a26d40959"
[0m16:44:08.649680 [debug] [Thread-2 (]: Began executing node test.fuel_analytics.not_null_crude_correlation_REGULAR_GASOLINE_PRICE.9a26d40959
[0m16:44:08.652155 [debug] [Thread-2 (]: Writing runtime sql for node "test.fuel_analytics.not_null_crude_correlation_REGULAR_GASOLINE_PRICE.9a26d40959"
[0m16:44:08.653266 [debug] [Thread-2 (]: Using snowflake connection "test.fuel_analytics.not_null_crude_correlation_REGULAR_GASOLINE_PRICE.9a26d40959"
[0m16:44:08.653571 [debug] [Thread-2 (]: On test.fuel_analytics.not_null_crude_correlation_REGULAR_GASOLINE_PRICE.9a26d40959: /* {"app": "dbt", "dbt_version": "1.11.8", "profile_name": "fuel_analytics", "target_name": "dev", "node_id": "test.fuel_analytics.not_null_crude_correlation_REGULAR_GASOLINE_PRICE.9a26d40959"} */
select
      count(*) as failures,
      count(*) != 0 as should_warn,
      count(*) != 0 as should_error
    from (
      
    
  
    
    



select REGULAR_GASOLINE_PRICE
from USER_DB_FERRET.DBT_DBT.crude_correlation
where REGULAR_GASOLINE_PRICE is null



  
  
      
    ) dbt_internal_test
[0m16:44:08.653856 [debug] [Thread-2 (]: Opening a new connection, currently in state closed
[0m16:44:10.831685 [debug] [Thread-2 (]: SQL status: SUCCESS 1 in 2.177 seconds
[0m16:44:10.835754 [debug] [Thread-2 (]: On test.fuel_analytics.not_null_crude_correlation_REGULAR_GASOLINE_PRICE.9a26d40959: Close
[0m16:44:11.054321 [info ] [Thread-2 (]: 5 of 31 PASS not_null_crude_correlation_REGULAR_GASOLINE_PRICE ................. [[32mPASS[0m in 2.42s]
[0m16:44:11.055367 [debug] [Thread-2 (]: Finished running node test.fuel_analytics.not_null_crude_correlation_REGULAR_GASOLINE_PRICE.9a26d40959
[0m16:44:11.055893 [debug] [Thread-2 (]: Began running node test.fuel_analytics.not_null_crude_correlation_WEEK_DATE.cb8c686171
[0m16:44:11.056353 [info ] [Thread-2 (]: 6 of 31 START test not_null_crude_correlation_WEEK_DATE ........................ [RUN]
[0m16:44:11.056932 [debug] [Thread-2 (]: Re-using an available connection from the pool (formerly test.fuel_analytics.not_null_crude_correlation_REGULAR_GASOLINE_PRICE.9a26d40959, now test.fuel_analytics.not_null_crude_correlation_WEEK_DATE.cb8c686171)
[0m16:44:11.057354 [debug] [Thread-2 (]: Began compiling node test.fuel_analytics.not_null_crude_correlation_WEEK_DATE.cb8c686171
[0m16:44:11.064204 [debug] [Thread-2 (]: Writing injected SQL for node "test.fuel_analytics.not_null_crude_correlation_WEEK_DATE.cb8c686171"
[0m16:44:11.066432 [debug] [Thread-2 (]: Began executing node test.fuel_analytics.not_null_crude_correlation_WEEK_DATE.cb8c686171
[0m16:44:11.069692 [debug] [Thread-2 (]: Writing runtime sql for node "test.fuel_analytics.not_null_crude_correlation_WEEK_DATE.cb8c686171"
[0m16:44:11.071244 [debug] [Thread-2 (]: Using snowflake connection "test.fuel_analytics.not_null_crude_correlation_WEEK_DATE.cb8c686171"
[0m16:44:11.071674 [debug] [Thread-2 (]: On test.fuel_analytics.not_null_crude_correlation_WEEK_DATE.cb8c686171: /* {"app": "dbt", "dbt_version": "1.11.8", "profile_name": "fuel_analytics", "target_name": "dev", "node_id": "test.fuel_analytics.not_null_crude_correlation_WEEK_DATE.cb8c686171"} */
select
      count(*) as failures,
      count(*) != 0 as should_warn,
      count(*) != 0 as should_error
    from (
      
    
  
    
    



select WEEK_DATE
from USER_DB_FERRET.DBT_DBT.crude_correlation
where WEEK_DATE is null



  
  
      
    ) dbt_internal_test
[0m16:44:11.072023 [debug] [Thread-2 (]: Opening a new connection, currently in state closed
[0m16:44:11.635032 [debug] [Thread-2 (]: SQL status: SUCCESS 1 in 0.563 seconds
[0m16:44:11.638903 [debug] [Thread-2 (]: On test.fuel_analytics.not_null_crude_correlation_WEEK_DATE.cb8c686171: Close
[0m16:44:11.816951 [info ] [Thread-2 (]: 6 of 31 PASS not_null_crude_correlation_WEEK_DATE .............................. [[32mPASS[0m in 0.76s]
[0m16:44:11.818241 [debug] [Thread-2 (]: Finished running node test.fuel_analytics.not_null_crude_correlation_WEEK_DATE.cb8c686171
[0m16:44:11.818611 [debug] [Thread-2 (]: Began running node test.fuel_analytics.not_null_price_moving_avg_REGION.daece67b4a
[0m16:44:11.818993 [info ] [Thread-2 (]: 7 of 31 START test not_null_price_moving_avg_REGION ............................ [RUN]
[0m16:44:11.819417 [debug] [Thread-2 (]: Re-using an available connection from the pool (formerly test.fuel_analytics.not_null_crude_correlation_WEEK_DATE.cb8c686171, now test.fuel_analytics.not_null_price_moving_avg_REGION.daece67b4a)
[0m16:44:11.819691 [debug] [Thread-2 (]: Began compiling node test.fuel_analytics.not_null_price_moving_avg_REGION.daece67b4a
[0m16:44:11.823863 [debug] [Thread-2 (]: Writing injected SQL for node "test.fuel_analytics.not_null_price_moving_avg_REGION.daece67b4a"
[0m16:44:11.825405 [debug] [Thread-2 (]: Began executing node test.fuel_analytics.not_null_price_moving_avg_REGION.daece67b4a
[0m16:44:11.827187 [debug] [Thread-2 (]: Writing runtime sql for node "test.fuel_analytics.not_null_price_moving_avg_REGION.daece67b4a"
[0m16:44:11.828652 [debug] [Thread-2 (]: Using snowflake connection "test.fuel_analytics.not_null_price_moving_avg_REGION.daece67b4a"
[0m16:44:11.828903 [debug] [Thread-2 (]: On test.fuel_analytics.not_null_price_moving_avg_REGION.daece67b4a: /* {"app": "dbt", "dbt_version": "1.11.8", "profile_name": "fuel_analytics", "target_name": "dev", "node_id": "test.fuel_analytics.not_null_price_moving_avg_REGION.daece67b4a"} */
select
      count(*) as failures,
      count(*) != 0 as should_warn,
      count(*) != 0 as should_error
    from (
      
    
  
    
    



select REGION
from USER_DB_FERRET.DBT_DBT.price_moving_avg
where REGION is null



  
  
      
    ) dbt_internal_test
[0m16:44:11.829144 [debug] [Thread-2 (]: Opening a new connection, currently in state closed
[0m16:44:12.773075 [debug] [Thread-2 (]: SQL status: SUCCESS 1 in 0.944 seconds
[0m16:44:12.776345 [debug] [Thread-2 (]: On test.fuel_analytics.not_null_price_moving_avg_REGION.daece67b4a: Close
[0m16:44:13.112194 [info ] [Thread-2 (]: 7 of 31 PASS not_null_price_moving_avg_REGION .................................. [[32mPASS[0m in 1.29s]
[0m16:44:13.113229 [debug] [Thread-2 (]: Finished running node test.fuel_analytics.not_null_price_moving_avg_REGION.daece67b4a
[0m16:44:13.113772 [debug] [Thread-2 (]: Began running node test.fuel_analytics.not_null_price_moving_avg_REGULAR_12WK_AVG.118c2ef321
[0m16:44:13.114248 [info ] [Thread-2 (]: 8 of 31 START test not_null_price_moving_avg_REGULAR_12WK_AVG .................. [RUN]
[0m16:44:13.114811 [debug] [Thread-2 (]: Re-using an available connection from the pool (formerly test.fuel_analytics.not_null_price_moving_avg_REGION.daece67b4a, now test.fuel_analytics.not_null_price_moving_avg_REGULAR_12WK_AVG.118c2ef321)
[0m16:44:13.115207 [debug] [Thread-2 (]: Began compiling node test.fuel_analytics.not_null_price_moving_avg_REGULAR_12WK_AVG.118c2ef321
[0m16:44:13.122444 [debug] [Thread-2 (]: Writing injected SQL for node "test.fuel_analytics.not_null_price_moving_avg_REGULAR_12WK_AVG.118c2ef321"
[0m16:44:13.123852 [debug] [Thread-2 (]: Began executing node test.fuel_analytics.not_null_price_moving_avg_REGULAR_12WK_AVG.118c2ef321
[0m16:44:13.126800 [debug] [Thread-2 (]: Writing runtime sql for node "test.fuel_analytics.not_null_price_moving_avg_REGULAR_12WK_AVG.118c2ef321"
[0m16:44:13.127942 [debug] [Thread-2 (]: Using snowflake connection "test.fuel_analytics.not_null_price_moving_avg_REGULAR_12WK_AVG.118c2ef321"
[0m16:44:13.128289 [debug] [Thread-2 (]: On test.fuel_analytics.not_null_price_moving_avg_REGULAR_12WK_AVG.118c2ef321: /* {"app": "dbt", "dbt_version": "1.11.8", "profile_name": "fuel_analytics", "target_name": "dev", "node_id": "test.fuel_analytics.not_null_price_moving_avg_REGULAR_12WK_AVG.118c2ef321"} */
select
      count(*) as failures,
      count(*) != 0 as should_warn,
      count(*) != 0 as should_error
    from (
      
    
  
    
    



select REGULAR_12WK_AVG
from USER_DB_FERRET.DBT_DBT.price_moving_avg
where REGULAR_12WK_AVG is null



  
  
      
    ) dbt_internal_test
[0m16:44:13.128604 [debug] [Thread-2 (]: Opening a new connection, currently in state closed
[0m16:44:13.821285 [debug] [Thread-2 (]: SQL status: SUCCESS 1 in 0.692 seconds
[0m16:44:13.824628 [debug] [Thread-2 (]: On test.fuel_analytics.not_null_price_moving_avg_REGULAR_12WK_AVG.118c2ef321: Close
[0m16:44:14.016790 [info ] [Thread-2 (]: 8 of 31 PASS not_null_price_moving_avg_REGULAR_12WK_AVG ........................ [[32mPASS[0m in 0.90s]
[0m16:44:14.017750 [debug] [Thread-2 (]: Finished running node test.fuel_analytics.not_null_price_moving_avg_REGULAR_12WK_AVG.118c2ef321
[0m16:44:14.018222 [debug] [Thread-2 (]: Began running node test.fuel_analytics.not_null_price_moving_avg_REGULAR_4WK_AVG.cb68ef4e1b
[0m16:44:14.018654 [info ] [Thread-2 (]: 9 of 31 START test not_null_price_moving_avg_REGULAR_4WK_AVG ................... [RUN]
[0m16:44:14.019281 [debug] [Thread-2 (]: Re-using an available connection from the pool (formerly test.fuel_analytics.not_null_price_moving_avg_REGULAR_12WK_AVG.118c2ef321, now test.fuel_analytics.not_null_price_moving_avg_REGULAR_4WK_AVG.cb68ef4e1b)
[0m16:44:14.019716 [debug] [Thread-2 (]: Began compiling node test.fuel_analytics.not_null_price_moving_avg_REGULAR_4WK_AVG.cb68ef4e1b
[0m16:44:14.026592 [debug] [Thread-2 (]: Writing injected SQL for node "test.fuel_analytics.not_null_price_moving_avg_REGULAR_4WK_AVG.cb68ef4e1b"
[0m16:44:14.028709 [debug] [Thread-2 (]: Began executing node test.fuel_analytics.not_null_price_moving_avg_REGULAR_4WK_AVG.cb68ef4e1b
[0m16:44:14.031583 [debug] [Thread-2 (]: Writing runtime sql for node "test.fuel_analytics.not_null_price_moving_avg_REGULAR_4WK_AVG.cb68ef4e1b"
[0m16:44:14.032869 [debug] [Thread-2 (]: Using snowflake connection "test.fuel_analytics.not_null_price_moving_avg_REGULAR_4WK_AVG.cb68ef4e1b"
[0m16:44:14.033235 [debug] [Thread-2 (]: On test.fuel_analytics.not_null_price_moving_avg_REGULAR_4WK_AVG.cb68ef4e1b: /* {"app": "dbt", "dbt_version": "1.11.8", "profile_name": "fuel_analytics", "target_name": "dev", "node_id": "test.fuel_analytics.not_null_price_moving_avg_REGULAR_4WK_AVG.cb68ef4e1b"} */
select
      count(*) as failures,
      count(*) != 0 as should_warn,
      count(*) != 0 as should_error
    from (
      
    
  
    
    



select REGULAR_4WK_AVG
from USER_DB_FERRET.DBT_DBT.price_moving_avg
where REGULAR_4WK_AVG is null



  
  
      
    ) dbt_internal_test
[0m16:44:14.033535 [debug] [Thread-2 (]: Opening a new connection, currently in state closed
[0m16:44:14.895953 [debug] [Thread-2 (]: SQL status: SUCCESS 1 in 0.862 seconds
[0m16:44:14.899936 [debug] [Thread-2 (]: On test.fuel_analytics.not_null_price_moving_avg_REGULAR_4WK_AVG.cb68ef4e1b: Close
[0m16:44:15.536349 [info ] [Thread-2 (]: 9 of 31 PASS not_null_price_moving_avg_REGULAR_4WK_AVG ......................... [[32mPASS[0m in 1.52s]
[0m16:44:15.537356 [debug] [Thread-2 (]: Finished running node test.fuel_analytics.not_null_price_moving_avg_REGULAR_4WK_AVG.cb68ef4e1b
[0m16:44:15.537786 [debug] [Thread-2 (]: Began running node test.fuel_analytics.not_null_price_moving_avg_REGULAR_GASOLINE_PRICE.850a3d6917
[0m16:44:15.538167 [info ] [Thread-2 (]: 10 of 31 START test not_null_price_moving_avg_REGULAR_GASOLINE_PRICE ........... [RUN]
[0m16:44:15.538651 [debug] [Thread-2 (]: Re-using an available connection from the pool (formerly test.fuel_analytics.not_null_price_moving_avg_REGULAR_4WK_AVG.cb68ef4e1b, now test.fuel_analytics.not_null_price_moving_avg_REGULAR_GASOLINE_PRICE.850a3d6917)
[0m16:44:15.538988 [debug] [Thread-2 (]: Began compiling node test.fuel_analytics.not_null_price_moving_avg_REGULAR_GASOLINE_PRICE.850a3d6917
[0m16:44:15.543206 [debug] [Thread-2 (]: Writing injected SQL for node "test.fuel_analytics.not_null_price_moving_avg_REGULAR_GASOLINE_PRICE.850a3d6917"
[0m16:44:15.544906 [debug] [Thread-2 (]: Began executing node test.fuel_analytics.not_null_price_moving_avg_REGULAR_GASOLINE_PRICE.850a3d6917
[0m16:44:15.546960 [debug] [Thread-2 (]: Writing runtime sql for node "test.fuel_analytics.not_null_price_moving_avg_REGULAR_GASOLINE_PRICE.850a3d6917"
[0m16:44:15.547977 [debug] [Thread-2 (]: Using snowflake connection "test.fuel_analytics.not_null_price_moving_avg_REGULAR_GASOLINE_PRICE.850a3d6917"
[0m16:44:15.548246 [debug] [Thread-2 (]: On test.fuel_analytics.not_null_price_moving_avg_REGULAR_GASOLINE_PRICE.850a3d6917: /* {"app": "dbt", "dbt_version": "1.11.8", "profile_name": "fuel_analytics", "target_name": "dev", "node_id": "test.fuel_analytics.not_null_price_moving_avg_REGULAR_GASOLINE_PRICE.850a3d6917"} */
select
      count(*) as failures,
      count(*) != 0 as should_warn,
      count(*) != 0 as should_error
    from (
      
    
  
    
    



select REGULAR_GASOLINE_PRICE
from USER_DB_FERRET.DBT_DBT.price_moving_avg
where REGULAR_GASOLINE_PRICE is null



  
  
      
    ) dbt_internal_test
[0m16:44:15.548470 [debug] [Thread-2 (]: Opening a new connection, currently in state closed
[0m16:44:16.409452 [debug] [Thread-2 (]: SQL status: SUCCESS 1 in 0.861 seconds
[0m16:44:16.413400 [debug] [Thread-2 (]: On test.fuel_analytics.not_null_price_moving_avg_REGULAR_GASOLINE_PRICE.850a3d6917: Close
[0m16:44:16.571548 [info ] [Thread-2 (]: 10 of 31 PASS not_null_price_moving_avg_REGULAR_GASOLINE_PRICE ................. [[32mPASS[0m in 1.03s]
[0m16:44:16.572440 [debug] [Thread-2 (]: Finished running node test.fuel_analytics.not_null_price_moving_avg_REGULAR_GASOLINE_PRICE.850a3d6917
[0m16:44:16.572894 [debug] [Thread-2 (]: Began running node test.fuel_analytics.not_null_price_moving_avg_WEEK_DATE.dbf45e3e5c
[0m16:44:16.573320 [info ] [Thread-2 (]: 11 of 31 START test not_null_price_moving_avg_WEEK_DATE ........................ [RUN]
[0m16:44:16.573844 [debug] [Thread-2 (]: Re-using an available connection from the pool (formerly test.fuel_analytics.not_null_price_moving_avg_REGULAR_GASOLINE_PRICE.850a3d6917, now test.fuel_analytics.not_null_price_moving_avg_WEEK_DATE.dbf45e3e5c)
[0m16:44:16.574219 [debug] [Thread-2 (]: Began compiling node test.fuel_analytics.not_null_price_moving_avg_WEEK_DATE.dbf45e3e5c
[0m16:44:16.579587 [debug] [Thread-2 (]: Writing injected SQL for node "test.fuel_analytics.not_null_price_moving_avg_WEEK_DATE.dbf45e3e5c"
[0m16:44:16.580647 [debug] [Thread-2 (]: Began executing node test.fuel_analytics.not_null_price_moving_avg_WEEK_DATE.dbf45e3e5c
[0m16:44:16.583101 [debug] [Thread-2 (]: Writing runtime sql for node "test.fuel_analytics.not_null_price_moving_avg_WEEK_DATE.dbf45e3e5c"
[0m16:44:16.584408 [debug] [Thread-2 (]: Using snowflake connection "test.fuel_analytics.not_null_price_moving_avg_WEEK_DATE.dbf45e3e5c"
[0m16:44:16.584768 [debug] [Thread-2 (]: On test.fuel_analytics.not_null_price_moving_avg_WEEK_DATE.dbf45e3e5c: /* {"app": "dbt", "dbt_version": "1.11.8", "profile_name": "fuel_analytics", "target_name": "dev", "node_id": "test.fuel_analytics.not_null_price_moving_avg_WEEK_DATE.dbf45e3e5c"} */
select
      count(*) as failures,
      count(*) != 0 as should_warn,
      count(*) != 0 as should_error
    from (
      
    
  
    
    



select WEEK_DATE
from USER_DB_FERRET.DBT_DBT.price_moving_avg
where WEEK_DATE is null



  
  
      
    ) dbt_internal_test
[0m16:44:16.585157 [debug] [Thread-2 (]: Opening a new connection, currently in state closed
[0m16:44:17.222424 [debug] [Thread-2 (]: SQL status: SUCCESS 1 in 0.637 seconds
[0m16:44:17.225497 [debug] [Thread-2 (]: On test.fuel_analytics.not_null_price_moving_avg_WEEK_DATE.dbf45e3e5c: Close
[0m16:44:17.393720 [info ] [Thread-2 (]: 11 of 31 PASS not_null_price_moving_avg_WEEK_DATE .............................. [[32mPASS[0m in 0.82s]
[0m16:44:17.394654 [debug] [Thread-2 (]: Finished running node test.fuel_analytics.not_null_price_moving_avg_WEEK_DATE.dbf45e3e5c
[0m16:44:17.395110 [debug] [Thread-2 (]: Began running node test.fuel_analytics.not_null_price_volatility_REGION.7a6d63b30d
[0m16:44:17.395542 [info ] [Thread-2 (]: 12 of 31 START test not_null_price_volatility_REGION ........................... [RUN]
[0m16:44:17.396065 [debug] [Thread-2 (]: Re-using an available connection from the pool (formerly test.fuel_analytics.not_null_price_moving_avg_WEEK_DATE.dbf45e3e5c, now test.fuel_analytics.not_null_price_volatility_REGION.7a6d63b30d)
[0m16:44:17.396459 [debug] [Thread-2 (]: Began compiling node test.fuel_analytics.not_null_price_volatility_REGION.7a6d63b30d
[0m16:44:17.401834 [debug] [Thread-2 (]: Writing injected SQL for node "test.fuel_analytics.not_null_price_volatility_REGION.7a6d63b30d"
[0m16:44:17.403903 [debug] [Thread-2 (]: Began executing node test.fuel_analytics.not_null_price_volatility_REGION.7a6d63b30d
[0m16:44:17.406851 [debug] [Thread-2 (]: Writing runtime sql for node "test.fuel_analytics.not_null_price_volatility_REGION.7a6d63b30d"
[0m16:44:17.408480 [debug] [Thread-2 (]: Using snowflake connection "test.fuel_analytics.not_null_price_volatility_REGION.7a6d63b30d"
[0m16:44:17.408993 [debug] [Thread-2 (]: On test.fuel_analytics.not_null_price_volatility_REGION.7a6d63b30d: /* {"app": "dbt", "dbt_version": "1.11.8", "profile_name": "fuel_analytics", "target_name": "dev", "node_id": "test.fuel_analytics.not_null_price_volatility_REGION.7a6d63b30d"} */
select
      count(*) as failures,
      count(*) != 0 as should_warn,
      count(*) != 0 as should_error
    from (
      
    
  
    
    



select REGION
from USER_DB_FERRET.DBT_DBT.price_volatility
where REGION is null



  
  
      
    ) dbt_internal_test
[0m16:44:17.409335 [debug] [Thread-2 (]: Opening a new connection, currently in state closed
[0m16:44:18.612972 [debug] [Thread-2 (]: SQL status: SUCCESS 1 in 1.203 seconds
[0m16:44:18.616439 [debug] [Thread-2 (]: On test.fuel_analytics.not_null_price_volatility_REGION.7a6d63b30d: Close
[0m16:44:18.776055 [info ] [Thread-2 (]: 12 of 31 PASS not_null_price_volatility_REGION ................................. [[32mPASS[0m in 1.38s]
[0m16:44:18.777019 [debug] [Thread-2 (]: Finished running node test.fuel_analytics.not_null_price_volatility_REGION.7a6d63b30d
[0m16:44:18.777439 [debug] [Thread-2 (]: Began running node test.fuel_analytics.not_null_price_volatility_REGULAR_GASOLINE_PRICE.42b9593977
[0m16:44:18.777877 [info ] [Thread-2 (]: 13 of 31 START test not_null_price_volatility_REGULAR_GASOLINE_PRICE ........... [RUN]
[0m16:44:18.778413 [debug] [Thread-2 (]: Re-using an available connection from the pool (formerly test.fuel_analytics.not_null_price_volatility_REGION.7a6d63b30d, now test.fuel_analytics.not_null_price_volatility_REGULAR_GASOLINE_PRICE.42b9593977)
[0m16:44:18.778810 [debug] [Thread-2 (]: Began compiling node test.fuel_analytics.not_null_price_volatility_REGULAR_GASOLINE_PRICE.42b9593977
[0m16:44:18.783820 [debug] [Thread-2 (]: Writing injected SQL for node "test.fuel_analytics.not_null_price_volatility_REGULAR_GASOLINE_PRICE.42b9593977"
[0m16:44:18.784952 [debug] [Thread-2 (]: Began executing node test.fuel_analytics.not_null_price_volatility_REGULAR_GASOLINE_PRICE.42b9593977
[0m16:44:18.787120 [debug] [Thread-2 (]: Writing runtime sql for node "test.fuel_analytics.not_null_price_volatility_REGULAR_GASOLINE_PRICE.42b9593977"
[0m16:44:18.788355 [debug] [Thread-2 (]: Using snowflake connection "test.fuel_analytics.not_null_price_volatility_REGULAR_GASOLINE_PRICE.42b9593977"
[0m16:44:18.789008 [debug] [Thread-2 (]: On test.fuel_analytics.not_null_price_volatility_REGULAR_GASOLINE_PRICE.42b9593977: /* {"app": "dbt", "dbt_version": "1.11.8", "profile_name": "fuel_analytics", "target_name": "dev", "node_id": "test.fuel_analytics.not_null_price_volatility_REGULAR_GASOLINE_PRICE.42b9593977"} */
select
      count(*) as failures,
      count(*) != 0 as should_warn,
      count(*) != 0 as should_error
    from (
      
    
  
    
    



select REGULAR_GASOLINE_PRICE
from USER_DB_FERRET.DBT_DBT.price_volatility
where REGULAR_GASOLINE_PRICE is null



  
  
      
    ) dbt_internal_test
[0m16:44:18.789439 [debug] [Thread-2 (]: Opening a new connection, currently in state closed
[0m16:44:21.787477 [debug] [Thread-2 (]: SQL status: SUCCESS 1 in 2.998 seconds
[0m16:44:21.791265 [debug] [Thread-2 (]: On test.fuel_analytics.not_null_price_volatility_REGULAR_GASOLINE_PRICE.42b9593977: Close
[0m16:44:21.954533 [info ] [Thread-2 (]: 13 of 31 PASS not_null_price_volatility_REGULAR_GASOLINE_PRICE ................. [[32mPASS[0m in 3.18s]
[0m16:44:21.955640 [debug] [Thread-2 (]: Finished running node test.fuel_analytics.not_null_price_volatility_REGULAR_GASOLINE_PRICE.42b9593977
[0m16:44:21.956226 [debug] [Thread-2 (]: Began running node test.fuel_analytics.not_null_price_volatility_WEEK_DATE.e0e4d3e492
[0m16:44:21.956682 [info ] [Thread-2 (]: 14 of 31 START test not_null_price_volatility_WEEK_DATE ........................ [RUN]
[0m16:44:21.957259 [debug] [Thread-2 (]: Re-using an available connection from the pool (formerly test.fuel_analytics.not_null_price_volatility_REGULAR_GASOLINE_PRICE.42b9593977, now test.fuel_analytics.not_null_price_volatility_WEEK_DATE.e0e4d3e492)
[0m16:44:21.957677 [debug] [Thread-2 (]: Began compiling node test.fuel_analytics.not_null_price_volatility_WEEK_DATE.e0e4d3e492
[0m16:44:21.963281 [debug] [Thread-2 (]: Writing injected SQL for node "test.fuel_analytics.not_null_price_volatility_WEEK_DATE.e0e4d3e492"
[0m16:44:21.964440 [debug] [Thread-2 (]: Began executing node test.fuel_analytics.not_null_price_volatility_WEEK_DATE.e0e4d3e492
[0m16:44:21.967057 [debug] [Thread-2 (]: Writing runtime sql for node "test.fuel_analytics.not_null_price_volatility_WEEK_DATE.e0e4d3e492"
[0m16:44:21.969134 [debug] [Thread-2 (]: Using snowflake connection "test.fuel_analytics.not_null_price_volatility_WEEK_DATE.e0e4d3e492"
[0m16:44:21.969644 [debug] [Thread-2 (]: On test.fuel_analytics.not_null_price_volatility_WEEK_DATE.e0e4d3e492: /* {"app": "dbt", "dbt_version": "1.11.8", "profile_name": "fuel_analytics", "target_name": "dev", "node_id": "test.fuel_analytics.not_null_price_volatility_WEEK_DATE.e0e4d3e492"} */
select
      count(*) as failures,
      count(*) != 0 as should_warn,
      count(*) != 0 as should_error
    from (
      
    
  
    
    



select WEEK_DATE
from USER_DB_FERRET.DBT_DBT.price_volatility
where WEEK_DATE is null



  
  
      
    ) dbt_internal_test
[0m16:44:21.969984 [debug] [Thread-2 (]: Opening a new connection, currently in state closed
[0m16:44:25.063524 [debug] [Thread-2 (]: SQL status: SUCCESS 1 in 3.093 seconds
[0m16:44:25.067520 [debug] [Thread-2 (]: On test.fuel_analytics.not_null_price_volatility_WEEK_DATE.e0e4d3e492: Close
[0m16:44:25.243759 [info ] [Thread-2 (]: 14 of 31 PASS not_null_price_volatility_WEEK_DATE .............................. [[32mPASS[0m in 3.29s]
[0m16:44:25.244825 [debug] [Thread-2 (]: Finished running node test.fuel_analytics.not_null_price_volatility_WEEK_DATE.e0e4d3e492
[0m16:44:25.245296 [debug] [Thread-2 (]: Began running node test.fuel_analytics.not_null_regional_comparison_REGION.8aa08dd4fd
[0m16:44:25.245761 [info ] [Thread-2 (]: 15 of 31 START test not_null_regional_comparison_REGION ........................ [RUN]
[0m16:44:25.246301 [debug] [Thread-2 (]: Re-using an available connection from the pool (formerly test.fuel_analytics.not_null_price_volatility_WEEK_DATE.e0e4d3e492, now test.fuel_analytics.not_null_regional_comparison_REGION.8aa08dd4fd)
[0m16:44:25.246699 [debug] [Thread-2 (]: Began compiling node test.fuel_analytics.not_null_regional_comparison_REGION.8aa08dd4fd
[0m16:44:25.251960 [debug] [Thread-2 (]: Writing injected SQL for node "test.fuel_analytics.not_null_regional_comparison_REGION.8aa08dd4fd"
[0m16:44:25.254056 [debug] [Thread-2 (]: Began executing node test.fuel_analytics.not_null_regional_comparison_REGION.8aa08dd4fd
[0m16:44:25.257331 [debug] [Thread-2 (]: Writing runtime sql for node "test.fuel_analytics.not_null_regional_comparison_REGION.8aa08dd4fd"
[0m16:44:25.258732 [debug] [Thread-2 (]: Using snowflake connection "test.fuel_analytics.not_null_regional_comparison_REGION.8aa08dd4fd"
[0m16:44:25.259133 [debug] [Thread-2 (]: On test.fuel_analytics.not_null_regional_comparison_REGION.8aa08dd4fd: /* {"app": "dbt", "dbt_version": "1.11.8", "profile_name": "fuel_analytics", "target_name": "dev", "node_id": "test.fuel_analytics.not_null_regional_comparison_REGION.8aa08dd4fd"} */
select
      count(*) as failures,
      count(*) != 0 as should_warn,
      count(*) != 0 as should_error
    from (
      
    
  
    
    



select REGION
from USER_DB_FERRET.DBT_DBT.regional_comparison
where REGION is null



  
  
      
    ) dbt_internal_test
[0m16:44:25.259480 [debug] [Thread-2 (]: Opening a new connection, currently in state closed
[0m16:44:26.188429 [debug] [Thread-2 (]: SQL status: SUCCESS 1 in 0.929 seconds
[0m16:44:26.190293 [debug] [Thread-2 (]: On test.fuel_analytics.not_null_regional_comparison_REGION.8aa08dd4fd: Close
[0m16:44:26.340309 [info ] [Thread-2 (]: 15 of 31 PASS not_null_regional_comparison_REGION .............................. [[32mPASS[0m in 1.09s]
[0m16:44:26.341221 [debug] [Thread-2 (]: Finished running node test.fuel_analytics.not_null_regional_comparison_REGION.8aa08dd4fd
[0m16:44:26.341637 [debug] [Thread-2 (]: Began running node test.fuel_analytics.not_null_regional_comparison_REGIONAL_PRICE.ba7292316c
[0m16:44:26.342039 [info ] [Thread-2 (]: 16 of 31 START test not_null_regional_comparison_REGIONAL_PRICE ................ [RUN]
[0m16:44:26.342530 [debug] [Thread-2 (]: Re-using an available connection from the pool (formerly test.fuel_analytics.not_null_regional_comparison_REGION.8aa08dd4fd, now test.fuel_analytics.not_null_regional_comparison_REGIONAL_PRICE.ba7292316c)
[0m16:44:26.342913 [debug] [Thread-2 (]: Began compiling node test.fuel_analytics.not_null_regional_comparison_REGIONAL_PRICE.ba7292316c
[0m16:44:26.348295 [debug] [Thread-2 (]: Writing injected SQL for node "test.fuel_analytics.not_null_regional_comparison_REGIONAL_PRICE.ba7292316c"
[0m16:44:26.350397 [debug] [Thread-2 (]: Began executing node test.fuel_analytics.not_null_regional_comparison_REGIONAL_PRICE.ba7292316c
[0m16:44:26.352825 [debug] [Thread-2 (]: Writing runtime sql for node "test.fuel_analytics.not_null_regional_comparison_REGIONAL_PRICE.ba7292316c"
[0m16:44:26.354914 [debug] [Thread-2 (]: Using snowflake connection "test.fuel_analytics.not_null_regional_comparison_REGIONAL_PRICE.ba7292316c"
[0m16:44:26.355405 [debug] [Thread-2 (]: On test.fuel_analytics.not_null_regional_comparison_REGIONAL_PRICE.ba7292316c: /* {"app": "dbt", "dbt_version": "1.11.8", "profile_name": "fuel_analytics", "target_name": "dev", "node_id": "test.fuel_analytics.not_null_regional_comparison_REGIONAL_PRICE.ba7292316c"} */
select
      count(*) as failures,
      count(*) != 0 as should_warn,
      count(*) != 0 as should_error
    from (
      
    
  
    
    



select REGIONAL_PRICE
from USER_DB_FERRET.DBT_DBT.regional_comparison
where REGIONAL_PRICE is null



  
  
      
    ) dbt_internal_test
[0m16:44:26.355746 [debug] [Thread-2 (]: Opening a new connection, currently in state closed
[0m16:44:27.202146 [debug] [Thread-2 (]: SQL status: SUCCESS 1 in 0.846 seconds
[0m16:44:27.205361 [debug] [Thread-2 (]: On test.fuel_analytics.not_null_regional_comparison_REGIONAL_PRICE.ba7292316c: Close
[0m16:44:27.386331 [info ] [Thread-2 (]: 16 of 31 PASS not_null_regional_comparison_REGIONAL_PRICE ...................... [[32mPASS[0m in 1.04s]
[0m16:44:27.387541 [debug] [Thread-2 (]: Finished running node test.fuel_analytics.not_null_regional_comparison_REGIONAL_PRICE.ba7292316c
[0m16:44:27.388113 [debug] [Thread-2 (]: Began running node test.fuel_analytics.not_null_regional_comparison_WEEK_DATE.24e345e688
[0m16:44:27.388596 [info ] [Thread-2 (]: 17 of 31 START test not_null_regional_comparison_WEEK_DATE ..................... [RUN]
[0m16:44:27.389154 [debug] [Thread-2 (]: Re-using an available connection from the pool (formerly test.fuel_analytics.not_null_regional_comparison_REGIONAL_PRICE.ba7292316c, now test.fuel_analytics.not_null_regional_comparison_WEEK_DATE.24e345e688)
[0m16:44:27.389545 [debug] [Thread-2 (]: Began compiling node test.fuel_analytics.not_null_regional_comparison_WEEK_DATE.24e345e688
[0m16:44:27.394886 [debug] [Thread-2 (]: Writing injected SQL for node "test.fuel_analytics.not_null_regional_comparison_WEEK_DATE.24e345e688"
[0m16:44:27.395968 [debug] [Thread-2 (]: Began executing node test.fuel_analytics.not_null_regional_comparison_WEEK_DATE.24e345e688
[0m16:44:27.398794 [debug] [Thread-2 (]: Writing runtime sql for node "test.fuel_analytics.not_null_regional_comparison_WEEK_DATE.24e345e688"
[0m16:44:27.400529 [debug] [Thread-2 (]: Using snowflake connection "test.fuel_analytics.not_null_regional_comparison_WEEK_DATE.24e345e688"
[0m16:44:27.400988 [debug] [Thread-2 (]: On test.fuel_analytics.not_null_regional_comparison_WEEK_DATE.24e345e688: /* {"app": "dbt", "dbt_version": "1.11.8", "profile_name": "fuel_analytics", "target_name": "dev", "node_id": "test.fuel_analytics.not_null_regional_comparison_WEEK_DATE.24e345e688"} */
select
      count(*) as failures,
      count(*) != 0 as should_warn,
      count(*) != 0 as should_error
    from (
      
    
  
    
    



select WEEK_DATE
from USER_DB_FERRET.DBT_DBT.regional_comparison
where WEEK_DATE is null



  
  
      
    ) dbt_internal_test
[0m16:44:27.401326 [debug] [Thread-2 (]: Opening a new connection, currently in state closed
[0m16:44:28.238148 [debug] [Thread-2 (]: SQL status: SUCCESS 1 in 0.836 seconds
[0m16:44:28.241249 [debug] [Thread-2 (]: On test.fuel_analytics.not_null_regional_comparison_WEEK_DATE.24e345e688: Close
[0m16:44:28.423896 [info ] [Thread-2 (]: 17 of 31 PASS not_null_regional_comparison_WEEK_DATE ........................... [[32mPASS[0m in 1.03s]
[0m16:44:28.424921 [debug] [Thread-2 (]: Finished running node test.fuel_analytics.not_null_regional_comparison_WEEK_DATE.24e345e688
[0m16:44:28.425400 [debug] [Thread-2 (]: Began running node test.fuel_analytics.source_accepted_values_raw_energy_market_prices_TICKER__CL_F__BZ_F__XLE__UGA.401cd46daf
[0m16:44:28.425889 [info ] [Thread-2 (]: 18 of 31 START test source_accepted_values_raw_energy_market_prices_TICKER__CL_F__BZ_F__XLE__UGA  [RUN]
[0m16:44:28.426461 [debug] [Thread-2 (]: Re-using an available connection from the pool (formerly test.fuel_analytics.not_null_regional_comparison_WEEK_DATE.24e345e688, now test.fuel_analytics.source_accepted_values_raw_energy_market_prices_TICKER__CL_F__BZ_F__XLE__UGA.401cd46daf)
[0m16:44:28.426894 [debug] [Thread-2 (]: Began compiling node test.fuel_analytics.source_accepted_values_raw_energy_market_prices_TICKER__CL_F__BZ_F__XLE__UGA.401cd46daf
[0m16:44:28.435212 [debug] [Thread-2 (]: Writing injected SQL for node "test.fuel_analytics.source_accepted_values_raw_energy_market_prices_TICKER__CL_F__BZ_F__XLE__UGA.401cd46daf"
[0m16:44:28.436879 [debug] [Thread-2 (]: Began executing node test.fuel_analytics.source_accepted_values_raw_energy_market_prices_TICKER__CL_F__BZ_F__XLE__UGA.401cd46daf
[0m16:44:28.440107 [debug] [Thread-2 (]: Writing runtime sql for node "test.fuel_analytics.source_accepted_values_raw_energy_market_prices_TICKER__CL_F__BZ_F__XLE__UGA.401cd46daf"
[0m16:44:28.441512 [debug] [Thread-2 (]: Using snowflake connection "test.fuel_analytics.source_accepted_values_raw_energy_market_prices_TICKER__CL_F__BZ_F__XLE__UGA.401cd46daf"
[0m16:44:28.441845 [debug] [Thread-2 (]: On test.fuel_analytics.source_accepted_values_raw_energy_market_prices_TICKER__CL_F__BZ_F__XLE__UGA.401cd46daf: /* {"app": "dbt", "dbt_version": "1.11.8", "profile_name": "fuel_analytics", "target_name": "dev", "node_id": "test.fuel_analytics.source_accepted_values_raw_energy_market_prices_TICKER__CL_F__BZ_F__XLE__UGA.401cd46daf"} */
select
      count(*) as failures,
      count(*) != 0 as should_warn,
      count(*) != 0 as should_error
    from (
      
    
  
    
    

with all_values as (

    select
        TICKER as value_field,
        count(*) as n_records

    from USER_DB_FERRET.RAW.energy_market_prices
    group by TICKER

)

select *
from all_values
where value_field not in (
    'CL=F','BZ=F','XLE','UGA'
)



  
  
      
    ) dbt_internal_test
[0m16:44:28.442127 [debug] [Thread-2 (]: Opening a new connection, currently in state closed
[0m16:44:29.294790 [debug] [Thread-2 (]: SQL status: SUCCESS 1 in 0.852 seconds
[0m16:44:29.297737 [debug] [Thread-2 (]: On test.fuel_analytics.source_accepted_values_raw_energy_market_prices_TICKER__CL_F__BZ_F__XLE__UGA.401cd46daf: Close
[0m16:44:29.486024 [info ] [Thread-2 (]: 18 of 31 PASS source_accepted_values_raw_energy_market_prices_TICKER__CL_F__BZ_F__XLE__UGA  [[32mPASS[0m in 1.06s]
[0m16:44:29.487023 [debug] [Thread-2 (]: Finished running node test.fuel_analytics.source_accepted_values_raw_energy_market_prices_TICKER__CL_F__BZ_F__XLE__UGA.401cd46daf
[0m16:44:29.487579 [debug] [Thread-2 (]: Began running node test.fuel_analytics.source_accepted_values_raw_fuel_prices_REGION__US_NATIONAL.bc8541f77d
[0m16:44:29.488086 [info ] [Thread-2 (]: 19 of 31 START test source_accepted_values_raw_fuel_prices_REGION__US_NATIONAL . [RUN]
[0m16:44:29.488772 [debug] [Thread-2 (]: Re-using an available connection from the pool (formerly test.fuel_analytics.source_accepted_values_raw_energy_market_prices_TICKER__CL_F__BZ_F__XLE__UGA.401cd46daf, now test.fuel_analytics.source_accepted_values_raw_fuel_prices_REGION__US_NATIONAL.bc8541f77d)
[0m16:44:29.489201 [debug] [Thread-2 (]: Began compiling node test.fuel_analytics.source_accepted_values_raw_fuel_prices_REGION__US_NATIONAL.bc8541f77d
[0m16:44:29.494988 [debug] [Thread-2 (]: Writing injected SQL for node "test.fuel_analytics.source_accepted_values_raw_fuel_prices_REGION__US_NATIONAL.bc8541f77d"
[0m16:44:29.496026 [debug] [Thread-2 (]: Began executing node test.fuel_analytics.source_accepted_values_raw_fuel_prices_REGION__US_NATIONAL.bc8541f77d
[0m16:44:29.498318 [debug] [Thread-2 (]: Writing runtime sql for node "test.fuel_analytics.source_accepted_values_raw_fuel_prices_REGION__US_NATIONAL.bc8541f77d"
[0m16:44:29.499671 [debug] [Thread-2 (]: Using snowflake connection "test.fuel_analytics.source_accepted_values_raw_fuel_prices_REGION__US_NATIONAL.bc8541f77d"
[0m16:44:29.500137 [debug] [Thread-2 (]: On test.fuel_analytics.source_accepted_values_raw_fuel_prices_REGION__US_NATIONAL.bc8541f77d: /* {"app": "dbt", "dbt_version": "1.11.8", "profile_name": "fuel_analytics", "target_name": "dev", "node_id": "test.fuel_analytics.source_accepted_values_raw_fuel_prices_REGION__US_NATIONAL.bc8541f77d"} */
select
      count(*) as failures,
      count(*) != 0 as should_warn,
      count(*) != 0 as should_error
    from (
      
    
  
    
    

with all_values as (

    select
        REGION as value_field,
        count(*) as n_records

    from USER_DB_FERRET.RAW.fuel_prices
    group by REGION

)

select *
from all_values
where value_field not in (
    'US_NATIONAL'
)



  
  
      
    ) dbt_internal_test
[0m16:44:29.500581 [debug] [Thread-2 (]: Opening a new connection, currently in state closed
[0m16:44:31.207371 [debug] [Thread-2 (]: SQL status: SUCCESS 1 in 1.706 seconds
[0m16:44:31.210854 [debug] [Thread-2 (]: On test.fuel_analytics.source_accepted_values_raw_fuel_prices_REGION__US_NATIONAL.bc8541f77d: Close
[0m16:44:31.382179 [info ] [Thread-2 (]: 19 of 31 PASS source_accepted_values_raw_fuel_prices_REGION__US_NATIONAL ....... [[32mPASS[0m in 1.89s]
[0m16:44:31.383193 [debug] [Thread-2 (]: Finished running node test.fuel_analytics.source_accepted_values_raw_fuel_prices_REGION__US_NATIONAL.bc8541f77d
[0m16:44:31.383711 [debug] [Thread-2 (]: Began running node test.fuel_analytics.source_accepted_values_raw_fuel_prices_SOURCE__EIA_WEEKLY.9ee4079dce
[0m16:44:31.384202 [info ] [Thread-2 (]: 20 of 31 START test source_accepted_values_raw_fuel_prices_SOURCE__EIA_WEEKLY .. [RUN]
[0m16:44:31.384827 [debug] [Thread-2 (]: Re-using an available connection from the pool (formerly test.fuel_analytics.source_accepted_values_raw_fuel_prices_REGION__US_NATIONAL.bc8541f77d, now test.fuel_analytics.source_accepted_values_raw_fuel_prices_SOURCE__EIA_WEEKLY.9ee4079dce)
[0m16:44:31.385240 [debug] [Thread-2 (]: Began compiling node test.fuel_analytics.source_accepted_values_raw_fuel_prices_SOURCE__EIA_WEEKLY.9ee4079dce
[0m16:44:31.393810 [debug] [Thread-2 (]: Writing injected SQL for node "test.fuel_analytics.source_accepted_values_raw_fuel_prices_SOURCE__EIA_WEEKLY.9ee4079dce"
[0m16:44:31.395786 [debug] [Thread-2 (]: Began executing node test.fuel_analytics.source_accepted_values_raw_fuel_prices_SOURCE__EIA_WEEKLY.9ee4079dce
[0m16:44:31.398977 [debug] [Thread-2 (]: Writing runtime sql for node "test.fuel_analytics.source_accepted_values_raw_fuel_prices_SOURCE__EIA_WEEKLY.9ee4079dce"
[0m16:44:31.400471 [debug] [Thread-2 (]: Using snowflake connection "test.fuel_analytics.source_accepted_values_raw_fuel_prices_SOURCE__EIA_WEEKLY.9ee4079dce"
[0m16:44:31.400819 [debug] [Thread-2 (]: On test.fuel_analytics.source_accepted_values_raw_fuel_prices_SOURCE__EIA_WEEKLY.9ee4079dce: /* {"app": "dbt", "dbt_version": "1.11.8", "profile_name": "fuel_analytics", "target_name": "dev", "node_id": "test.fuel_analytics.source_accepted_values_raw_fuel_prices_SOURCE__EIA_WEEKLY.9ee4079dce"} */
select
      count(*) as failures,
      count(*) != 0 as should_warn,
      count(*) != 0 as should_error
    from (
      
    
  
    
    

with all_values as (

    select
        SOURCE as value_field,
        count(*) as n_records

    from USER_DB_FERRET.RAW.fuel_prices
    group by SOURCE

)

select *
from all_values
where value_field not in (
    'EIA_WEEKLY'
)



  
  
      
    ) dbt_internal_test
[0m16:44:31.401099 [debug] [Thread-2 (]: Opening a new connection, currently in state closed
[0m16:44:32.163180 [debug] [Thread-2 (]: SQL status: SUCCESS 1 in 0.762 seconds
[0m16:44:32.165881 [debug] [Thread-2 (]: On test.fuel_analytics.source_accepted_values_raw_fuel_prices_SOURCE__EIA_WEEKLY.9ee4079dce: Close
[0m16:44:32.340297 [info ] [Thread-2 (]: 20 of 31 PASS source_accepted_values_raw_fuel_prices_SOURCE__EIA_WEEKLY ........ [[32mPASS[0m in 0.96s]
[0m16:44:32.341308 [debug] [Thread-2 (]: Finished running node test.fuel_analytics.source_accepted_values_raw_fuel_prices_SOURCE__EIA_WEEKLY.9ee4079dce
[0m16:44:32.341794 [debug] [Thread-2 (]: Began running node test.fuel_analytics.source_accepted_values_raw_regional_fuel_prices_FUEL_TYPE__REGULAR_GASOLINE.62c36508d5
[0m16:44:32.342275 [info ] [Thread-2 (]: 21 of 31 START test source_accepted_values_raw_regional_fuel_prices_FUEL_TYPE__REGULAR_GASOLINE  [RUN]
[0m16:44:32.342831 [debug] [Thread-2 (]: Re-using an available connection from the pool (formerly test.fuel_analytics.source_accepted_values_raw_fuel_prices_SOURCE__EIA_WEEKLY.9ee4079dce, now test.fuel_analytics.source_accepted_values_raw_regional_fuel_prices_FUEL_TYPE__REGULAR_GASOLINE.62c36508d5)
[0m16:44:32.343253 [debug] [Thread-2 (]: Began compiling node test.fuel_analytics.source_accepted_values_raw_regional_fuel_prices_FUEL_TYPE__REGULAR_GASOLINE.62c36508d5
[0m16:44:32.349434 [debug] [Thread-2 (]: Writing injected SQL for node "test.fuel_analytics.source_accepted_values_raw_regional_fuel_prices_FUEL_TYPE__REGULAR_GASOLINE.62c36508d5"
[0m16:44:32.351043 [debug] [Thread-2 (]: Began executing node test.fuel_analytics.source_accepted_values_raw_regional_fuel_prices_FUEL_TYPE__REGULAR_GASOLINE.62c36508d5
[0m16:44:32.354252 [debug] [Thread-2 (]: Writing runtime sql for node "test.fuel_analytics.source_accepted_values_raw_regional_fuel_prices_FUEL_TYPE__REGULAR_GASOLINE.62c36508d5"
[0m16:44:32.355518 [debug] [Thread-2 (]: Using snowflake connection "test.fuel_analytics.source_accepted_values_raw_regional_fuel_prices_FUEL_TYPE__REGULAR_GASOLINE.62c36508d5"
[0m16:44:32.355900 [debug] [Thread-2 (]: On test.fuel_analytics.source_accepted_values_raw_regional_fuel_prices_FUEL_TYPE__REGULAR_GASOLINE.62c36508d5: /* {"app": "dbt", "dbt_version": "1.11.8", "profile_name": "fuel_analytics", "target_name": "dev", "node_id": "test.fuel_analytics.source_accepted_values_raw_regional_fuel_prices_FUEL_TYPE__REGULAR_GASOLINE.62c36508d5"} */
select
      count(*) as failures,
      count(*) != 0 as should_warn,
      count(*) != 0 as should_error
    from (
      
    
  
    
    

with all_values as (

    select
        FUEL_TYPE as value_field,
        count(*) as n_records

    from USER_DB_FERRET.RAW.regional_fuel_prices
    group by FUEL_TYPE

)

select *
from all_values
where value_field not in (
    'REGULAR_GASOLINE'
)



  
  
      
    ) dbt_internal_test
[0m16:44:32.356236 [debug] [Thread-2 (]: Opening a new connection, currently in state closed
[0m16:44:34.280297 [debug] [Thread-2 (]: SQL status: SUCCESS 1 in 1.924 seconds
[0m16:44:34.283597 [debug] [Thread-2 (]: On test.fuel_analytics.source_accepted_values_raw_regional_fuel_prices_FUEL_TYPE__REGULAR_GASOLINE.62c36508d5: Close
[0m16:44:34.475578 [info ] [Thread-2 (]: 21 of 31 PASS source_accepted_values_raw_regional_fuel_prices_FUEL_TYPE__REGULAR_GASOLINE  [[32mPASS[0m in 2.13s]
[0m16:44:34.476531 [debug] [Thread-2 (]: Finished running node test.fuel_analytics.source_accepted_values_raw_regional_fuel_prices_FUEL_TYPE__REGULAR_GASOLINE.62c36508d5
[0m16:44:34.476962 [debug] [Thread-2 (]: Began running node test.fuel_analytics.source_accepted_values_raw_regional_fuel_prices_REGION__EAST_COAST__MIDWEST__GULF_COAST__ROCKY_MOUNTAIN__WEST_COAST__CALIFORNIA.5219d58b40
[0m16:44:34.477344 [info ] [Thread-2 (]: 22 of 31 START test source_accepted_values_raw_regional_fuel_prices_REGION__EAST_COAST__MIDWEST__GULF_COAST__ROCKY_MOUNTAIN__WEST_COAST__CALIFORNIA  [RUN]
[0m16:44:34.477823 [debug] [Thread-2 (]: Re-using an available connection from the pool (formerly test.fuel_analytics.source_accepted_values_raw_regional_fuel_prices_FUEL_TYPE__REGULAR_GASOLINE.62c36508d5, now test.fuel_analytics.source_accepted_values_raw_regional_fuel_prices_REGION__EAST_COAST__MIDWEST__GULF_COAST__ROCKY_MOUNTAIN__WEST_COAST__CALIFORNIA.5219d58b40)
[0m16:44:34.478162 [debug] [Thread-2 (]: Began compiling node test.fuel_analytics.source_accepted_values_raw_regional_fuel_prices_REGION__EAST_COAST__MIDWEST__GULF_COAST__ROCKY_MOUNTAIN__WEST_COAST__CALIFORNIA.5219d58b40
[0m16:44:34.485343 [debug] [Thread-2 (]: Writing injected SQL for node "test.fuel_analytics.source_accepted_values_raw_regional_fuel_prices_REGION__EAST_COAST__MIDWEST__GULF_COAST__ROCKY_MOUNTAIN__WEST_COAST__CALIFORNIA.5219d58b40"
[0m16:44:34.486494 [debug] [Thread-2 (]: Began executing node test.fuel_analytics.source_accepted_values_raw_regional_fuel_prices_REGION__EAST_COAST__MIDWEST__GULF_COAST__ROCKY_MOUNTAIN__WEST_COAST__CALIFORNIA.5219d58b40
[0m16:44:34.488194 [debug] [Thread-2 (]: Writing runtime sql for node "test.fuel_analytics.source_accepted_values_raw_regional_fuel_prices_REGION__EAST_COAST__MIDWEST__GULF_COAST__ROCKY_MOUNTAIN__WEST_COAST__CALIFORNIA.5219d58b40"
[0m16:44:34.489210 [debug] [Thread-2 (]: Using snowflake connection "test.fuel_analytics.source_accepted_values_raw_regional_fuel_prices_REGION__EAST_COAST__MIDWEST__GULF_COAST__ROCKY_MOUNTAIN__WEST_COAST__CALIFORNIA.5219d58b40"
[0m16:44:34.489546 [debug] [Thread-2 (]: On test.fuel_analytics.source_accepted_values_raw_regional_fuel_prices_REGION__EAST_COAST__MIDWEST__GULF_COAST__ROCKY_MOUNTAIN__WEST_COAST__CALIFORNIA.5219d58b40: /* {"app": "dbt", "dbt_version": "1.11.8", "profile_name": "fuel_analytics", "target_name": "dev", "node_id": "test.fuel_analytics.source_accepted_values_raw_regional_fuel_prices_REGION__EAST_COAST__MIDWEST__GULF_COAST__ROCKY_MOUNTAIN__WEST_COAST__CALIFORNIA.5219d58b40"} */
select
      count(*) as failures,
      count(*) != 0 as should_warn,
      count(*) != 0 as should_error
    from (
      
    
  
    
    

with all_values as (

    select
        REGION as value_field,
        count(*) as n_records

    from USER_DB_FERRET.RAW.regional_fuel_prices
    group by REGION

)

select *
from all_values
where value_field not in (
    'EAST_COAST','MIDWEST','GULF_COAST','ROCKY_MOUNTAIN','WEST_COAST','CALIFORNIA'
)



  
  
      
    ) dbt_internal_test
[0m16:44:34.489799 [debug] [Thread-2 (]: Opening a new connection, currently in state closed
[0m16:44:35.291207 [debug] [Thread-2 (]: SQL status: SUCCESS 1 in 0.801 seconds
[0m16:44:35.294378 [debug] [Thread-2 (]: On test.fuel_analytics.source_accepted_values_raw_regional_fuel_prices_REGION__EAST_COAST__MIDWEST__GULF_COAST__ROCKY_MOUNTAIN__WEST_COAST__CALIFORNIA.5219d58b40: Close
[0m16:44:35.462061 [info ] [Thread-2 (]: 22 of 31 PASS source_accepted_values_raw_regional_fuel_prices_REGION__EAST_COAST__MIDWEST__GULF_COAST__ROCKY_MOUNTAIN__WEST_COAST__CALIFORNIA  [[32mPASS[0m in 0.98s]
[0m16:44:35.463046 [debug] [Thread-2 (]: Finished running node test.fuel_analytics.source_accepted_values_raw_regional_fuel_prices_REGION__EAST_COAST__MIDWEST__GULF_COAST__ROCKY_MOUNTAIN__WEST_COAST__CALIFORNIA.5219d58b40
[0m16:44:35.463488 [debug] [Thread-2 (]: Began running node test.fuel_analytics.source_not_null_raw_energy_market_prices_CLOSE_PRICE.df0315335a
[0m16:44:35.463881 [info ] [Thread-2 (]: 23 of 31 START test source_not_null_raw_energy_market_prices_CLOSE_PRICE ....... [RUN]
[0m16:44:35.464386 [debug] [Thread-2 (]: Re-using an available connection from the pool (formerly test.fuel_analytics.source_accepted_values_raw_regional_fuel_prices_REGION__EAST_COAST__MIDWEST__GULF_COAST__ROCKY_MOUNTAIN__WEST_COAST__CALIFORNIA.5219d58b40, now test.fuel_analytics.source_not_null_raw_energy_market_prices_CLOSE_PRICE.df0315335a)
[0m16:44:35.464769 [debug] [Thread-2 (]: Began compiling node test.fuel_analytics.source_not_null_raw_energy_market_prices_CLOSE_PRICE.df0315335a
[0m16:44:35.469750 [debug] [Thread-2 (]: Writing injected SQL for node "test.fuel_analytics.source_not_null_raw_energy_market_prices_CLOSE_PRICE.df0315335a"
[0m16:44:35.470701 [debug] [Thread-2 (]: Began executing node test.fuel_analytics.source_not_null_raw_energy_market_prices_CLOSE_PRICE.df0315335a
[0m16:44:35.472878 [debug] [Thread-2 (]: Writing runtime sql for node "test.fuel_analytics.source_not_null_raw_energy_market_prices_CLOSE_PRICE.df0315335a"
[0m16:44:35.473865 [debug] [Thread-2 (]: Using snowflake connection "test.fuel_analytics.source_not_null_raw_energy_market_prices_CLOSE_PRICE.df0315335a"
[0m16:44:35.474200 [debug] [Thread-2 (]: On test.fuel_analytics.source_not_null_raw_energy_market_prices_CLOSE_PRICE.df0315335a: /* {"app": "dbt", "dbt_version": "1.11.8", "profile_name": "fuel_analytics", "target_name": "dev", "node_id": "test.fuel_analytics.source_not_null_raw_energy_market_prices_CLOSE_PRICE.df0315335a"} */
select
      count(*) as failures,
      count(*) != 0 as should_warn,
      count(*) != 0 as should_error
    from (
      
    
  
    
    



select CLOSE_PRICE
from USER_DB_FERRET.RAW.energy_market_prices
where CLOSE_PRICE is null



  
  
      
    ) dbt_internal_test
[0m16:44:35.474474 [debug] [Thread-2 (]: Opening a new connection, currently in state closed
[0m16:44:36.223291 [debug] [Thread-2 (]: SQL status: SUCCESS 1 in 0.749 seconds
[0m16:44:36.225143 [debug] [Thread-2 (]: On test.fuel_analytics.source_not_null_raw_energy_market_prices_CLOSE_PRICE.df0315335a: Close
[0m16:44:36.421877 [info ] [Thread-2 (]: 23 of 31 PASS source_not_null_raw_energy_market_prices_CLOSE_PRICE ............. [[32mPASS[0m in 0.96s]
[0m16:44:36.422852 [debug] [Thread-2 (]: Finished running node test.fuel_analytics.source_not_null_raw_energy_market_prices_CLOSE_PRICE.df0315335a
[0m16:44:36.423283 [debug] [Thread-2 (]: Began running node test.fuel_analytics.source_not_null_raw_energy_market_prices_TICKER.bda3993d31
[0m16:44:36.423721 [info ] [Thread-2 (]: 24 of 31 START test source_not_null_raw_energy_market_prices_TICKER ............ [RUN]
[0m16:44:36.424247 [debug] [Thread-2 (]: Re-using an available connection from the pool (formerly test.fuel_analytics.source_not_null_raw_energy_market_prices_CLOSE_PRICE.df0315335a, now test.fuel_analytics.source_not_null_raw_energy_market_prices_TICKER.bda3993d31)
[0m16:44:36.424620 [debug] [Thread-2 (]: Began compiling node test.fuel_analytics.source_not_null_raw_energy_market_prices_TICKER.bda3993d31
[0m16:44:36.430059 [debug] [Thread-2 (]: Writing injected SQL for node "test.fuel_analytics.source_not_null_raw_energy_market_prices_TICKER.bda3993d31"
[0m16:44:36.431186 [debug] [Thread-2 (]: Began executing node test.fuel_analytics.source_not_null_raw_energy_market_prices_TICKER.bda3993d31
[0m16:44:36.433637 [debug] [Thread-2 (]: Writing runtime sql for node "test.fuel_analytics.source_not_null_raw_energy_market_prices_TICKER.bda3993d31"
[0m16:44:36.435237 [debug] [Thread-2 (]: Using snowflake connection "test.fuel_analytics.source_not_null_raw_energy_market_prices_TICKER.bda3993d31"
[0m16:44:36.435797 [debug] [Thread-2 (]: On test.fuel_analytics.source_not_null_raw_energy_market_prices_TICKER.bda3993d31: /* {"app": "dbt", "dbt_version": "1.11.8", "profile_name": "fuel_analytics", "target_name": "dev", "node_id": "test.fuel_analytics.source_not_null_raw_energy_market_prices_TICKER.bda3993d31"} */
select
      count(*) as failures,
      count(*) != 0 as should_warn,
      count(*) != 0 as should_error
    from (
      
    
  
    
    



select TICKER
from USER_DB_FERRET.RAW.energy_market_prices
where TICKER is null



  
  
      
    ) dbt_internal_test
[0m16:44:36.436316 [debug] [Thread-2 (]: Opening a new connection, currently in state closed
[0m16:44:37.288899 [debug] [Thread-2 (]: SQL status: SUCCESS 1 in 0.852 seconds
[0m16:44:37.291579 [debug] [Thread-2 (]: On test.fuel_analytics.source_not_null_raw_energy_market_prices_TICKER.bda3993d31: Close
[0m16:44:37.449123 [info ] [Thread-2 (]: 24 of 31 PASS source_not_null_raw_energy_market_prices_TICKER .................. [[32mPASS[0m in 1.02s]
[0m16:44:37.450536 [debug] [Thread-2 (]: Finished running node test.fuel_analytics.source_not_null_raw_energy_market_prices_TICKER.bda3993d31
[0m16:44:37.450999 [debug] [Thread-2 (]: Began running node test.fuel_analytics.source_not_null_raw_energy_market_prices_WEEK_DATE.e031e6eb80
[0m16:44:37.451425 [info ] [Thread-2 (]: 25 of 31 START test source_not_null_raw_energy_market_prices_WEEK_DATE ......... [RUN]
[0m16:44:37.451930 [debug] [Thread-2 (]: Re-using an available connection from the pool (formerly test.fuel_analytics.source_not_null_raw_energy_market_prices_TICKER.bda3993d31, now test.fuel_analytics.source_not_null_raw_energy_market_prices_WEEK_DATE.e031e6eb80)
[0m16:44:37.452221 [debug] [Thread-2 (]: Began compiling node test.fuel_analytics.source_not_null_raw_energy_market_prices_WEEK_DATE.e031e6eb80
[0m16:44:37.455805 [debug] [Thread-2 (]: Writing injected SQL for node "test.fuel_analytics.source_not_null_raw_energy_market_prices_WEEK_DATE.e031e6eb80"
[0m16:44:37.457948 [debug] [Thread-2 (]: Began executing node test.fuel_analytics.source_not_null_raw_energy_market_prices_WEEK_DATE.e031e6eb80
[0m16:44:37.459936 [debug] [Thread-2 (]: Writing runtime sql for node "test.fuel_analytics.source_not_null_raw_energy_market_prices_WEEK_DATE.e031e6eb80"
[0m16:44:37.460861 [debug] [Thread-2 (]: Using snowflake connection "test.fuel_analytics.source_not_null_raw_energy_market_prices_WEEK_DATE.e031e6eb80"
[0m16:44:37.461120 [debug] [Thread-2 (]: On test.fuel_analytics.source_not_null_raw_energy_market_prices_WEEK_DATE.e031e6eb80: /* {"app": "dbt", "dbt_version": "1.11.8", "profile_name": "fuel_analytics", "target_name": "dev", "node_id": "test.fuel_analytics.source_not_null_raw_energy_market_prices_WEEK_DATE.e031e6eb80"} */
select
      count(*) as failures,
      count(*) != 0 as should_warn,
      count(*) != 0 as should_error
    from (
      
    
  
    
    



select WEEK_DATE
from USER_DB_FERRET.RAW.energy_market_prices
where WEEK_DATE is null



  
  
      
    ) dbt_internal_test
[0m16:44:37.461347 [debug] [Thread-2 (]: Opening a new connection, currently in state closed
[0m16:44:38.289256 [debug] [Thread-2 (]: SQL status: SUCCESS 1 in 0.828 seconds
[0m16:44:38.291566 [debug] [Thread-2 (]: On test.fuel_analytics.source_not_null_raw_energy_market_prices_WEEK_DATE.e031e6eb80: Close
[0m16:44:38.590977 [info ] [Thread-2 (]: 25 of 31 PASS source_not_null_raw_energy_market_prices_WEEK_DATE ............... [[32mPASS[0m in 1.14s]
[0m16:44:38.591976 [debug] [Thread-2 (]: Finished running node test.fuel_analytics.source_not_null_raw_energy_market_prices_WEEK_DATE.e031e6eb80
[0m16:44:38.592443 [debug] [Thread-2 (]: Began running node test.fuel_analytics.source_not_null_raw_fuel_prices_REGION.83fced813d
[0m16:44:38.592893 [info ] [Thread-2 (]: 26 of 31 START test source_not_null_raw_fuel_prices_REGION ..................... [RUN]
[0m16:44:38.593425 [debug] [Thread-2 (]: Re-using an available connection from the pool (formerly test.fuel_analytics.source_not_null_raw_energy_market_prices_WEEK_DATE.e031e6eb80, now test.fuel_analytics.source_not_null_raw_fuel_prices_REGION.83fced813d)
[0m16:44:38.593804 [debug] [Thread-2 (]: Began compiling node test.fuel_analytics.source_not_null_raw_fuel_prices_REGION.83fced813d
[0m16:44:38.599371 [debug] [Thread-2 (]: Writing injected SQL for node "test.fuel_analytics.source_not_null_raw_fuel_prices_REGION.83fced813d"
[0m16:44:38.600485 [debug] [Thread-2 (]: Began executing node test.fuel_analytics.source_not_null_raw_fuel_prices_REGION.83fced813d
[0m16:44:38.602929 [debug] [Thread-2 (]: Writing runtime sql for node "test.fuel_analytics.source_not_null_raw_fuel_prices_REGION.83fced813d"
[0m16:44:38.604568 [debug] [Thread-2 (]: Using snowflake connection "test.fuel_analytics.source_not_null_raw_fuel_prices_REGION.83fced813d"
[0m16:44:38.605207 [debug] [Thread-2 (]: On test.fuel_analytics.source_not_null_raw_fuel_prices_REGION.83fced813d: /* {"app": "dbt", "dbt_version": "1.11.8", "profile_name": "fuel_analytics", "target_name": "dev", "node_id": "test.fuel_analytics.source_not_null_raw_fuel_prices_REGION.83fced813d"} */
select
      count(*) as failures,
      count(*) != 0 as should_warn,
      count(*) != 0 as should_error
    from (
      
    
  
    
    



select REGION
from USER_DB_FERRET.RAW.fuel_prices
where REGION is null



  
  
      
    ) dbt_internal_test
[0m16:44:38.605730 [debug] [Thread-2 (]: Opening a new connection, currently in state closed
[0m16:44:39.096113 [debug] [Thread-2 (]: SQL status: SUCCESS 1 in 0.490 seconds
[0m16:44:39.099843 [debug] [Thread-2 (]: On test.fuel_analytics.source_not_null_raw_fuel_prices_REGION.83fced813d: Close
[0m16:44:39.259799 [info ] [Thread-2 (]: 26 of 31 PASS source_not_null_raw_fuel_prices_REGION ........................... [[32mPASS[0m in 0.67s]
[0m16:44:39.260737 [debug] [Thread-2 (]: Finished running node test.fuel_analytics.source_not_null_raw_fuel_prices_REGION.83fced813d
[0m16:44:39.261194 [debug] [Thread-2 (]: Began running node test.fuel_analytics.source_not_null_raw_fuel_prices_REGULAR_GASOLINE_PRICE.44dd59ebfc
[0m16:44:39.261642 [info ] [Thread-2 (]: 27 of 31 START test source_not_null_raw_fuel_prices_REGULAR_GASOLINE_PRICE ..... [RUN]
[0m16:44:39.262188 [debug] [Thread-2 (]: Re-using an available connection from the pool (formerly test.fuel_analytics.source_not_null_raw_fuel_prices_REGION.83fced813d, now test.fuel_analytics.source_not_null_raw_fuel_prices_REGULAR_GASOLINE_PRICE.44dd59ebfc)
[0m16:44:39.262584 [debug] [Thread-2 (]: Began compiling node test.fuel_analytics.source_not_null_raw_fuel_prices_REGULAR_GASOLINE_PRICE.44dd59ebfc
[0m16:44:39.267916 [debug] [Thread-2 (]: Writing injected SQL for node "test.fuel_analytics.source_not_null_raw_fuel_prices_REGULAR_GASOLINE_PRICE.44dd59ebfc"
[0m16:44:39.269955 [debug] [Thread-2 (]: Began executing node test.fuel_analytics.source_not_null_raw_fuel_prices_REGULAR_GASOLINE_PRICE.44dd59ebfc
[0m16:44:39.272488 [debug] [Thread-2 (]: Writing runtime sql for node "test.fuel_analytics.source_not_null_raw_fuel_prices_REGULAR_GASOLINE_PRICE.44dd59ebfc"
[0m16:44:39.274077 [debug] [Thread-2 (]: Using snowflake connection "test.fuel_analytics.source_not_null_raw_fuel_prices_REGULAR_GASOLINE_PRICE.44dd59ebfc"
[0m16:44:39.274453 [debug] [Thread-2 (]: On test.fuel_analytics.source_not_null_raw_fuel_prices_REGULAR_GASOLINE_PRICE.44dd59ebfc: /* {"app": "dbt", "dbt_version": "1.11.8", "profile_name": "fuel_analytics", "target_name": "dev", "node_id": "test.fuel_analytics.source_not_null_raw_fuel_prices_REGULAR_GASOLINE_PRICE.44dd59ebfc"} */
select
      count(*) as failures,
      count(*) != 0 as should_warn,
      count(*) != 0 as should_error
    from (
      
    
  
    
    



select REGULAR_GASOLINE_PRICE
from USER_DB_FERRET.RAW.fuel_prices
where REGULAR_GASOLINE_PRICE is null



  
  
      
    ) dbt_internal_test
[0m16:44:39.274775 [debug] [Thread-2 (]: Opening a new connection, currently in state closed
[0m16:44:40.033325 [debug] [Thread-2 (]: SQL status: SUCCESS 1 in 0.758 seconds
[0m16:44:40.036388 [debug] [Thread-2 (]: On test.fuel_analytics.source_not_null_raw_fuel_prices_REGULAR_GASOLINE_PRICE.44dd59ebfc: Close
[0m16:44:40.197626 [info ] [Thread-2 (]: 27 of 31 PASS source_not_null_raw_fuel_prices_REGULAR_GASOLINE_PRICE ........... [[32mPASS[0m in 0.94s]
[0m16:44:40.198682 [debug] [Thread-2 (]: Finished running node test.fuel_analytics.source_not_null_raw_fuel_prices_REGULAR_GASOLINE_PRICE.44dd59ebfc
[0m16:44:40.199132 [debug] [Thread-2 (]: Began running node test.fuel_analytics.source_not_null_raw_fuel_prices_WEEK_DATE.d5d7761b87
[0m16:44:40.199563 [info ] [Thread-2 (]: 28 of 31 START test source_not_null_raw_fuel_prices_WEEK_DATE .................. [RUN]
[0m16:44:40.200083 [debug] [Thread-2 (]: Re-using an available connection from the pool (formerly test.fuel_analytics.source_not_null_raw_fuel_prices_REGULAR_GASOLINE_PRICE.44dd59ebfc, now test.fuel_analytics.source_not_null_raw_fuel_prices_WEEK_DATE.d5d7761b87)
[0m16:44:40.200498 [debug] [Thread-2 (]: Began compiling node test.fuel_analytics.source_not_null_raw_fuel_prices_WEEK_DATE.d5d7761b87
[0m16:44:40.206154 [debug] [Thread-2 (]: Writing injected SQL for node "test.fuel_analytics.source_not_null_raw_fuel_prices_WEEK_DATE.d5d7761b87"
[0m16:44:40.207229 [debug] [Thread-2 (]: Began executing node test.fuel_analytics.source_not_null_raw_fuel_prices_WEEK_DATE.d5d7761b87
[0m16:44:40.209475 [debug] [Thread-2 (]: Writing runtime sql for node "test.fuel_analytics.source_not_null_raw_fuel_prices_WEEK_DATE.d5d7761b87"
[0m16:44:40.210543 [debug] [Thread-2 (]: Using snowflake connection "test.fuel_analytics.source_not_null_raw_fuel_prices_WEEK_DATE.d5d7761b87"
[0m16:44:40.210860 [debug] [Thread-2 (]: On test.fuel_analytics.source_not_null_raw_fuel_prices_WEEK_DATE.d5d7761b87: /* {"app": "dbt", "dbt_version": "1.11.8", "profile_name": "fuel_analytics", "target_name": "dev", "node_id": "test.fuel_analytics.source_not_null_raw_fuel_prices_WEEK_DATE.d5d7761b87"} */
select
      count(*) as failures,
      count(*) != 0 as should_warn,
      count(*) != 0 as should_error
    from (
      
    
  
    
    



select WEEK_DATE
from USER_DB_FERRET.RAW.fuel_prices
where WEEK_DATE is null



  
  
      
    ) dbt_internal_test
[0m16:44:40.211129 [debug] [Thread-2 (]: Opening a new connection, currently in state closed
[0m16:44:41.037787 [debug] [Thread-2 (]: SQL status: SUCCESS 1 in 0.826 seconds
[0m16:44:41.042254 [debug] [Thread-2 (]: On test.fuel_analytics.source_not_null_raw_fuel_prices_WEEK_DATE.d5d7761b87: Close
[0m16:44:41.246964 [info ] [Thread-2 (]: 28 of 31 PASS source_not_null_raw_fuel_prices_WEEK_DATE ........................ [[32mPASS[0m in 1.05s]
[0m16:44:41.247975 [debug] [Thread-2 (]: Finished running node test.fuel_analytics.source_not_null_raw_fuel_prices_WEEK_DATE.d5d7761b87
[0m16:44:41.248424 [debug] [Thread-2 (]: Began running node test.fuel_analytics.source_not_null_raw_regional_fuel_prices_PRICE.c255f134aa
[0m16:44:41.248886 [info ] [Thread-2 (]: 29 of 31 START test source_not_null_raw_regional_fuel_prices_PRICE ............. [RUN]
[0m16:44:41.249439 [debug] [Thread-2 (]: Re-using an available connection from the pool (formerly test.fuel_analytics.source_not_null_raw_fuel_prices_WEEK_DATE.d5d7761b87, now test.fuel_analytics.source_not_null_raw_regional_fuel_prices_PRICE.c255f134aa)
[0m16:44:41.249790 [debug] [Thread-2 (]: Began compiling node test.fuel_analytics.source_not_null_raw_regional_fuel_prices_PRICE.c255f134aa
[0m16:44:41.254967 [debug] [Thread-2 (]: Writing injected SQL for node "test.fuel_analytics.source_not_null_raw_regional_fuel_prices_PRICE.c255f134aa"
[0m16:44:41.256005 [debug] [Thread-2 (]: Began executing node test.fuel_analytics.source_not_null_raw_regional_fuel_prices_PRICE.c255f134aa
[0m16:44:41.258613 [debug] [Thread-2 (]: Writing runtime sql for node "test.fuel_analytics.source_not_null_raw_regional_fuel_prices_PRICE.c255f134aa"
[0m16:44:41.259661 [debug] [Thread-2 (]: Using snowflake connection "test.fuel_analytics.source_not_null_raw_regional_fuel_prices_PRICE.c255f134aa"
[0m16:44:41.260104 [debug] [Thread-2 (]: On test.fuel_analytics.source_not_null_raw_regional_fuel_prices_PRICE.c255f134aa: /* {"app": "dbt", "dbt_version": "1.11.8", "profile_name": "fuel_analytics", "target_name": "dev", "node_id": "test.fuel_analytics.source_not_null_raw_regional_fuel_prices_PRICE.c255f134aa"} */
select
      count(*) as failures,
      count(*) != 0 as should_warn,
      count(*) != 0 as should_error
    from (
      
    
  
    
    



select PRICE
from USER_DB_FERRET.RAW.regional_fuel_prices
where PRICE is null



  
  
      
    ) dbt_internal_test
[0m16:44:41.260392 [debug] [Thread-2 (]: Opening a new connection, currently in state closed
[0m16:44:41.804096 [debug] [Thread-2 (]: SQL status: SUCCESS 1 in 0.543 seconds
[0m16:44:41.808450 [debug] [Thread-2 (]: On test.fuel_analytics.source_not_null_raw_regional_fuel_prices_PRICE.c255f134aa: Close
[0m16:44:42.114699 [info ] [Thread-2 (]: 29 of 31 PASS source_not_null_raw_regional_fuel_prices_PRICE ................... [[32mPASS[0m in 0.86s]
[0m16:44:42.115822 [debug] [Thread-2 (]: Finished running node test.fuel_analytics.source_not_null_raw_regional_fuel_prices_PRICE.c255f134aa
[0m16:44:42.116192 [debug] [Thread-2 (]: Began running node test.fuel_analytics.source_not_null_raw_regional_fuel_prices_REGION.1af3241c77
[0m16:44:42.116564 [info ] [Thread-2 (]: 30 of 31 START test source_not_null_raw_regional_fuel_prices_REGION ............ [RUN]
[0m16:44:42.116984 [debug] [Thread-2 (]: Re-using an available connection from the pool (formerly test.fuel_analytics.source_not_null_raw_regional_fuel_prices_PRICE.c255f134aa, now test.fuel_analytics.source_not_null_raw_regional_fuel_prices_REGION.1af3241c77)
[0m16:44:42.117426 [debug] [Thread-2 (]: Began compiling node test.fuel_analytics.source_not_null_raw_regional_fuel_prices_REGION.1af3241c77
[0m16:44:42.121959 [debug] [Thread-2 (]: Writing injected SQL for node "test.fuel_analytics.source_not_null_raw_regional_fuel_prices_REGION.1af3241c77"
[0m16:44:42.122813 [debug] [Thread-2 (]: Began executing node test.fuel_analytics.source_not_null_raw_regional_fuel_prices_REGION.1af3241c77
[0m16:44:42.124959 [debug] [Thread-2 (]: Writing runtime sql for node "test.fuel_analytics.source_not_null_raw_regional_fuel_prices_REGION.1af3241c77"
[0m16:44:42.126155 [debug] [Thread-2 (]: Using snowflake connection "test.fuel_analytics.source_not_null_raw_regional_fuel_prices_REGION.1af3241c77"
[0m16:44:42.126464 [debug] [Thread-2 (]: On test.fuel_analytics.source_not_null_raw_regional_fuel_prices_REGION.1af3241c77: /* {"app": "dbt", "dbt_version": "1.11.8", "profile_name": "fuel_analytics", "target_name": "dev", "node_id": "test.fuel_analytics.source_not_null_raw_regional_fuel_prices_REGION.1af3241c77"} */
select
      count(*) as failures,
      count(*) != 0 as should_warn,
      count(*) != 0 as should_error
    from (
      
    
  
    
    



select REGION
from USER_DB_FERRET.RAW.regional_fuel_prices
where REGION is null



  
  
      
    ) dbt_internal_test
[0m16:44:42.126729 [debug] [Thread-2 (]: Opening a new connection, currently in state closed
[0m16:44:43.377705 [debug] [Thread-2 (]: SQL status: SUCCESS 1 in 1.251 seconds
[0m16:44:43.379497 [debug] [Thread-2 (]: On test.fuel_analytics.source_not_null_raw_regional_fuel_prices_REGION.1af3241c77: Close
[0m16:44:43.608077 [info ] [Thread-2 (]: 30 of 31 PASS source_not_null_raw_regional_fuel_prices_REGION .................. [[32mPASS[0m in 1.49s]
[0m16:44:43.608996 [debug] [Thread-2 (]: Finished running node test.fuel_analytics.source_not_null_raw_regional_fuel_prices_REGION.1af3241c77
[0m16:44:43.609468 [debug] [Thread-2 (]: Began running node test.fuel_analytics.source_not_null_raw_regional_fuel_prices_WEEK_DATE.8c4a10038e
[0m16:44:43.609917 [info ] [Thread-2 (]: 31 of 31 START test source_not_null_raw_regional_fuel_prices_WEEK_DATE ......... [RUN]
[0m16:44:43.610455 [debug] [Thread-2 (]: Re-using an available connection from the pool (formerly test.fuel_analytics.source_not_null_raw_regional_fuel_prices_REGION.1af3241c77, now test.fuel_analytics.source_not_null_raw_regional_fuel_prices_WEEK_DATE.8c4a10038e)
[0m16:44:43.610839 [debug] [Thread-2 (]: Began compiling node test.fuel_analytics.source_not_null_raw_regional_fuel_prices_WEEK_DATE.8c4a10038e
[0m16:44:43.616073 [debug] [Thread-2 (]: Writing injected SQL for node "test.fuel_analytics.source_not_null_raw_regional_fuel_prices_WEEK_DATE.8c4a10038e"
[0m16:44:43.617144 [debug] [Thread-2 (]: Began executing node test.fuel_analytics.source_not_null_raw_regional_fuel_prices_WEEK_DATE.8c4a10038e
[0m16:44:43.619688 [debug] [Thread-2 (]: Writing runtime sql for node "test.fuel_analytics.source_not_null_raw_regional_fuel_prices_WEEK_DATE.8c4a10038e"
[0m16:44:43.620860 [debug] [Thread-2 (]: Using snowflake connection "test.fuel_analytics.source_not_null_raw_regional_fuel_prices_WEEK_DATE.8c4a10038e"
[0m16:44:43.621313 [debug] [Thread-2 (]: On test.fuel_analytics.source_not_null_raw_regional_fuel_prices_WEEK_DATE.8c4a10038e: /* {"app": "dbt", "dbt_version": "1.11.8", "profile_name": "fuel_analytics", "target_name": "dev", "node_id": "test.fuel_analytics.source_not_null_raw_regional_fuel_prices_WEEK_DATE.8c4a10038e"} */
select
      count(*) as failures,
      count(*) != 0 as should_warn,
      count(*) != 0 as should_error
    from (
      
    
  
    
    



select WEEK_DATE
from USER_DB_FERRET.RAW.regional_fuel_prices
where WEEK_DATE is null



  
  
      
    ) dbt_internal_test
[0m16:44:43.621653 [debug] [Thread-2 (]: Opening a new connection, currently in state closed
[0m16:44:44.286995 [debug] [Thread-2 (]: SQL status: SUCCESS 1 in 0.665 seconds
[0m16:44:44.290425 [debug] [Thread-2 (]: On test.fuel_analytics.source_not_null_raw_regional_fuel_prices_WEEK_DATE.8c4a10038e: Close
[0m16:44:44.482140 [info ] [Thread-2 (]: 31 of 31 PASS source_not_null_raw_regional_fuel_prices_WEEK_DATE ............... [[32mPASS[0m in 0.87s]
[0m16:44:44.483152 [debug] [Thread-2 (]: Finished running node test.fuel_analytics.source_not_null_raw_regional_fuel_prices_WEEK_DATE.8c4a10038e
[0m16:44:44.484939 [debug] [MainThread]: Connection 'master' was properly closed.
[0m16:44:44.485326 [debug] [MainThread]: Connection 'test.fuel_analytics.source_not_null_raw_regional_fuel_prices_WEEK_DATE.8c4a10038e' was properly closed.
[0m16:44:44.485694 [info ] [MainThread]: 
[0m16:44:44.486013 [info ] [MainThread]: Finished running 31 data tests in 0 hours 0 minutes and 50.06 seconds (50.06s).
[0m16:44:44.490246 [debug] [MainThread]: Command end result
[0m16:44:44.516719 [debug] [MainThread]: Wrote artifact WritableManifest to ./target/manifest.json
[0m16:44:44.518290 [debug] [MainThread]: Wrote artifact SemanticManifest to ./target/semantic_manifest.json
[0m16:44:44.523763 [debug] [MainThread]: Wrote artifact RunExecutionResult to ./target/run_results.json
[0m16:44:44.524008 [info ] [MainThread]: 
[0m16:44:44.524270 [info ] [MainThread]: [32mCompleted successfully[0m
[0m16:44:44.524469 [info ] [MainThread]: 
[0m16:44:44.524673 [info ] [MainThread]: Done. PASS=31 WARN=0 ERROR=0 SKIP=0 NO-OP=0 TOTAL=31
[0m16:44:44.531134 [debug] [MainThread]: Resource report: {"command_name": "test", "command_success": true, "command_wall_clock_time": 51.790844, "process_in_blocks": "0", "process_kernel_time": 1.744086, "process_mem_max_rss": "263831552", "process_out_blocks": "0", "process_user_time": 7.033656}
[0m16:44:44.531551 [debug] [MainThread]: Command `dbt test` succeeded at 16:44:44.531478 after 51.79 seconds
[0m16:44:44.531838 [debug] [MainThread]: Sending event: {'category': 'dbt', 'action': 'invocation', 'label': 'end', 'context': [<snowplow_tracker.self_describing_json.SelfDescribingJson object at 0x114db4f50>, <snowplow_tracker.self_describing_json.SelfDescribingJson object at 0x114d8af10>, <snowplow_tracker.self_describing_json.SelfDescribingJson object at 0x150f79f40>]}
[0m16:44:44.532110 [debug] [MainThread]: Flushing usage events
[0m16:44:45.063012 [debug] [MainThread]: An error was encountered while trying to flush usage events
[0m16:44:49.960106 [debug] [MainThread]: Sending event: {'category': 'dbt', 'action': 'invocation', 'label': 'start', 'context': [<snowplow_tracker.self_describing_json.SelfDescribingJson object at 0x1090dd010>, <snowplow_tracker.self_describing_json.SelfDescribingJson object at 0x10b0bb9d0>, <snowplow_tracker.self_describing_json.SelfDescribingJson object at 0x10b0bbc50>]}


============================== 16:44:49.963825 | 9c39fab3-1dda-4df3-a4fd-7d541b3bd3fa ==============================
[0m16:44:49.963825 [info ] [MainThread]: Running with dbt=1.11.8
[0m16:44:49.964279 [debug] [MainThread]: running dbt with arguments {'indirect_selection': 'eager', 'warn_error_options': 'WarnErrorOptionsV2(error=[], warn=[], silence=[])', 'introspect': 'True', 'partial_parse': 'True', 'log_cache_events': 'False', 'send_anonymous_usage_stats': 'True', 'log_format': 'default', 'version_check': 'True', 'cache_selected_only': 'False', 'target_path': 'None', 'write_json': 'True', 'debug': 'False', 'profiles_dir': '.', 'no_print': 'None', 'fail_fast': 'False', 'log_path': 'logs', 'empty': 'False', 'static_parser': 'True', 'invocation_command': 'dbt snapshot --profiles-dir . --project-dir .', 'printer_width': '80', 'warn_error': 'None', 'use_colors': 'True', 'quiet': 'False', 'use_experimental_parser': 'False'}
[0m16:44:51.092571 [debug] [MainThread]: Sending event: {'category': 'dbt', 'action': 'project_id', 'label': '9c39fab3-1dda-4df3-a4fd-7d541b3bd3fa', 'context': [<snowplow_tracker.self_describing_json.SelfDescribingJson object at 0x1096ddba0>]}
[0m16:44:51.131862 [debug] [MainThread]: Sending event: {'category': 'dbt', 'action': 'adapter_info', 'label': '9c39fab3-1dda-4df3-a4fd-7d541b3bd3fa', 'context': [<snowplow_tracker.self_describing_json.SelfDescribingJson object at 0x16c5f9bf0>]}
[0m16:44:51.133513 [info ] [MainThread]: Registered adapter: snowflake=1.8.0
[0m16:44:51.216778 [debug] [MainThread]: checksum: 7d524ac048c2100769df89d592e662e060a73ca564e31bd9c2a37efdfe8d8ab6, vars: {}, profile: , target: , version: 1.11.8
[0m16:44:51.315671 [debug] [MainThread]: Partial parsing enabled: 0 files deleted, 0 files added, 0 files changed.
[0m16:44:51.316085 [debug] [MainThread]: Nothing changed, skipping partial parsing.
[0m16:44:51.316288 [debug] [MainThread]: Partial parsing enabled, no changes found, skipping parsing
[0m16:44:51.355391 [debug] [MainThread]: Sending event: {'category': 'dbt', 'action': 'load_project', 'label': '9c39fab3-1dda-4df3-a4fd-7d541b3bd3fa', 'context': [<snowplow_tracker.self_describing_json.SelfDescribingJson object at 0x16c5cdb50>]}
[0m16:44:51.430517 [debug] [MainThread]: Wrote artifact WritableManifest to ./target/manifest.json
[0m16:44:51.432541 [debug] [MainThread]: Wrote artifact SemanticManifest to ./target/semantic_manifest.json
[0m16:44:51.440802 [debug] [MainThread]: Sending event: {'category': 'dbt', 'action': 'resource_counts', 'label': '9c39fab3-1dda-4df3-a4fd-7d541b3bd3fa', 'context': [<snowplow_tracker.self_describing_json.SelfDescribingJson object at 0x16cb67980>]}
[0m16:44:51.441209 [info ] [MainThread]: Found 4 models, 1 snapshot, 31 data tests, 3 sources, 493 macros
[0m16:44:51.441456 [debug] [MainThread]: Sending event: {'category': 'dbt', 'action': 'runnable_timing', 'label': '9c39fab3-1dda-4df3-a4fd-7d541b3bd3fa', 'context': [<snowplow_tracker.self_describing_json.SelfDescribingJson object at 0x16fe32c10>]}
[0m16:44:51.443026 [info ] [MainThread]: 
[0m16:44:51.443260 [info ] [MainThread]: Concurrency: 1 threads (target='dev')
[0m16:44:51.443429 [info ] [MainThread]: 
[0m16:44:51.443780 [debug] [MainThread]: Acquiring new snowflake connection 'master'
[0m16:44:51.444388 [debug] [ThreadPool]: Acquiring new snowflake connection 'list_FUEL_ANALYTICS_DB'
[0m16:44:51.454755 [debug] [ThreadPool]: Using snowflake connection "list_FUEL_ANALYTICS_DB"
[0m16:44:51.455030 [debug] [ThreadPool]: On list_FUEL_ANALYTICS_DB: /* {"app": "dbt", "dbt_version": "1.11.8", "profile_name": "fuel_analytics", "target_name": "dev", "connection_name": "list_FUEL_ANALYTICS_DB"} */
show terse schemas in database FUEL_ANALYTICS_DB
    limit 10000
[0m16:44:51.455220 [debug] [ThreadPool]: Opening a new connection, currently in state init
[0m16:44:54.132431 [debug] [ThreadPool]: SQL status: SUCCESS 7 in 2.677 seconds
[0m16:44:54.135123 [debug] [ThreadPool]: On list_FUEL_ANALYTICS_DB: Close
[0m16:44:54.302640 [debug] [ThreadPool]: Re-using an available connection from the pool (formerly list_FUEL_ANALYTICS_DB, now list_USER_DB_FERRET_DBT_DBT)
[0m16:44:54.312488 [debug] [ThreadPool]: Using snowflake connection "list_USER_DB_FERRET_DBT_DBT"
[0m16:44:54.312938 [debug] [ThreadPool]: On list_USER_DB_FERRET_DBT_DBT: /* {"app": "dbt", "dbt_version": "1.11.8", "profile_name": "fuel_analytics", "target_name": "dev", "connection_name": "list_USER_DB_FERRET_DBT_DBT"} */
show terse objects in USER_DB_FERRET.DBT_DBT limit 10000
[0m16:44:54.313230 [debug] [ThreadPool]: Opening a new connection, currently in state closed
[0m16:44:57.216745 [debug] [ThreadPool]: SQL status: SUCCESS 8 in 2.903 seconds
[0m16:44:57.219694 [debug] [ThreadPool]: On list_USER_DB_FERRET_DBT_DBT: Close
[0m16:44:57.392526 [debug] [ThreadPool]: Re-using an available connection from the pool (formerly list_USER_DB_FERRET_DBT_DBT, now list_FUEL_ANALYTICS_DB_DBT)
[0m16:44:57.398420 [debug] [ThreadPool]: Using snowflake connection "list_FUEL_ANALYTICS_DB_DBT"
[0m16:44:57.398966 [debug] [ThreadPool]: On list_FUEL_ANALYTICS_DB_DBT: /* {"app": "dbt", "dbt_version": "1.11.8", "profile_name": "fuel_analytics", "target_name": "dev", "connection_name": "list_FUEL_ANALYTICS_DB_DBT"} */
show terse objects in FUEL_ANALYTICS_DB.DBT limit 10000
[0m16:44:57.399210 [debug] [ThreadPool]: Opening a new connection, currently in state closed
[0m16:44:57.939172 [debug] [ThreadPool]: SQL status: SUCCESS 1 in 0.540 seconds
[0m16:44:57.942401 [debug] [ThreadPool]: On list_FUEL_ANALYTICS_DB_DBT: Close
[0m16:44:58.123757 [debug] [MainThread]: Sending event: {'category': 'dbt', 'action': 'runnable_timing', 'label': '9c39fab3-1dda-4df3-a4fd-7d541b3bd3fa', 'context': [<snowplow_tracker.self_describing_json.SelfDescribingJson object at 0x173933ba0>]}
[0m16:44:58.127364 [debug] [Thread-2 (]: Began running node snapshot.fuel_analytics.fuel_prices_snapshot
[0m16:44:58.127795 [info ] [Thread-2 (]: 1 of 1 START snapshot FUEL_ANALYTICS_DB.DBT.fuel_prices_snapshot ............... [RUN]
[0m16:44:58.128150 [debug] [Thread-2 (]: Re-using an available connection from the pool (formerly list_FUEL_ANALYTICS_DB_DBT, now snapshot.fuel_analytics.fuel_prices_snapshot)
[0m16:44:58.128393 [debug] [Thread-2 (]: Began compiling node snapshot.fuel_analytics.fuel_prices_snapshot
[0m16:44:58.134472 [debug] [Thread-2 (]: Began executing node snapshot.fuel_analytics.fuel_prices_snapshot
[0m16:44:58.169121 [debug] [Thread-2 (]: Using snowflake connection "snapshot.fuel_analytics.fuel_prices_snapshot"
[0m16:44:58.169489 [debug] [Thread-2 (]: On snapshot.fuel_analytics.fuel_prices_snapshot: /* {"app": "dbt", "dbt_version": "1.11.8", "profile_name": "fuel_analytics", "target_name": "dev", "node_id": "snapshot.fuel_analytics.fuel_prices_snapshot"} */
describe table "FUEL_ANALYTICS_DB"."DBT"."FUEL_PRICES_SNAPSHOT"
[0m16:44:58.169724 [debug] [Thread-2 (]: Opening a new connection, currently in state closed
[0m16:44:59.019933 [debug] [Thread-2 (]: SQL status: SUCCESS 13 in 0.850 seconds
[0m16:44:59.076522 [debug] [Thread-2 (]: Using snowflake connection "snapshot.fuel_analytics.fuel_prices_snapshot"
[0m16:44:59.077230 [debug] [Thread-2 (]: On snapshot.fuel_analytics.fuel_prices_snapshot: /* {"app": "dbt", "dbt_version": "1.11.8", "profile_name": "fuel_analytics", "target_name": "dev", "node_id": "snapshot.fuel_analytics.fuel_prices_snapshot"} */
create or replace temporary table "FUEL_ANALYTICS_DB"."DBT"."FUEL_PRICES_SNAPSHOT__dbt_tmp"
         as
        (
    
    with snapshot_query as (

        



SELECT
    WEEK_DATE,
    REGION,
    REGULAR_GASOLINE_PRICE,
    MIDGRADE_GASOLINE_PRICE,
    PREMIUM_GASOLINE_PRICE,
    DIESEL_PRICE,
    PRICE_UNIT,
    SOURCE,
    LOAD_TS
FROM USER_DB_FERRET.RAW.fuel_prices


    ),

    snapshotted_data as (

        select *, 
    
        
            WEEK_DATE as dbt_unique_key_1 ,
        
            REGION as dbt_unique_key_2
        
    

        from "FUEL_ANALYTICS_DB"."DBT"."FUEL_PRICES_SNAPSHOT"
        where
            
                dbt_valid_to is null
            

    ),

    insertions_source_data as (

        select *, 
    
        
            WEEK_DATE as dbt_unique_key_1 ,
        
            REGION as dbt_unique_key_2
        
    
,
            LOAD_TS as dbt_updated_at,
            LOAD_TS as dbt_valid_from,
            
  
  coalesce(nullif(LOAD_TS, LOAD_TS), null)
  as dbt_valid_to
,
            md5(coalesce(cast(WEEK_DATE as varchar ), '')
         || '|' || coalesce(cast(REGION as varchar ), '')
         || '|' || coalesce(cast(LOAD_TS as varchar ), '')
        ) as dbt_scd_id

        from snapshot_query
    ),

    updates_source_data as (

        select *, 
    
        
            WEEK_DATE as dbt_unique_key_1 ,
        
            REGION as dbt_unique_key_2
        
    
,
            LOAD_TS as dbt_updated_at,
            LOAD_TS as dbt_valid_from,
            LOAD_TS as dbt_valid_to

        from snapshot_query
    ),

    deletes_source_data as (

        select *, 
    
        
            WEEK_DATE as dbt_unique_key_1 ,
        
            REGION as dbt_unique_key_2
        
    

        from snapshot_query
    ),
    

    insertions as (

        select
            'insert' as dbt_change_type,
            source_data.*

        from insertions_source_data as source_data
        left outer join snapshotted_data
            on 
    
        
	    
	    
	    (snapshotted_data.dbt_unique_key_1 = source_data.dbt_unique_key_1)
 and
        
	    
	    
	    (snapshotted_data.dbt_unique_key_2 = source_data.dbt_unique_key_2)

        
    

            where 
    
        snapshotted_data.dbt_unique_key_1 is null
    

            or (
    
        snapshotted_data.dbt_unique_key_1 is not null
    
 and (
               (snapshotted_data.dbt_valid_from < source_data.LOAD_TS)
            )

        )

    ),

    updates as (

        select
            'update' as dbt_change_type,
            source_data.*,
            snapshotted_data.dbt_scd_id

        from updates_source_data as source_data
        join snapshotted_data
            on 
    
        
	    
	    
	    (snapshotted_data.dbt_unique_key_1 = source_data.dbt_unique_key_1)
 and
        
	    
	    
	    (snapshotted_data.dbt_unique_key_2 = source_data.dbt_unique_key_2)

        
    

        where (
            (snapshotted_data.dbt_valid_from < source_data.LOAD_TS)
        )
    )
    ,
    deletes as (

        select
            'delete' as dbt_change_type,
            source_data.*,
            to_timestamp_ntz(convert_timezone('UTC', current_timestamp())) as dbt_valid_from,
            to_timestamp_ntz(convert_timezone('UTC', current_timestamp())) as dbt_updated_at,
            to_timestamp_ntz(convert_timezone('UTC', current_timestamp())) as dbt_valid_to,
            snapshotted_data.dbt_scd_id
        from snapshotted_data
        left join deletes_source_data as source_data
            on 
    
        
	    
	    
	    (snapshotted_data.dbt_unique_key_1 = source_data.dbt_unique_key_1)
 and
        
	    
	    
	    (snapshotted_data.dbt_unique_key_2 = source_data.dbt_unique_key_2)

        
    

            where 
    
        source_data.dbt_unique_key_1 is null
    

    )

    select * from insertions
    union all
    select * from updates
    union all
    select * from deletes

        );
[0m16:45:00.906355 [debug] [Thread-2 (]: SQL status: SUCCESS 1 in 1.828 seconds
[0m16:45:00.910109 [debug] [Thread-2 (]: Using snowflake connection "snapshot.fuel_analytics.fuel_prices_snapshot"
[0m16:45:00.910563 [debug] [Thread-2 (]: On snapshot.fuel_analytics.fuel_prices_snapshot: /* {"app": "dbt", "dbt_version": "1.11.8", "profile_name": "fuel_analytics", "target_name": "dev", "node_id": "snapshot.fuel_analytics.fuel_prices_snapshot"} */
describe table "FUEL_ANALYTICS_DB"."DBT"."FUEL_PRICES_SNAPSHOT__dbt_tmp"
[0m16:45:01.048025 [debug] [Thread-2 (]: SQL status: SUCCESS 16 in 0.137 seconds
[0m16:45:01.053233 [debug] [Thread-2 (]: Using snowflake connection "snapshot.fuel_analytics.fuel_prices_snapshot"
[0m16:45:01.054695 [debug] [Thread-2 (]: On snapshot.fuel_analytics.fuel_prices_snapshot: /* {"app": "dbt", "dbt_version": "1.11.8", "profile_name": "fuel_analytics", "target_name": "dev", "node_id": "snapshot.fuel_analytics.fuel_prices_snapshot"} */
describe table "FUEL_ANALYTICS_DB"."DBT"."FUEL_PRICES_SNAPSHOT"
[0m16:45:01.160342 [debug] [Thread-2 (]: SQL status: SUCCESS 13 in 0.105 seconds
[0m16:45:01.165925 [debug] [Thread-2 (]: Using snowflake connection "snapshot.fuel_analytics.fuel_prices_snapshot"
[0m16:45:01.166585 [debug] [Thread-2 (]: On snapshot.fuel_analytics.fuel_prices_snapshot: /* {"app": "dbt", "dbt_version": "1.11.8", "profile_name": "fuel_analytics", "target_name": "dev", "node_id": "snapshot.fuel_analytics.fuel_prices_snapshot"} */
describe table "FUEL_ANALYTICS_DB"."DBT"."FUEL_PRICES_SNAPSHOT__dbt_tmp"
[0m16:45:01.269990 [debug] [Thread-2 (]: SQL status: SUCCESS 16 in 0.103 seconds
[0m16:45:01.276128 [debug] [Thread-2 (]: Using snowflake connection "snapshot.fuel_analytics.fuel_prices_snapshot"
[0m16:45:01.276885 [debug] [Thread-2 (]: On snapshot.fuel_analytics.fuel_prices_snapshot: /* {"app": "dbt", "dbt_version": "1.11.8", "profile_name": "fuel_analytics", "target_name": "dev", "node_id": "snapshot.fuel_analytics.fuel_prices_snapshot"} */
describe table "FUEL_ANALYTICS_DB"."DBT"."FUEL_PRICES_SNAPSHOT"
[0m16:45:01.455387 [debug] [Thread-2 (]: SQL status: SUCCESS 13 in 0.178 seconds
[0m16:45:01.465558 [debug] [Thread-2 (]: Using snowflake connection "snapshot.fuel_analytics.fuel_prices_snapshot"
[0m16:45:01.466194 [debug] [Thread-2 (]: On snapshot.fuel_analytics.fuel_prices_snapshot: /* {"app": "dbt", "dbt_version": "1.11.8", "profile_name": "fuel_analytics", "target_name": "dev", "node_id": "snapshot.fuel_analytics.fuel_prices_snapshot"} */
describe table "FUEL_ANALYTICS_DB"."DBT"."FUEL_PRICES_SNAPSHOT__dbt_tmp"
[0m16:45:01.581793 [debug] [Thread-2 (]: SQL status: SUCCESS 16 in 0.115 seconds
[0m16:45:01.606174 [debug] [Thread-2 (]: Using snowflake connection "snapshot.fuel_analytics.fuel_prices_snapshot"
[0m16:45:01.606837 [debug] [Thread-2 (]: On snapshot.fuel_analytics.fuel_prices_snapshot: /* {"app": "dbt", "dbt_version": "1.11.8", "profile_name": "fuel_analytics", "target_name": "dev", "node_id": "snapshot.fuel_analytics.fuel_prices_snapshot"} */
/* {"app": "dbt", "dbt_version": "1.11.8", "profile_name": "fuel_analytics", "target_name": "dev", "node_id": "snapshot.fuel_analytics.fuel_prices_snapshot"} */
select * from (
        
    
    with snapshot_query as (

        



SELECT
    WEEK_DATE,
    REGION,
    REGULAR_GASOLINE_PRICE,
    MIDGRADE_GASOLINE_PRICE,
    PREMIUM_GASOLINE_PRICE,
    DIESEL_PRICE,
    PRICE_UNIT,
    SOURCE,
    LOAD_TS
FROM USER_DB_FERRET.RAW.fuel_prices


    ),

    snapshotted_data as (

        select *, 
    
        
            WEEK_DATE as dbt_unique_key_1 ,
        
            REGION as dbt_unique_key_2
        
    

        from "FUEL_ANALYTICS_DB"."DBT"."FUEL_PRICES_SNAPSHOT"
        where
            
                dbt_valid_to is null
            

    ),

    insertions_source_data as (

        select *, 
    
        
            WEEK_DATE as dbt_unique_key_1 ,
        
            REGION as dbt_unique_key_2
        
    
,
            LOAD_TS as dbt_updated_at,
            LOAD_TS as dbt_valid_from,
            
  
  coalesce(nullif(LOAD_TS, LOAD_TS), null)
  as dbt_valid_to
,
            md5(coalesce(cast(WEEK_DATE as varchar ), '')
         || '|' || coalesce(cast(REGION as varchar ), '')
         || '|' || coalesce(cast(LOAD_TS as varchar ), '')
        ) as dbt_scd_id

        from snapshot_query
    ),

    updates_source_data as (

        select *, 
    
        
            WEEK_DATE as dbt_unique_key_1 ,
        
            REGION as dbt_unique_key_2
        
    
,
            LOAD_TS as dbt_updated_at,
            LOAD_TS as dbt_valid_from,
            LOAD_TS as dbt_valid_to

        from snapshot_query
    ),

    deletes_source_data as (

        select *, 
    
        
            WEEK_DATE as dbt_unique_key_1 ,
        
            REGION as dbt_unique_key_2
        
    

        from snapshot_query
    ),
    

    insertions as (

        select
            'insert' as dbt_change_type,
            source_data.*

        from insertions_source_data as source_data
        left outer join snapshotted_data
            on 
    
        
	    
	    
	    (snapshotted_data.dbt_unique_key_1 = source_data.dbt_unique_key_1)
 and
        
	    
	    
	    (snapshotted_data.dbt_unique_key_2 = source_data.dbt_unique_key_2)

        
    

            where 
    
        snapshotted_data.dbt_unique_key_1 is null
    

            or (
    
        snapshotted_data.dbt_unique_key_1 is not null
    
 and (
               (snapshotted_data.dbt_valid_from < source_data.LOAD_TS)
            )

        )

    ),

    updates as (

        select
            'update' as dbt_change_type,
            source_data.*,
            snapshotted_data.dbt_scd_id

        from updates_source_data as source_data
        join snapshotted_data
            on 
    
        
	    
	    
	    (snapshotted_data.dbt_unique_key_1 = source_data.dbt_unique_key_1)
 and
        
	    
	    
	    (snapshotted_data.dbt_unique_key_2 = source_data.dbt_unique_key_2)

        
    

        where (
            (snapshotted_data.dbt_valid_from < source_data.LOAD_TS)
        )
    )
    ,
    deletes as (

        select
            'delete' as dbt_change_type,
            source_data.*,
            to_timestamp_ntz(convert_timezone('UTC', current_timestamp())) as dbt_valid_from,
            to_timestamp_ntz(convert_timezone('UTC', current_timestamp())) as dbt_updated_at,
            to_timestamp_ntz(convert_timezone('UTC', current_timestamp())) as dbt_valid_to,
            snapshotted_data.dbt_scd_id
        from snapshotted_data
        left join deletes_source_data as source_data
            on 
    
        
	    
	    
	    (snapshotted_data.dbt_unique_key_1 = source_data.dbt_unique_key_1)
 and
        
	    
	    
	    (snapshotted_data.dbt_unique_key_2 = source_data.dbt_unique_key_2)

        
    

            where 
    
        source_data.dbt_unique_key_1 is null
    

    )

    select * from insertions
    union all
    select * from updates
    union all
    select * from deletes

    ) as __dbt_sbq
    where false
    limit 0
[0m16:45:01.820971 [debug] [Thread-2 (]: SQL status: SUCCESS 0 in 0.213 seconds
[0m16:45:01.826077 [debug] [Thread-2 (]: Using snowflake connection "snapshot.fuel_analytics.fuel_prices_snapshot"
[0m16:45:01.826564 [debug] [Thread-2 (]: On snapshot.fuel_analytics.fuel_prices_snapshot: /* {"app": "dbt", "dbt_version": "1.11.8", "profile_name": "fuel_analytics", "target_name": "dev", "node_id": "snapshot.fuel_analytics.fuel_prices_snapshot"} */
/* {"app": "dbt", "dbt_version": "1.11.8", "profile_name": "fuel_analytics", "target_name": "dev", "node_id": "snapshot.fuel_analytics.fuel_prices_snapshot"} */
select * from (
        select to_timestamp_ntz(convert_timezone('UTC', current_timestamp())) as dbt_snapshot_time
    ) as __dbt_sbq
    where false
    limit 0
[0m16:45:01.935539 [debug] [Thread-2 (]: SQL status: SUCCESS 0 in 0.108 seconds
[0m16:45:01.936871 [debug] [Thread-2 (]: Writing runtime sql for node "snapshot.fuel_analytics.fuel_prices_snapshot"
[0m16:45:01.938688 [debug] [Thread-2 (]: Using snowflake connection "snapshot.fuel_analytics.fuel_prices_snapshot"
[0m16:45:01.939045 [debug] [Thread-2 (]: On snapshot.fuel_analytics.fuel_prices_snapshot: /* {"app": "dbt", "dbt_version": "1.11.8", "profile_name": "fuel_analytics", "target_name": "dev", "node_id": "snapshot.fuel_analytics.fuel_prices_snapshot"} */
BEGIN
[0m16:45:02.125145 [debug] [Thread-2 (]: SQL status: SUCCESS 1 in 0.185 seconds
[0m16:45:02.126480 [debug] [Thread-2 (]: Using snowflake connection "snapshot.fuel_analytics.fuel_prices_snapshot"
[0m16:45:02.127175 [debug] [Thread-2 (]: On snapshot.fuel_analytics.fuel_prices_snapshot: /* {"app": "dbt", "dbt_version": "1.11.8", "profile_name": "fuel_analytics", "target_name": "dev", "node_id": "snapshot.fuel_analytics.fuel_prices_snapshot"} */
merge into "FUEL_ANALYTICS_DB"."DBT"."FUEL_PRICES_SNAPSHOT" as DBT_INTERNAL_DEST
    using "FUEL_ANALYTICS_DB"."DBT"."FUEL_PRICES_SNAPSHOT__dbt_tmp" as DBT_INTERNAL_SOURCE
    on DBT_INTERNAL_SOURCE.dbt_scd_id = DBT_INTERNAL_DEST.dbt_scd_id

    when matched
     
       and DBT_INTERNAL_DEST.dbt_valid_to is null
     
     and DBT_INTERNAL_SOURCE.dbt_change_type in ('update', 'delete')
        then update
        set dbt_valid_to = DBT_INTERNAL_SOURCE.dbt_valid_to

    when not matched
     and DBT_INTERNAL_SOURCE.dbt_change_type = 'insert'
        then insert ("WEEK_DATE", "REGION", "REGULAR_GASOLINE_PRICE", "MIDGRADE_GASOLINE_PRICE", "PREMIUM_GASOLINE_PRICE", "DIESEL_PRICE", "PRICE_UNIT", "SOURCE", "LOAD_TS", "DBT_UPDATED_AT", "DBT_VALID_FROM", "DBT_VALID_TO", "DBT_SCD_ID")
        values ("WEEK_DATE", "REGION", "REGULAR_GASOLINE_PRICE", "MIDGRADE_GASOLINE_PRICE", "PREMIUM_GASOLINE_PRICE", "DIESEL_PRICE", "PRICE_UNIT", "SOURCE", "LOAD_TS", "DBT_UPDATED_AT", "DBT_VALID_FROM", "DBT_VALID_TO", "DBT_SCD_ID")

;
[0m16:45:03.155597 [debug] [Thread-2 (]: SQL status: SUCCESS 400 in 1.028 seconds
[0m16:45:03.156505 [debug] [Thread-2 (]: Using snowflake connection "snapshot.fuel_analytics.fuel_prices_snapshot"
[0m16:45:03.156892 [debug] [Thread-2 (]: On snapshot.fuel_analytics.fuel_prices_snapshot: /* {"app": "dbt", "dbt_version": "1.11.8", "profile_name": "fuel_analytics", "target_name": "dev", "node_id": "snapshot.fuel_analytics.fuel_prices_snapshot"} */
COMMIT
[0m16:45:03.727823 [debug] [Thread-2 (]: SQL status: SUCCESS 1 in 0.570 seconds
[0m16:45:03.749455 [debug] [Thread-2 (]: On snapshot.fuel_analytics.fuel_prices_snapshot: Close
[0m16:45:03.905440 [debug] [Thread-2 (]: Sending event: {'category': 'dbt', 'action': 'run_model', 'label': '9c39fab3-1dda-4df3-a4fd-7d541b3bd3fa', 'context': [<snowplow_tracker.self_describing_json.SelfDescribingJson object at 0x173e0c7d0>]}
[0m16:45:03.906852 [info ] [Thread-2 (]: 1 of 1 OK snapshotted FUEL_ANALYTICS_DB.DBT.fuel_prices_snapshot ............... [[32mSUCCESS 400[0m in 5.77s]
[0m16:45:03.907578 [debug] [Thread-2 (]: Finished running node snapshot.fuel_analytics.fuel_prices_snapshot
[0m16:45:03.909368 [debug] [MainThread]: Connection 'master' was properly closed.
[0m16:45:03.909713 [debug] [MainThread]: Connection 'snapshot.fuel_analytics.fuel_prices_snapshot' was properly closed.
[0m16:45:03.910021 [info ] [MainThread]: 
[0m16:45:03.910359 [info ] [MainThread]: Finished running 1 snapshot in 0 hours 0 minutes and 12.47 seconds (12.47s).
[0m16:45:03.911035 [debug] [MainThread]: Command end result
[0m16:45:03.942394 [debug] [MainThread]: Wrote artifact WritableManifest to ./target/manifest.json
[0m16:45:03.945172 [debug] [MainThread]: Wrote artifact SemanticManifest to ./target/semantic_manifest.json
[0m16:45:03.949803 [debug] [MainThread]: Wrote artifact RunExecutionResult to ./target/run_results.json
[0m16:45:03.950034 [info ] [MainThread]: 
[0m16:45:03.950327 [info ] [MainThread]: [32mCompleted successfully[0m
[0m16:45:03.950526 [info ] [MainThread]: 
[0m16:45:03.950734 [info ] [MainThread]: Done. PASS=1 WARN=0 ERROR=0 SKIP=0 NO-OP=0 TOTAL=1
[0m16:45:03.957322 [debug] [MainThread]: Resource report: {"command_name": "snapshot", "command_success": true, "command_wall_clock_time": 14.04664, "process_in_blocks": "0", "process_kernel_time": 2.5365, "process_mem_max_rss": "271024128", "process_out_blocks": "0", "process_user_time": 3.73815}
[0m16:45:03.958006 [debug] [MainThread]: Command `dbt snapshot` succeeded at 16:45:03.957879 after 14.05 seconds
[0m16:45:03.958412 [debug] [MainThread]: Sending event: {'category': 'dbt', 'action': 'invocation', 'label': 'end', 'context': [<snowplow_tracker.self_describing_json.SelfDescribingJson object at 0x16fe2b3e0>, <snowplow_tracker.self_describing_json.SelfDescribingJson object at 0x17414eb70>, <snowplow_tracker.self_describing_json.SelfDescribingJson object at 0x17414f1b0>]}
[0m16:45:03.958736 [debug] [MainThread]: Flushing usage events
[0m16:45:04.341117 [debug] [MainThread]: An error was encountered while trying to flush usage events
[0m16:49:43.722333 [debug] [MainThread]: Sending event: {'category': 'dbt', 'action': 'invocation', 'label': 'start', 'context': [<snowplow_tracker.self_describing_json.SelfDescribingJson object at 0x11e8d9010>, <snowplow_tracker.self_describing_json.SelfDescribingJson object at 0x11febbd90>, <snowplow_tracker.self_describing_json.SelfDescribingJson object at 0x11febbc50>]}


============================== 16:49:43.728412 | fc557e25-6ef1-44ab-b8ac-247825167599 ==============================
[0m16:49:43.728412 [info ] [MainThread]: Running with dbt=1.11.8
[0m16:49:43.729101 [debug] [MainThread]: running dbt with arguments {'cache_selected_only': 'False', 'empty': 'None', 'profiles_dir': '.', 'invocation_command': 'dbt clean --profiles-dir . --project-dir .', 'log_cache_events': 'False', 'static_parser': 'True', 'introspect': 'True', 'warn_error': 'None', 'printer_width': '80', 'debug': 'False', 'use_colors': 'True', 'target_path': 'None', 'partial_parse': 'True', 'use_experimental_parser': 'False', 'indirect_selection': 'eager', 'fail_fast': 'False', 'send_anonymous_usage_stats': 'True', 'log_path': 'logs', 'version_check': 'True', 'write_json': 'True', 'log_format': 'default', 'quiet': 'False', 'no_print': 'None', 'warn_error_options': 'WarnErrorOptionsV2(error=[], warn=[], silence=[])'}
[0m16:49:43.894228 [debug] [MainThread]: Sending event: {'category': 'dbt', 'action': 'project_id', 'label': 'fc557e25-6ef1-44ab-b8ac-247825167599', 'context': [<snowplow_tracker.self_describing_json.SelfDescribingJson object at 0x11ecd9ba0>]}
[0m16:49:43.911286 [error] [MainThread]: Encountered an error:
Runtime Error
  dbt will not clean the following directories outside the project: ['/Users/kshitijarohandeshmukh/Downloads/DATA226_Data_Warehouse/gp9/fuel_price_project/dbt/dbt_packages', '/Users/kshitijarohandeshmukh/Downloads/DATA226_Data_Warehouse/gp9/fuel_price_project/dbt/target']
[0m16:49:43.914421 [debug] [MainThread]: Resource report: {"command_name": "clean", "command_success": false, "command_wall_clock_time": 0.25399363, "process_in_blocks": "0", "process_kernel_time": 0.295478, "process_mem_max_rss": "138412032", "process_out_blocks": "0", "process_user_time": 1.800969}
[0m16:49:43.914805 [debug] [MainThread]: Command `dbt clean` failed at 16:49:43.914724 after 0.25 seconds
[0m16:49:43.915075 [debug] [MainThread]: Sending event: {'category': 'dbt', 'action': 'invocation', 'label': 'end', 'context': [<snowplow_tracker.self_describing_json.SelfDescribingJson object at 0x11fd4b020>, <snowplow_tracker.self_describing_json.SelfDescribingJson object at 0x1280a8160>, <snowplow_tracker.self_describing_json.SelfDescribingJson object at 0x11ff4f250>]}
[0m16:49:43.915319 [debug] [MainThread]: Flushing usage events
[0m16:49:44.385060 [debug] [MainThread]: An error was encountered while trying to flush usage events
[0m16:49:53.354676 [debug] [MainThread]: Sending event: {'category': 'dbt', 'action': 'invocation', 'label': 'start', 'context': [<snowplow_tracker.self_describing_json.SelfDescribingJson object at 0x113bdd010>, <snowplow_tracker.self_describing_json.SelfDescribingJson object at 0x115ab79d0>, <snowplow_tracker.self_describing_json.SelfDescribingJson object at 0x115ab7c50>]}


============================== 16:49:53.358363 | 3781224f-9460-40f8-a99b-a7b99dfff9f2 ==============================
[0m16:49:53.358363 [info ] [MainThread]: Running with dbt=1.11.8
[0m16:49:53.358849 [debug] [MainThread]: running dbt with arguments {'debug': 'False', 'profiles_dir': '.', 'introspect': 'True', 'printer_width': '80', 'fail_fast': 'False', 'warn_error': 'None', 'invocation_command': 'dbt run --profiles-dir . --project-dir .', 'quiet': 'False', 'log_path': 'logs', 'use_experimental_parser': 'False', 'static_parser': 'True', 'log_cache_events': 'False', 'log_format': 'default', 'target_path': 'None', 'write_json': 'True', 'empty': 'False', 'use_colors': 'True', 'warn_error_options': 'WarnErrorOptionsV2(error=[], warn=[], silence=[])', 'version_check': 'True', 'cache_selected_only': 'False', 'partial_parse': 'True', 'send_anonymous_usage_stats': 'True', 'indirect_selection': 'eager', 'no_print': 'None'}
[0m16:49:54.937902 [debug] [MainThread]: Sending event: {'category': 'dbt', 'action': 'project_id', 'label': '3781224f-9460-40f8-a99b-a7b99dfff9f2', 'context': [<snowplow_tracker.self_describing_json.SelfDescribingJson object at 0x1141ddba0>]}
[0m16:49:54.977267 [debug] [MainThread]: Sending event: {'category': 'dbt', 'action': 'adapter_info', 'label': '3781224f-9460-40f8-a99b-a7b99dfff9f2', 'context': [<snowplow_tracker.self_describing_json.SelfDescribingJson object at 0x174df9bf0>]}
[0m16:49:54.978525 [info ] [MainThread]: Registered adapter: snowflake=1.8.0
[0m16:49:55.064124 [debug] [MainThread]: checksum: 7d524ac048c2100769df89d592e662e060a73ca564e31bd9c2a37efdfe8d8ab6, vars: {}, profile: , target: , version: 1.11.8
[0m16:49:55.153981 [info ] [MainThread]: Unable to do partial parsing because a project config has changed
[0m16:49:55.154503 [debug] [MainThread]: Sending event: {'category': 'dbt', 'action': 'partial_parser', 'label': '3781224f-9460-40f8-a99b-a7b99dfff9f2', 'context': [<snowplow_tracker.self_describing_json.SelfDescribingJson object at 0x171259f50>]}
[0m16:49:55.925938 [warn ] [MainThread]: [[33mWARNING[0m][MissingArgumentsPropertyInGenericTestDeprecation]: Deprecated
functionality
Found top-level arguments to test `accepted_values` defined on
'price_volatility' in package 'fuel_analytics' (models/schema.yml). Arguments to
generic tests should be nested under the `arguments` property.
[0m16:49:55.926484 [debug] [MainThread]: Sending event: {'category': 'dbt', 'action': 'deprecation', 'label': '3781224f-9460-40f8-a99b-a7b99dfff9f2', 'property_': 'warn', 'context': [<snowplow_tracker.self_describing_json.SelfDescribingJson object at 0x17129c6e0>]}
[0m16:49:56.118578 [debug] [MainThread]: Sending event: {'category': 'dbt', 'action': 'load_project', 'label': '3781224f-9460-40f8-a99b-a7b99dfff9f2', 'context': [<snowplow_tracker.self_describing_json.SelfDescribingJson object at 0x176c0baf0>]}
[0m16:49:56.189124 [debug] [MainThread]: Wrote artifact WritableManifest to ./target/manifest.json
[0m16:49:56.191227 [debug] [MainThread]: Wrote artifact SemanticManifest to ./target/semantic_manifest.json
[0m16:49:56.200666 [debug] [MainThread]: Sending event: {'category': 'dbt', 'action': 'resource_counts', 'label': '3781224f-9460-40f8-a99b-a7b99dfff9f2', 'context': [<snowplow_tracker.self_describing_json.SelfDescribingJson object at 0x170ecfc70>]}
[0m16:49:56.201001 [info ] [MainThread]: Found 4 models, 1 snapshot, 31 data tests, 3 sources, 493 macros
[0m16:49:56.201223 [debug] [MainThread]: Sending event: {'category': 'dbt', 'action': 'runnable_timing', 'label': '3781224f-9460-40f8-a99b-a7b99dfff9f2', 'context': [<snowplow_tracker.self_describing_json.SelfDescribingJson object at 0x176cfad50>]}
[0m16:49:56.202740 [info ] [MainThread]: 
[0m16:49:56.202978 [info ] [MainThread]: Concurrency: 1 threads (target='dev')
[0m16:49:56.203149 [info ] [MainThread]: 
[0m16:49:56.203496 [debug] [MainThread]: Acquiring new snowflake connection 'master'
[0m16:49:56.206542 [debug] [ThreadPool]: Acquiring new snowflake connection 'list_USER_DB_FERRET'
[0m16:49:56.215439 [debug] [ThreadPool]: Using snowflake connection "list_USER_DB_FERRET"
[0m16:49:56.215756 [debug] [ThreadPool]: On list_USER_DB_FERRET: /* {"app": "dbt", "dbt_version": "1.11.8", "profile_name": "fuel_analytics", "target_name": "dev", "connection_name": "list_USER_DB_FERRET"} */
show terse schemas in database USER_DB_FERRET
    limit 10000
[0m16:49:56.215959 [debug] [ThreadPool]: Opening a new connection, currently in state init
[0m16:49:59.156318 [debug] [ThreadPool]: SQL status: SUCCESS 9 in 2.940 seconds
[0m16:49:59.159737 [debug] [ThreadPool]: On list_USER_DB_FERRET: Close
[0m16:49:59.322208 [debug] [ThreadPool]: Re-using an available connection from the pool (formerly list_USER_DB_FERRET, now list_USER_DB_FERRET_DBT)
[0m16:49:59.328666 [debug] [ThreadPool]: Using snowflake connection "list_USER_DB_FERRET_DBT"
[0m16:49:59.329013 [debug] [ThreadPool]: On list_USER_DB_FERRET_DBT: /* {"app": "dbt", "dbt_version": "1.11.8", "profile_name": "fuel_analytics", "target_name": "dev", "connection_name": "list_USER_DB_FERRET_DBT"} */
show terse objects in USER_DB_FERRET.DBT limit 10000
[0m16:49:59.329228 [debug] [ThreadPool]: Opening a new connection, currently in state closed
[0m16:50:02.488304 [debug] [ThreadPool]: SQL status: SUCCESS 5 in 3.159 seconds
[0m16:50:02.491063 [debug] [ThreadPool]: On list_USER_DB_FERRET_DBT: Close
[0m16:50:02.655955 [debug] [ThreadPool]: Re-using an available connection from the pool (formerly list_USER_DB_FERRET_DBT, now list_FUEL_ANALYTICS_DB_DBT)
[0m16:50:02.660240 [debug] [ThreadPool]: Using snowflake connection "list_FUEL_ANALYTICS_DB_DBT"
[0m16:50:02.660786 [debug] [ThreadPool]: On list_FUEL_ANALYTICS_DB_DBT: /* {"app": "dbt", "dbt_version": "1.11.8", "profile_name": "fuel_analytics", "target_name": "dev", "connection_name": "list_FUEL_ANALYTICS_DB_DBT"} */
show terse objects in FUEL_ANALYTICS_DB.DBT limit 10000
[0m16:50:02.661128 [debug] [ThreadPool]: Opening a new connection, currently in state closed
[0m16:50:03.314994 [debug] [ThreadPool]: SQL status: SUCCESS 1 in 0.654 seconds
[0m16:50:03.317513 [debug] [ThreadPool]: On list_FUEL_ANALYTICS_DB_DBT: Close
[0m16:50:03.483645 [debug] [MainThread]: Sending event: {'category': 'dbt', 'action': 'runnable_timing', 'label': '3781224f-9460-40f8-a99b-a7b99dfff9f2', 'context': [<snowplow_tracker.self_describing_json.SelfDescribingJson object at 0x176fda200>]}
[0m16:50:03.488413 [debug] [Thread-2 (]: Began running node model.fuel_analytics.crude_correlation
[0m16:50:03.489133 [info ] [Thread-2 (]: 1 of 4 START sql table model DBT.crude_correlation ............................. [RUN]
[0m16:50:03.489584 [debug] [Thread-2 (]: Re-using an available connection from the pool (formerly list_FUEL_ANALYTICS_DB_DBT, now model.fuel_analytics.crude_correlation)
[0m16:50:03.489932 [debug] [Thread-2 (]: Began compiling node model.fuel_analytics.crude_correlation
[0m16:50:03.499018 [debug] [Thread-2 (]: Writing injected SQL for node "model.fuel_analytics.crude_correlation"
[0m16:50:03.500283 [debug] [Thread-2 (]: Began executing node model.fuel_analytics.crude_correlation
[0m16:50:03.521882 [debug] [Thread-2 (]: Writing runtime sql for node "model.fuel_analytics.crude_correlation"
[0m16:50:03.523734 [debug] [Thread-2 (]: Using snowflake connection "model.fuel_analytics.crude_correlation"
[0m16:50:03.524107 [debug] [Thread-2 (]: On model.fuel_analytics.crude_correlation: /* {"app": "dbt", "dbt_version": "1.11.8", "profile_name": "fuel_analytics", "target_name": "dev", "node_id": "model.fuel_analytics.crude_correlation"} */
create or replace transient table USER_DB_FERRET.DBT.crude_correlation
         as
        (-- models/crude_correlation.sql
-- ================================================
-- PURPOSE:
--   Joins retail gasoline prices (EIA) with
--   crude oil futures prices (yfinance CL=F).
--   Shows how crude oil prices feed through to
--   the pump with a 2-week lag.
--
-- SOURCE TABLES:
--   USER_DB_FERRET.RAW.FUEL_PRICES           (EIA)
--   USER_DB_FERRET.RAW.ENERGY_MARKET_PRICES  (yfinance)
-- OUTPUT TABLE:
--   USER_DB_FERRET.DBT.CRUDE_CORRELATION
-- ================================================



WITH fuel AS (
    SELECT
        WEEK_DATE,
        REGULAR_GASOLINE_PRICE,
        DIESEL_PRICE
    FROM USER_DB_FERRET.RAW.fuel_prices
    WHERE REGION = 'US_NATIONAL'
      AND REGULAR_GASOLINE_PRICE IS NOT NULL
),

-- Pull only WTI Crude Oil (CL=F) from energy market table
crude AS (
    SELECT
        WEEK_DATE,
        CLOSE_PRICE                          AS CRUDE_CLOSE_USD_BBL,
        -- Convert $/barrel to $/gallon (1 barrel = 42 gallons)
        ROUND(CLOSE_PRICE / 42.0, 4)         AS CRUDE_USD_PER_GALLON
    FROM USER_DB_FERRET.RAW.energy_market_prices
    WHERE TICKER = 'CL=F'
      AND CLOSE_PRICE IS NOT NULL
),

-- Add a 2-week lag on crude price (typical refinery processing time)
crude_lagged AS (
    SELECT
        WEEK_DATE,
        CRUDE_CLOSE_USD_BBL,
        CRUDE_USD_PER_GALLON,
        LAG(CRUDE_CLOSE_USD_BBL,   2) OVER (ORDER BY WEEK_DATE) AS CRUDE_LAG2_BBL,
        LAG(CRUDE_USD_PER_GALLON,  2) OVER (ORDER BY WEEK_DATE) AS CRUDE_LAG2_GAL
    FROM crude
)

SELECT
    f.WEEK_DATE,
    f.REGULAR_GASOLINE_PRICE,
    f.DIESEL_PRICE,
    c.CRUDE_CLOSE_USD_BBL,
    c.CRUDE_USD_PER_GALLON,
    c.CRUDE_LAG2_BBL,
    c.CRUDE_LAG2_GAL,

    -- Pump-to-crude margin (retail price minus crude cost per gallon)
    ROUND(
        f.REGULAR_GASOLINE_PRICE
        - COALESCE(c.CRUDE_LAG2_GAL, c.CRUDE_USD_PER_GALLON),
        4
    ) AS PUMP_TO_CRUDE_MARGIN,

    -- Margin category
    CASE
        WHEN ROUND(f.REGULAR_GASOLINE_PRICE
             - COALESCE(c.CRUDE_LAG2_GAL, c.CRUDE_USD_PER_GALLON), 4) > 1.50
        THEN 'Wide Margin'
        WHEN ROUND(f.REGULAR_GASOLINE_PRICE
             - COALESCE(c.CRUDE_LAG2_GAL, c.CRUDE_USD_PER_GALLON), 4) > 0.80
        THEN 'Normal Margin'
        ELSE 'Tight Margin'
    END AS MARGIN_CATEGORY

FROM fuel f
LEFT JOIN crude_lagged c ON f.WEEK_DATE = c.WEEK_DATE
ORDER BY f.WEEK_DATE
        );
[0m16:50:03.524422 [debug] [Thread-2 (]: Opening a new connection, currently in state closed
[0m16:50:06.534624 [debug] [Thread-2 (]: SQL status: SUCCESS 1 in 3.010 seconds
[0m16:50:06.551646 [debug] [Thread-2 (]: On model.fuel_analytics.crude_correlation: Close
[0m16:50:06.701190 [debug] [Thread-2 (]: Sending event: {'category': 'dbt', 'action': 'run_model', 'label': '3781224f-9460-40f8-a99b-a7b99dfff9f2', 'context': [<snowplow_tracker.self_describing_json.SelfDescribingJson object at 0x11416f930>]}
[0m16:50:06.701969 [info ] [Thread-2 (]: 1 of 4 OK created sql table model DBT.crude_correlation ........................ [[32mSUCCESS 1[0m in 3.21s]
[0m16:50:06.702414 [debug] [Thread-2 (]: Finished running node model.fuel_analytics.crude_correlation
[0m16:50:06.702697 [debug] [Thread-2 (]: Began running node model.fuel_analytics.price_moving_avg
[0m16:50:06.703105 [info ] [Thread-2 (]: 2 of 4 START sql table model DBT.price_moving_avg .............................. [RUN]
[0m16:50:06.703482 [debug] [Thread-2 (]: Re-using an available connection from the pool (formerly model.fuel_analytics.crude_correlation, now model.fuel_analytics.price_moving_avg)
[0m16:50:06.703727 [debug] [Thread-2 (]: Began compiling node model.fuel_analytics.price_moving_avg
[0m16:50:06.706183 [debug] [Thread-2 (]: Writing injected SQL for node "model.fuel_analytics.price_moving_avg"
[0m16:50:06.706961 [debug] [Thread-2 (]: Began executing node model.fuel_analytics.price_moving_avg
[0m16:50:06.872112 [debug] [Thread-2 (]: Writing runtime sql for node "model.fuel_analytics.price_moving_avg"
[0m16:50:06.873870 [debug] [Thread-2 (]: Using snowflake connection "model.fuel_analytics.price_moving_avg"
[0m16:50:06.874209 [debug] [Thread-2 (]: On model.fuel_analytics.price_moving_avg: /* {"app": "dbt", "dbt_version": "1.11.8", "profile_name": "fuel_analytics", "target_name": "dev", "node_id": "model.fuel_analytics.price_moving_avg"} */
create or replace transient table USER_DB_FERRET.DBT.price_moving_avg
         as
        (-- models/price_moving_avg.sql
-- ================================================
-- PURPOSE:
--   Computes 4-week, 12-week, and 52-week rolling
--   average prices for regular gasoline and diesel.
--   Also calculates premium and diesel spreads.
--
-- SOURCE TABLE: USER_DB_FERRET.RAW.FUEL_PRICES
-- OUTPUT TABLE: USER_DB_FERRET.DBT.PRICE_MOVING_AVG
-- ================================================



WITH base AS (
    SELECT
        WEEK_DATE,
        REGION,
        REGULAR_GASOLINE_PRICE,
        MIDGRADE_GASOLINE_PRICE,
        PREMIUM_GASOLINE_PRICE,
        DIESEL_PRICE
    FROM USER_DB_FERRET.RAW.fuel_prices
    WHERE REGULAR_GASOLINE_PRICE IS NOT NULL
      AND REGION = 'US_NATIONAL'
)

SELECT
    WEEK_DATE,
    REGION,
    REGULAR_GASOLINE_PRICE,
    MIDGRADE_GASOLINE_PRICE,
    PREMIUM_GASOLINE_PRICE,
    DIESEL_PRICE,

    -- 4-week rolling averages (~1 month)
    ROUND(AVG(REGULAR_GASOLINE_PRICE) OVER (
        PARTITION BY REGION ORDER BY WEEK_DATE
        ROWS BETWEEN 3 PRECEDING AND CURRENT ROW
    ), 4) AS REGULAR_4WK_AVG,

    ROUND(AVG(DIESEL_PRICE) OVER (
        PARTITION BY REGION ORDER BY WEEK_DATE
        ROWS BETWEEN 3 PRECEDING AND CURRENT ROW
    ), 4) AS DIESEL_4WK_AVG,

    -- 12-week rolling averages (~3 months)
    ROUND(AVG(REGULAR_GASOLINE_PRICE) OVER (
        PARTITION BY REGION ORDER BY WEEK_DATE
        ROWS BETWEEN 11 PRECEDING AND CURRENT ROW
    ), 4) AS REGULAR_12WK_AVG,

    ROUND(AVG(DIESEL_PRICE) OVER (
        PARTITION BY REGION ORDER BY WEEK_DATE
        ROWS BETWEEN 11 PRECEDING AND CURRENT ROW
    ), 4) AS DIESEL_12WK_AVG,

    -- 52-week rolling averages (~1 year)
    ROUND(AVG(REGULAR_GASOLINE_PRICE) OVER (
        PARTITION BY REGION ORDER BY WEEK_DATE
        ROWS BETWEEN 51 PRECEDING AND CURRENT ROW
    ), 4) AS REGULAR_52WK_AVG,

    ROUND(AVG(DIESEL_PRICE) OVER (
        PARTITION BY REGION ORDER BY WEEK_DATE
        ROWS BETWEEN 51 PRECEDING AND CURRENT ROW
    ), 4) AS DIESEL_52WK_AVG,

    -- Price spreads
    ROUND(PREMIUM_GASOLINE_PRICE - REGULAR_GASOLINE_PRICE, 4) AS PREMIUM_SPREAD,
    ROUND(DIESEL_PRICE           - REGULAR_GASOLINE_PRICE, 4) AS DIESEL_SPREAD

FROM base
ORDER BY WEEK_DATE
        );
[0m16:50:06.874503 [debug] [Thread-2 (]: Opening a new connection, currently in state closed
[0m16:50:08.831836 [debug] [Thread-2 (]: SQL status: SUCCESS 1 in 1.957 seconds
[0m16:50:08.835222 [debug] [Thread-2 (]: On model.fuel_analytics.price_moving_avg: Close
[0m16:50:08.985668 [debug] [Thread-2 (]: Sending event: {'category': 'dbt', 'action': 'run_model', 'label': '3781224f-9460-40f8-a99b-a7b99dfff9f2', 'context': [<snowplow_tracker.self_describing_json.SelfDescribingJson object at 0x113a9f650>]}
[0m16:50:08.986897 [info ] [Thread-2 (]: 2 of 4 OK created sql table model DBT.price_moving_avg ......................... [[32mSUCCESS 1[0m in 2.28s]
[0m16:50:08.987587 [debug] [Thread-2 (]: Finished running node model.fuel_analytics.price_moving_avg
[0m16:50:08.988004 [debug] [Thread-2 (]: Began running node model.fuel_analytics.price_volatility
[0m16:50:08.988519 [info ] [Thread-2 (]: 3 of 4 START sql table model DBT.price_volatility .............................. [RUN]
[0m16:50:08.988998 [debug] [Thread-2 (]: Re-using an available connection from the pool (formerly model.fuel_analytics.price_moving_avg, now model.fuel_analytics.price_volatility)
[0m16:50:08.989322 [debug] [Thread-2 (]: Began compiling node model.fuel_analytics.price_volatility
[0m16:50:08.993581 [debug] [Thread-2 (]: Writing injected SQL for node "model.fuel_analytics.price_volatility"
[0m16:50:08.994718 [debug] [Thread-2 (]: Began executing node model.fuel_analytics.price_volatility
[0m16:50:08.996948 [debug] [Thread-2 (]: Writing runtime sql for node "model.fuel_analytics.price_volatility"
[0m16:50:08.999916 [debug] [Thread-2 (]: Using snowflake connection "model.fuel_analytics.price_volatility"
[0m16:50:09.000455 [debug] [Thread-2 (]: On model.fuel_analytics.price_volatility: /* {"app": "dbt", "dbt_version": "1.11.8", "profile_name": "fuel_analytics", "target_name": "dev", "node_id": "model.fuel_analytics.price_volatility"} */
create or replace transient table USER_DB_FERRET.DBT.price_volatility
         as
        (-- models/price_volatility.sql
-- ================================================
-- PURPOSE:
--   Week-over-week price changes, % changes,
--   rolling standard deviation, price direction
--   and volatility labels.
--
-- SOURCE TABLE: USER_DB_FERRET.RAW.FUEL_PRICES
-- OUTPUT TABLE: USER_DB_FERRET.DBT.PRICE_VOLATILITY
-- ================================================



WITH base AS (
    SELECT
        WEEK_DATE,
        REGION,
        REGULAR_GASOLINE_PRICE,
        DIESEL_PRICE,
        LAG(REGULAR_GASOLINE_PRICE) OVER (
            PARTITION BY REGION ORDER BY WEEK_DATE
        ) AS PREV_WEEK_REGULAR,
        LAG(DIESEL_PRICE) OVER (
            PARTITION BY REGION ORDER BY WEEK_DATE
        ) AS PREV_WEEK_DIESEL
    FROM USER_DB_FERRET.RAW.fuel_prices
    WHERE REGULAR_GASOLINE_PRICE IS NOT NULL
      AND REGION = 'US_NATIONAL'
),

with_changes AS (
    SELECT
        WEEK_DATE,
        REGION,
        REGULAR_GASOLINE_PRICE,
        DIESEL_PRICE,

        -- Dollar change week over week
        ROUND(REGULAR_GASOLINE_PRICE - PREV_WEEK_REGULAR, 4) AS REGULAR_WOW_CHANGE,
        ROUND(DIESEL_PRICE           - PREV_WEEK_DIESEL,  4) AS DIESEL_WOW_CHANGE,

        -- Percentage change week over week
        CASE
            WHEN PREV_WEEK_REGULAR > 0
            THEN ROUND(
                ((REGULAR_GASOLINE_PRICE - PREV_WEEK_REGULAR) / PREV_WEEK_REGULAR) * 100,
                4)
            ELSE NULL
        END AS REGULAR_WOW_PCT_CHANGE,

        -- All-time historical average for this region
        AVG(REGULAR_GASOLINE_PRICE) OVER (
            PARTITION BY REGION
        ) AS HIST_AVG_REGULAR,

        -- 12-week rolling standard deviation (volatility measure)
        STDDEV(REGULAR_GASOLINE_PRICE) OVER (
            PARTITION BY REGION ORDER BY WEEK_DATE
            ROWS BETWEEN 11 PRECEDING AND CURRENT ROW
        ) AS ROLLING_12WK_STDDEV

    FROM base
)

SELECT
    WEEK_DATE,
    REGION,
    REGULAR_GASOLINE_PRICE,
    DIESEL_PRICE,
    REGULAR_WOW_CHANGE,
    DIESEL_WOW_CHANGE,
    REGULAR_WOW_PCT_CHANGE,
    ROUND(HIST_AVG_REGULAR, 4) AS HIST_AVG_REGULAR,

    -- How far above/below the historical average
    ROUND(REGULAR_GASOLINE_PRICE - HIST_AVG_REGULAR, 4) AS PRICE_ANOMALY,

    ROUND(ROLLING_12WK_STDDEV, 4) AS ROLLING_12WK_STDDEV,

    -- Price direction label
    CASE
        WHEN REGULAR_WOW_CHANGE >  0.05 THEN 'Rising'
        WHEN REGULAR_WOW_CHANGE < -0.05 THEN 'Falling'
        ELSE 'Stable'
    END AS PRICE_DIRECTION,

    -- Volatility label
    CASE
        WHEN ROLLING_12WK_STDDEV > 0.30 THEN 'High Volatility'
        WHEN ROLLING_12WK_STDDEV > 0.15 THEN 'Moderate Volatility'
        ELSE 'Low Volatility'
    END AS VOLATILITY_LABEL

FROM with_changes
ORDER BY WEEK_DATE
        );
[0m16:50:09.000894 [debug] [Thread-2 (]: Opening a new connection, currently in state closed
[0m16:50:10.672006 [debug] [Thread-2 (]: SQL status: SUCCESS 1 in 1.671 seconds
[0m16:50:10.674488 [debug] [Thread-2 (]: On model.fuel_analytics.price_volatility: Close
[0m16:50:10.823666 [debug] [Thread-2 (]: Sending event: {'category': 'dbt', 'action': 'run_model', 'label': '3781224f-9460-40f8-a99b-a7b99dfff9f2', 'context': [<snowplow_tracker.self_describing_json.SelfDescribingJson object at 0x176e7c3d0>]}
[0m16:50:10.824902 [info ] [Thread-2 (]: 3 of 4 OK created sql table model DBT.price_volatility ......................... [[32mSUCCESS 1[0m in 1.83s]
[0m16:50:10.825901 [debug] [Thread-2 (]: Finished running node model.fuel_analytics.price_volatility
[0m16:50:10.826479 [debug] [Thread-2 (]: Began running node model.fuel_analytics.regional_comparison
[0m16:50:10.827086 [info ] [Thread-2 (]: 4 of 4 START sql table model DBT.regional_comparison ........................... [RUN]
[0m16:50:10.827704 [debug] [Thread-2 (]: Re-using an available connection from the pool (formerly model.fuel_analytics.price_volatility, now model.fuel_analytics.regional_comparison)
[0m16:50:10.828118 [debug] [Thread-2 (]: Began compiling node model.fuel_analytics.regional_comparison
[0m16:50:10.832648 [debug] [Thread-2 (]: Writing injected SQL for node "model.fuel_analytics.regional_comparison"
[0m16:50:10.833726 [debug] [Thread-2 (]: Began executing node model.fuel_analytics.regional_comparison
[0m16:50:10.835975 [debug] [Thread-2 (]: Writing runtime sql for node "model.fuel_analytics.regional_comparison"
[0m16:50:10.838437 [debug] [Thread-2 (]: Using snowflake connection "model.fuel_analytics.regional_comparison"
[0m16:50:10.838991 [debug] [Thread-2 (]: On model.fuel_analytics.regional_comparison: /* {"app": "dbt", "dbt_version": "1.11.8", "profile_name": "fuel_analytics", "target_name": "dev", "node_id": "model.fuel_analytics.regional_comparison"} */
create or replace transient table USER_DB_FERRET.DBT.regional_comparison
         as
        (-- models/regional_comparison.sql
-- ================================================
-- PURPOSE:
--   Compares each PADD region's gasoline price
--   against the U.S. national average.
--   Shows which regions are cheapest/most expensive.
--
-- SOURCE TABLES:
--   USER_DB_FERRET.RAW.FUEL_PRICES           (national)
--   FUSER_DB_FERRET.RAW.REGIONAL_FUEL_PRICES  (regional)
-- OUTPUT TABLE:
--   USER_DB_FERRET.DBT.REGIONAL_COMPARISON
-- ================================================



WITH regional AS (
    SELECT
        WEEK_DATE,
        REGION,
        PRICE AS REGIONAL_PRICE
    FROM USER_DB_FERRET.RAW.regional_fuel_prices
    WHERE FUEL_TYPE = 'REGULAR_GASOLINE'
      AND PRICE IS NOT NULL
),

national AS (
    SELECT
        WEEK_DATE,
        REGULAR_GASOLINE_PRICE AS NATIONAL_PRICE
    FROM USER_DB_FERRET.RAW.fuel_prices
    WHERE REGION = 'US_NATIONAL'
      AND REGULAR_GASOLINE_PRICE IS NOT NULL
),

joined AS (
    SELECT
        r.WEEK_DATE,
        r.REGION,
        r.REGIONAL_PRICE,
        n.NATIONAL_PRICE,
        ROUND(r.REGIONAL_PRICE - n.NATIONAL_PRICE, 4) AS PRICE_SPREAD,
        CASE
            WHEN n.NATIONAL_PRICE > 0
            THEN ROUND(
                ((r.REGIONAL_PRICE - n.NATIONAL_PRICE) / n.NATIONAL_PRICE) * 100,
                2)
            ELSE NULL
        END AS PRICE_SPREAD_PCT
    FROM regional r
    LEFT JOIN national n ON r.WEEK_DATE = n.WEEK_DATE
)

SELECT
    WEEK_DATE,
    REGION,
    REGIONAL_PRICE,
    NATIONAL_PRICE,
    PRICE_SPREAD,
    PRICE_SPREAD_PCT,

    -- 4-week rolling average regional price
    ROUND(AVG(REGIONAL_PRICE) OVER (
        PARTITION BY REGION ORDER BY WEEK_DATE
        ROWS BETWEEN 3 PRECEDING AND CURRENT ROW
    ), 4) AS REGIONAL_4WK_AVG,

    -- Running maximum spread seen so far for this region
    ROUND(MAX(PRICE_SPREAD) OVER (
        PARTITION BY REGION ORDER BY WEEK_DATE
        ROWS BETWEEN UNBOUNDED PRECEDING AND CURRENT ROW
    ), 4) AS MAX_SPREAD_SEEN,

    -- Price category label
    CASE
        WHEN PRICE_SPREAD >  0.30 THEN 'Significantly Above Average'
        WHEN PRICE_SPREAD >  0.10 THEN 'Above Average'
        WHEN PRICE_SPREAD > -0.10 THEN 'Near National Average'
        WHEN PRICE_SPREAD > -0.30 THEN 'Below Average'
        ELSE 'Significantly Below Average'
    END AS PRICE_CATEGORY

FROM joined
ORDER BY WEEK_DATE, REGION
        );
[0m16:50:10.839865 [debug] [Thread-2 (]: Opening a new connection, currently in state closed
[0m16:50:12.827034 [debug] [Thread-2 (]: SQL status: SUCCESS 1 in 1.987 seconds
[0m16:50:12.830640 [debug] [Thread-2 (]: On model.fuel_analytics.regional_comparison: Close
[0m16:50:13.000191 [debug] [Thread-2 (]: Sending event: {'category': 'dbt', 'action': 'run_model', 'label': '3781224f-9460-40f8-a99b-a7b99dfff9f2', 'context': [<snowplow_tracker.self_describing_json.SelfDescribingJson object at 0x174edd010>]}
[0m16:50:13.001440 [info ] [Thread-2 (]: 4 of 4 OK created sql table model DBT.regional_comparison ...................... [[32mSUCCESS 1[0m in 2.17s]
[0m16:50:13.002242 [debug] [Thread-2 (]: Finished running node model.fuel_analytics.regional_comparison
[0m16:50:13.003717 [debug] [MainThread]: Connection 'master' was properly closed.
[0m16:50:13.004119 [debug] [MainThread]: Connection 'model.fuel_analytics.regional_comparison' was properly closed.
[0m16:50:13.004499 [info ] [MainThread]: 
[0m16:50:13.004810 [info ] [MainThread]: Finished running 4 table models in 0 hours 0 minutes and 16.80 seconds (16.80s).
[0m16:50:13.005667 [debug] [MainThread]: Command end result
[0m16:50:13.030012 [debug] [MainThread]: Wrote artifact WritableManifest to ./target/manifest.json
[0m16:50:13.031610 [debug] [MainThread]: Wrote artifact SemanticManifest to ./target/semantic_manifest.json
[0m16:50:13.036287 [debug] [MainThread]: Wrote artifact RunExecutionResult to ./target/run_results.json
[0m16:50:13.036544 [info ] [MainThread]: 
[0m16:50:13.036797 [info ] [MainThread]: [32mCompleted successfully[0m
[0m16:50:13.036989 [info ] [MainThread]: 
[0m16:50:13.037183 [info ] [MainThread]: Done. PASS=4 WARN=0 ERROR=0 SKIP=0 NO-OP=0 TOTAL=4
[0m16:50:13.037516 [warn ] [MainThread]: [[33mWARNING[0m][DeprecationsSummary]: Deprecated functionality
Summary of encountered deprecations:
- MissingArgumentsPropertyInGenericTestDeprecation: 9 occurrences
To see all deprecation instances instead of just the first occurrence of each,
run command again with the `--show-all-deprecations` flag. You may also need to
run with `--no-partial-parse` as some deprecations are only encountered during
parsing.
[0m16:50:13.043295 [debug] [MainThread]: Resource report: {"command_name": "run", "command_success": true, "command_wall_clock_time": 19.739191, "process_in_blocks": "0", "process_kernel_time": 2.666806, "process_mem_max_rss": "262733824", "process_out_blocks": "0", "process_user_time": 4.918803}
[0m16:50:13.043582 [debug] [MainThread]: Command `dbt run` succeeded at 16:50:13.043523 after 19.74 seconds
[0m16:50:13.043836 [debug] [MainThread]: Sending event: {'category': 'dbt', 'action': 'invocation', 'label': 'end', 'context': [<snowplow_tracker.self_describing_json.SelfDescribingJson object at 0x114b0df70>, <snowplow_tracker.self_describing_json.SelfDescribingJson object at 0x3094fba70>, <snowplow_tracker.self_describing_json.SelfDescribingJson object at 0x3094fba10>]}
[0m16:50:13.044060 [debug] [MainThread]: Flushing usage events
[0m16:50:13.406082 [debug] [MainThread]: An error was encountered while trying to flush usage events
[0m16:50:18.080877 [debug] [MainThread]: Sending event: {'category': 'dbt', 'action': 'invocation', 'label': 'start', 'context': [<snowplow_tracker.self_describing_json.SelfDescribingJson object at 0x1079d9010>, <snowplow_tracker.self_describing_json.SelfDescribingJson object at 0x110fb79d0>, <snowplow_tracker.self_describing_json.SelfDescribingJson object at 0x110fb7c50>]}


============================== 16:50:18.085280 | 07d98108-d789-4768-86c9-7f603ee8dd71 ==============================
[0m16:50:18.085280 [info ] [MainThread]: Running with dbt=1.11.8
[0m16:50:18.085784 [debug] [MainThread]: running dbt with arguments {'debug': 'False', 'printer_width': '80', 'invocation_command': 'dbt test --profiles-dir . --project-dir .', 'static_parser': 'True', 'fail_fast': 'False', 'send_anonymous_usage_stats': 'True', 'no_print': 'None', 'quiet': 'False', 'log_cache_events': 'False', 'write_json': 'True', 'introspect': 'True', 'profiles_dir': '.', 'partial_parse': 'True', 'use_colors': 'True', 'use_experimental_parser': 'False', 'warn_error_options': 'WarnErrorOptionsV2(error=[], warn=[], silence=[])', 'target_path': 'None', 'empty': 'None', 'indirect_selection': 'eager', 'warn_error': 'None', 'log_format': 'default', 'cache_selected_only': 'False', 'log_path': 'logs', 'version_check': 'True'}
[0m16:50:19.378408 [debug] [MainThread]: Sending event: {'category': 'dbt', 'action': 'project_id', 'label': '07d98108-d789-4768-86c9-7f603ee8dd71', 'context': [<snowplow_tracker.self_describing_json.SelfDescribingJson object at 0x107dd9ba0>]}
[0m16:50:19.417981 [debug] [MainThread]: Sending event: {'category': 'dbt', 'action': 'adapter_info', 'label': '07d98108-d789-4768-86c9-7f603ee8dd71', 'context': [<snowplow_tracker.self_describing_json.SelfDescribingJson object at 0x15e8fdbf0>]}
[0m16:50:19.418845 [info ] [MainThread]: Registered adapter: snowflake=1.8.0
[0m16:50:19.499515 [debug] [MainThread]: checksum: 7d524ac048c2100769df89d592e662e060a73ca564e31bd9c2a37efdfe8d8ab6, vars: {}, profile: , target: , version: 1.11.8
[0m16:50:19.606215 [debug] [MainThread]: Partial parsing enabled: 0 files deleted, 0 files added, 0 files changed.
[0m16:50:19.606637 [debug] [MainThread]: Nothing changed, skipping partial parsing.
[0m16:50:19.606854 [debug] [MainThread]: Partial parsing enabled, no changes found, skipping parsing
[0m16:50:19.647252 [debug] [MainThread]: Sending event: {'category': 'dbt', 'action': 'load_project', 'label': '07d98108-d789-4768-86c9-7f603ee8dd71', 'context': [<snowplow_tracker.self_describing_json.SelfDescribingJson object at 0x15e8c9b50>]}
[0m16:50:19.722319 [debug] [MainThread]: Wrote artifact WritableManifest to ./target/manifest.json
[0m16:50:19.724234 [debug] [MainThread]: Wrote artifact SemanticManifest to ./target/semantic_manifest.json
[0m16:50:19.742792 [debug] [MainThread]: Sending event: {'category': 'dbt', 'action': 'resource_counts', 'label': '07d98108-d789-4768-86c9-7f603ee8dd71', 'context': [<snowplow_tracker.self_describing_json.SelfDescribingJson object at 0x15f03d6d0>]}
[0m16:50:19.743258 [info ] [MainThread]: Found 4 models, 1 snapshot, 31 data tests, 3 sources, 493 macros
[0m16:50:19.743518 [debug] [MainThread]: Sending event: {'category': 'dbt', 'action': 'runnable_timing', 'label': '07d98108-d789-4768-86c9-7f603ee8dd71', 'context': [<snowplow_tracker.self_describing_json.SelfDescribingJson object at 0x15f076270>]}
[0m16:50:19.745631 [info ] [MainThread]: 
[0m16:50:19.745880 [info ] [MainThread]: Concurrency: 1 threads (target='dev')
[0m16:50:19.746067 [info ] [MainThread]: 
[0m16:50:19.746445 [debug] [MainThread]: Acquiring new snowflake connection 'master'
[0m16:50:19.749745 [debug] [ThreadPool]: Acquiring new snowflake connection 'list_FUEL_ANALYTICS_DB_DBT'
[0m16:50:19.760963 [debug] [ThreadPool]: Using snowflake connection "list_FUEL_ANALYTICS_DB_DBT"
[0m16:50:19.761217 [debug] [ThreadPool]: On list_FUEL_ANALYTICS_DB_DBT: /* {"app": "dbt", "dbt_version": "1.11.8", "profile_name": "fuel_analytics", "target_name": "dev", "connection_name": "list_FUEL_ANALYTICS_DB_DBT"} */
show terse objects in FUEL_ANALYTICS_DB.DBT limit 10000
[0m16:50:19.761762 [debug] [ThreadPool]: Opening a new connection, currently in state init
[0m16:50:20.662243 [debug] [ThreadPool]: SQL status: SUCCESS 1 in 0.900 seconds
[0m16:50:20.665056 [debug] [ThreadPool]: On list_FUEL_ANALYTICS_DB_DBT: Close
[0m16:50:20.825773 [debug] [ThreadPool]: Re-using an available connection from the pool (formerly list_FUEL_ANALYTICS_DB_DBT, now list_USER_DB_FERRET_DBT)
[0m16:50:20.829359 [debug] [ThreadPool]: Using snowflake connection "list_USER_DB_FERRET_DBT"
[0m16:50:20.829772 [debug] [ThreadPool]: On list_USER_DB_FERRET_DBT: /* {"app": "dbt", "dbt_version": "1.11.8", "profile_name": "fuel_analytics", "target_name": "dev", "connection_name": "list_USER_DB_FERRET_DBT"} */
show terse objects in USER_DB_FERRET.DBT limit 10000
[0m16:50:20.830079 [debug] [ThreadPool]: Opening a new connection, currently in state closed
[0m16:50:23.558373 [debug] [ThreadPool]: SQL status: SUCCESS 9 in 2.728 seconds
[0m16:50:23.561247 [debug] [ThreadPool]: On list_USER_DB_FERRET_DBT: Close
[0m16:50:23.716198 [debug] [MainThread]: Sending event: {'category': 'dbt', 'action': 'runnable_timing', 'label': '07d98108-d789-4768-86c9-7f603ee8dd71', 'context': [<snowplow_tracker.self_describing_json.SelfDescribingJson object at 0x15ed84600>]}
[0m16:50:23.721445 [debug] [Thread-2 (]: Began running node test.fuel_analytics.accepted_values_crude_correlation_MARGIN_CATEGORY__Wide_Margin__Normal_Margin__Tight_Margin.d5d2a31d93
[0m16:50:23.722274 [info ] [Thread-2 (]: 1 of 31 START test accepted_values_crude_correlation_MARGIN_CATEGORY__Wide_Margin__Normal_Margin__Tight_Margin  [RUN]
[0m16:50:23.722919 [debug] [Thread-2 (]: Re-using an available connection from the pool (formerly list_USER_DB_FERRET_DBT, now test.fuel_analytics.accepted_values_crude_correlation_MARGIN_CATEGORY__Wide_Margin__Normal_Margin__Tight_Margin.d5d2a31d93)
[0m16:50:23.723299 [debug] [Thread-2 (]: Began compiling node test.fuel_analytics.accepted_values_crude_correlation_MARGIN_CATEGORY__Wide_Margin__Normal_Margin__Tight_Margin.d5d2a31d93
[0m16:50:23.739649 [debug] [Thread-2 (]: Writing injected SQL for node "test.fuel_analytics.accepted_values_crude_correlation_MARGIN_CATEGORY__Wide_Margin__Normal_Margin__Tight_Margin.d5d2a31d93"
[0m16:50:23.740720 [debug] [Thread-2 (]: Began executing node test.fuel_analytics.accepted_values_crude_correlation_MARGIN_CATEGORY__Wide_Margin__Normal_Margin__Tight_Margin.d5d2a31d93
[0m16:50:23.758775 [debug] [Thread-2 (]: Writing runtime sql for node "test.fuel_analytics.accepted_values_crude_correlation_MARGIN_CATEGORY__Wide_Margin__Normal_Margin__Tight_Margin.d5d2a31d93"
[0m16:50:23.760012 [debug] [Thread-2 (]: Using snowflake connection "test.fuel_analytics.accepted_values_crude_correlation_MARGIN_CATEGORY__Wide_Margin__Normal_Margin__Tight_Margin.d5d2a31d93"
[0m16:50:23.760307 [debug] [Thread-2 (]: On test.fuel_analytics.accepted_values_crude_correlation_MARGIN_CATEGORY__Wide_Margin__Normal_Margin__Tight_Margin.d5d2a31d93: /* {"app": "dbt", "dbt_version": "1.11.8", "profile_name": "fuel_analytics", "target_name": "dev", "node_id": "test.fuel_analytics.accepted_values_crude_correlation_MARGIN_CATEGORY__Wide_Margin__Normal_Margin__Tight_Margin.d5d2a31d93"} */
select
      count(*) as failures,
      count(*) != 0 as should_warn,
      count(*) != 0 as should_error
    from (
      
    
  
    
    

with all_values as (

    select
        MARGIN_CATEGORY as value_field,
        count(*) as n_records

    from USER_DB_FERRET.DBT.crude_correlation
    group by MARGIN_CATEGORY

)

select *
from all_values
where value_field not in (
    'Wide Margin','Normal Margin','Tight Margin'
)



  
  
      
    ) dbt_internal_test
[0m16:50:23.760545 [debug] [Thread-2 (]: Opening a new connection, currently in state closed
[0m16:50:26.750761 [debug] [Thread-2 (]: SQL status: SUCCESS 1 in 2.990 seconds
[0m16:50:26.759770 [debug] [Thread-2 (]: On test.fuel_analytics.accepted_values_crude_correlation_MARGIN_CATEGORY__Wide_Margin__Normal_Margin__Tight_Margin.d5d2a31d93: Close
[0m16:50:26.918057 [info ] [Thread-2 (]: 1 of 31 PASS accepted_values_crude_correlation_MARGIN_CATEGORY__Wide_Margin__Normal_Margin__Tight_Margin  [[32mPASS[0m in 3.20s]
[0m16:50:26.918879 [debug] [Thread-2 (]: Finished running node test.fuel_analytics.accepted_values_crude_correlation_MARGIN_CATEGORY__Wide_Margin__Normal_Margin__Tight_Margin.d5d2a31d93
[0m16:50:26.919388 [debug] [Thread-2 (]: Began running node test.fuel_analytics.accepted_values_price_volatility_PRICE_DIRECTION__Rising__Falling__Stable.8f45404212
[0m16:50:26.919949 [info ] [Thread-2 (]: 2 of 31 START test accepted_values_price_volatility_PRICE_DIRECTION__Rising__Falling__Stable  [RUN]
[0m16:50:26.920522 [debug] [Thread-2 (]: Re-using an available connection from the pool (formerly test.fuel_analytics.accepted_values_crude_correlation_MARGIN_CATEGORY__Wide_Margin__Normal_Margin__Tight_Margin.d5d2a31d93, now test.fuel_analytics.accepted_values_price_volatility_PRICE_DIRECTION__Rising__Falling__Stable.8f45404212)
[0m16:50:26.920899 [debug] [Thread-2 (]: Began compiling node test.fuel_analytics.accepted_values_price_volatility_PRICE_DIRECTION__Rising__Falling__Stable.8f45404212
[0m16:50:26.926621 [debug] [Thread-2 (]: Writing injected SQL for node "test.fuel_analytics.accepted_values_price_volatility_PRICE_DIRECTION__Rising__Falling__Stable.8f45404212"
[0m16:50:26.928340 [debug] [Thread-2 (]: Began executing node test.fuel_analytics.accepted_values_price_volatility_PRICE_DIRECTION__Rising__Falling__Stable.8f45404212
[0m16:50:26.929954 [debug] [Thread-2 (]: Writing runtime sql for node "test.fuel_analytics.accepted_values_price_volatility_PRICE_DIRECTION__Rising__Falling__Stable.8f45404212"
[0m16:50:26.930969 [debug] [Thread-2 (]: Using snowflake connection "test.fuel_analytics.accepted_values_price_volatility_PRICE_DIRECTION__Rising__Falling__Stable.8f45404212"
[0m16:50:26.931249 [debug] [Thread-2 (]: On test.fuel_analytics.accepted_values_price_volatility_PRICE_DIRECTION__Rising__Falling__Stable.8f45404212: /* {"app": "dbt", "dbt_version": "1.11.8", "profile_name": "fuel_analytics", "target_name": "dev", "node_id": "test.fuel_analytics.accepted_values_price_volatility_PRICE_DIRECTION__Rising__Falling__Stable.8f45404212"} */
select
      count(*) as failures,
      count(*) != 0 as should_warn,
      count(*) != 0 as should_error
    from (
      
    
  
    
    

with all_values as (

    select
        PRICE_DIRECTION as value_field,
        count(*) as n_records

    from USER_DB_FERRET.DBT.price_volatility
    group by PRICE_DIRECTION

)

select *
from all_values
where value_field not in (
    'Rising','Falling','Stable'
)



  
  
      
    ) dbt_internal_test
[0m16:50:26.931496 [debug] [Thread-2 (]: Opening a new connection, currently in state closed
[0m16:50:28.799346 [debug] [Thread-2 (]: SQL status: SUCCESS 1 in 1.867 seconds
[0m16:50:28.802666 [debug] [Thread-2 (]: On test.fuel_analytics.accepted_values_price_volatility_PRICE_DIRECTION__Rising__Falling__Stable.8f45404212: Close
[0m16:50:28.949162 [info ] [Thread-2 (]: 2 of 31 PASS accepted_values_price_volatility_PRICE_DIRECTION__Rising__Falling__Stable  [[32mPASS[0m in 2.03s]
[0m16:50:28.950135 [debug] [Thread-2 (]: Finished running node test.fuel_analytics.accepted_values_price_volatility_PRICE_DIRECTION__Rising__Falling__Stable.8f45404212
[0m16:50:28.950616 [debug] [Thread-2 (]: Began running node test.fuel_analytics.accepted_values_price_volatility_VOLATILITY_LABEL__High_Volatility__Moderate_Volatility__Low_Volatility.33b49ee868
[0m16:50:28.951101 [info ] [Thread-2 (]: 3 of 31 START test accepted_values_price_volatility_VOLATILITY_LABEL__High_Volatility__Moderate_Volatility__Low_Volatility  [RUN]
[0m16:50:28.951635 [debug] [Thread-2 (]: Re-using an available connection from the pool (formerly test.fuel_analytics.accepted_values_price_volatility_PRICE_DIRECTION__Rising__Falling__Stable.8f45404212, now test.fuel_analytics.accepted_values_price_volatility_VOLATILITY_LABEL__High_Volatility__Moderate_Volatility__Low_Volatility.33b49ee868)
[0m16:50:28.952026 [debug] [Thread-2 (]: Began compiling node test.fuel_analytics.accepted_values_price_volatility_VOLATILITY_LABEL__High_Volatility__Moderate_Volatility__Low_Volatility.33b49ee868
[0m16:50:28.960365 [debug] [Thread-2 (]: Writing injected SQL for node "test.fuel_analytics.accepted_values_price_volatility_VOLATILITY_LABEL__High_Volatility__Moderate_Volatility__Low_Volatility.33b49ee868"
[0m16:50:28.961505 [debug] [Thread-2 (]: Began executing node test.fuel_analytics.accepted_values_price_volatility_VOLATILITY_LABEL__High_Volatility__Moderate_Volatility__Low_Volatility.33b49ee868
[0m16:50:28.963893 [debug] [Thread-2 (]: Writing runtime sql for node "test.fuel_analytics.accepted_values_price_volatility_VOLATILITY_LABEL__High_Volatility__Moderate_Volatility__Low_Volatility.33b49ee868"
[0m16:50:28.965662 [debug] [Thread-2 (]: Using snowflake connection "test.fuel_analytics.accepted_values_price_volatility_VOLATILITY_LABEL__High_Volatility__Moderate_Volatility__Low_Volatility.33b49ee868"
[0m16:50:28.966071 [debug] [Thread-2 (]: On test.fuel_analytics.accepted_values_price_volatility_VOLATILITY_LABEL__High_Volatility__Moderate_Volatility__Low_Volatility.33b49ee868: /* {"app": "dbt", "dbt_version": "1.11.8", "profile_name": "fuel_analytics", "target_name": "dev", "node_id": "test.fuel_analytics.accepted_values_price_volatility_VOLATILITY_LABEL__High_Volatility__Moderate_Volatility__Low_Volatility.33b49ee868"} */
select
      count(*) as failures,
      count(*) != 0 as should_warn,
      count(*) != 0 as should_error
    from (
      
    
  
    
    

with all_values as (

    select
        VOLATILITY_LABEL as value_field,
        count(*) as n_records

    from USER_DB_FERRET.DBT.price_volatility
    group by VOLATILITY_LABEL

)

select *
from all_values
where value_field not in (
    'High Volatility','Moderate Volatility','Low Volatility'
)



  
  
      
    ) dbt_internal_test
[0m16:50:28.966417 [debug] [Thread-2 (]: Opening a new connection, currently in state closed
[0m16:50:30.882814 [debug] [Thread-2 (]: SQL status: SUCCESS 1 in 1.916 seconds
[0m16:50:30.886586 [debug] [Thread-2 (]: On test.fuel_analytics.accepted_values_price_volatility_VOLATILITY_LABEL__High_Volatility__Moderate_Volatility__Low_Volatility.33b49ee868: Close
[0m16:50:31.063359 [info ] [Thread-2 (]: 3 of 31 PASS accepted_values_price_volatility_VOLATILITY_LABEL__High_Volatility__Moderate_Volatility__Low_Volatility  [[32mPASS[0m in 2.11s]
[0m16:50:31.064305 [debug] [Thread-2 (]: Finished running node test.fuel_analytics.accepted_values_price_volatility_VOLATILITY_LABEL__High_Volatility__Moderate_Volatility__Low_Volatility.33b49ee868
[0m16:50:31.064790 [debug] [Thread-2 (]: Began running node test.fuel_analytics.accepted_values_regional_comparison_PRICE_CATEGORY__Significantly_Above_Average__Above_Average__Near_National_Average__Below_Average__Significantly_Below_Average.e2dd40c6cf
[0m16:50:31.065230 [info ] [Thread-2 (]: 4 of 31 START test accepted_values_regional_comparison_PRICE_CATEGORY__Significantly_Above_Average__Above_Average__Near_National_Average__Below_Average__Significantly_Below_Average  [RUN]
[0m16:50:31.065712 [debug] [Thread-2 (]: Re-using an available connection from the pool (formerly test.fuel_analytics.accepted_values_price_volatility_VOLATILITY_LABEL__High_Volatility__Moderate_Volatility__Low_Volatility.33b49ee868, now test.fuel_analytics.accepted_values_regional_comparison_PRICE_CATEGORY__Significantly_Above_Average__Above_Average__Near_National_Average__Below_Average__Significantly_Below_Average.e2dd40c6cf)
[0m16:50:31.066101 [debug] [Thread-2 (]: Began compiling node test.fuel_analytics.accepted_values_regional_comparison_PRICE_CATEGORY__Significantly_Above_Average__Above_Average__Near_National_Average__Below_Average__Significantly_Below_Average.e2dd40c6cf
[0m16:50:31.075240 [debug] [Thread-2 (]: Writing injected SQL for node "test.fuel_analytics.accepted_values_regional_comparison_PRICE_CATEGORY__Significantly_Above_Average__Above_Average__Near_National_Average__Below_Average__Significantly_Below_Average.e2dd40c6cf"
[0m16:50:31.076900 [debug] [Thread-2 (]: Began executing node test.fuel_analytics.accepted_values_regional_comparison_PRICE_CATEGORY__Significantly_Above_Average__Above_Average__Near_National_Average__Below_Average__Significantly_Below_Average.e2dd40c6cf
[0m16:50:31.078890 [debug] [Thread-2 (]: Writing runtime sql for node "test.fuel_analytics.accepted_values_regional_comparison_PRICE_CATEGORY__Significantly_Above_Average__Above_Average__Near_National_Average__Below_Average__Significantly_Below_Average.e2dd40c6cf"
[0m16:50:31.079910 [debug] [Thread-2 (]: Using snowflake connection "test.fuel_analytics.accepted_values_regional_comparison_PRICE_CATEGORY__Significantly_Above_Average__Above_Average__Near_National_Average__Below_Average__Significantly_Below_Average.e2dd40c6cf"
[0m16:50:31.080189 [debug] [Thread-2 (]: On test.fuel_analytics.accepted_values_regional_comparison_PRICE_CATEGORY__Significantly_Above_Average__Above_Average__Near_National_Average__Below_Average__Significantly_Below_Average.e2dd40c6cf: /* {"app": "dbt", "dbt_version": "1.11.8", "profile_name": "fuel_analytics", "target_name": "dev", "node_id": "test.fuel_analytics.accepted_values_regional_comparison_PRICE_CATEGORY__Significantly_Above_Average__Above_Average__Near_National_Average__Below_Average__Significantly_Below_Average.e2dd40c6cf"} */
select
      count(*) as failures,
      count(*) != 0 as should_warn,
      count(*) != 0 as should_error
    from (
      
    
  
    
    

with all_values as (

    select
        PRICE_CATEGORY as value_field,
        count(*) as n_records

    from USER_DB_FERRET.DBT.regional_comparison
    group by PRICE_CATEGORY

)

select *
from all_values
where value_field not in (
    'Significantly Above Average','Above Average','Near National Average','Below Average','Significantly Below Average'
)



  
  
      
    ) dbt_internal_test
[0m16:50:31.080433 [debug] [Thread-2 (]: Opening a new connection, currently in state closed
[0m16:50:31.943315 [debug] [Thread-2 (]: SQL status: SUCCESS 1 in 0.863 seconds
[0m16:50:31.946247 [debug] [Thread-2 (]: On test.fuel_analytics.accepted_values_regional_comparison_PRICE_CATEGORY__Significantly_Above_Average__Above_Average__Near_National_Average__Below_Average__Significantly_Below_Average.e2dd40c6cf: Close
[0m16:50:32.126152 [info ] [Thread-2 (]: 4 of 31 PASS accepted_values_regional_comparison_PRICE_CATEGORY__Significantly_Above_Average__Above_Average__Near_National_Average__Below_Average__Significantly_Below_Average  [[32mPASS[0m in 1.06s]
[0m16:50:32.127160 [debug] [Thread-2 (]: Finished running node test.fuel_analytics.accepted_values_regional_comparison_PRICE_CATEGORY__Significantly_Above_Average__Above_Average__Near_National_Average__Below_Average__Significantly_Below_Average.e2dd40c6cf
[0m16:50:32.127632 [debug] [Thread-2 (]: Began running node test.fuel_analytics.not_null_crude_correlation_REGULAR_GASOLINE_PRICE.9a26d40959
[0m16:50:32.128084 [info ] [Thread-2 (]: 5 of 31 START test not_null_crude_correlation_REGULAR_GASOLINE_PRICE ........... [RUN]
[0m16:50:32.128628 [debug] [Thread-2 (]: Re-using an available connection from the pool (formerly test.fuel_analytics.accepted_values_regional_comparison_PRICE_CATEGORY__Significantly_Above_Average__Above_Average__Near_National_Average__Below_Average__Significantly_Below_Average.e2dd40c6cf, now test.fuel_analytics.not_null_crude_correlation_REGULAR_GASOLINE_PRICE.9a26d40959)
[0m16:50:32.129009 [debug] [Thread-2 (]: Began compiling node test.fuel_analytics.not_null_crude_correlation_REGULAR_GASOLINE_PRICE.9a26d40959
[0m16:50:32.138136 [debug] [Thread-2 (]: Writing injected SQL for node "test.fuel_analytics.not_null_crude_correlation_REGULAR_GASOLINE_PRICE.9a26d40959"
[0m16:50:32.139643 [debug] [Thread-2 (]: Began executing node test.fuel_analytics.not_null_crude_correlation_REGULAR_GASOLINE_PRICE.9a26d40959
[0m16:50:32.142207 [debug] [Thread-2 (]: Writing runtime sql for node "test.fuel_analytics.not_null_crude_correlation_REGULAR_GASOLINE_PRICE.9a26d40959"
[0m16:50:32.143422 [debug] [Thread-2 (]: Using snowflake connection "test.fuel_analytics.not_null_crude_correlation_REGULAR_GASOLINE_PRICE.9a26d40959"
[0m16:50:32.143794 [debug] [Thread-2 (]: On test.fuel_analytics.not_null_crude_correlation_REGULAR_GASOLINE_PRICE.9a26d40959: /* {"app": "dbt", "dbt_version": "1.11.8", "profile_name": "fuel_analytics", "target_name": "dev", "node_id": "test.fuel_analytics.not_null_crude_correlation_REGULAR_GASOLINE_PRICE.9a26d40959"} */
select
      count(*) as failures,
      count(*) != 0 as should_warn,
      count(*) != 0 as should_error
    from (
      
    
  
    
    



select REGULAR_GASOLINE_PRICE
from USER_DB_FERRET.DBT.crude_correlation
where REGULAR_GASOLINE_PRICE is null



  
  
      
    ) dbt_internal_test
[0m16:50:32.144065 [debug] [Thread-2 (]: Opening a new connection, currently in state closed
[0m16:50:32.607162 [debug] [Thread-2 (]: SQL status: SUCCESS 1 in 0.463 seconds
[0m16:50:32.610429 [debug] [Thread-2 (]: On test.fuel_analytics.not_null_crude_correlation_REGULAR_GASOLINE_PRICE.9a26d40959: Close
[0m16:50:32.788765 [info ] [Thread-2 (]: 5 of 31 PASS not_null_crude_correlation_REGULAR_GASOLINE_PRICE ................. [[32mPASS[0m in 0.66s]
[0m16:50:32.789767 [debug] [Thread-2 (]: Finished running node test.fuel_analytics.not_null_crude_correlation_REGULAR_GASOLINE_PRICE.9a26d40959
[0m16:50:32.790236 [debug] [Thread-2 (]: Began running node test.fuel_analytics.not_null_crude_correlation_WEEK_DATE.cb8c686171
[0m16:50:32.790691 [info ] [Thread-2 (]: 6 of 31 START test not_null_crude_correlation_WEEK_DATE ........................ [RUN]
[0m16:50:32.791206 [debug] [Thread-2 (]: Re-using an available connection from the pool (formerly test.fuel_analytics.not_null_crude_correlation_REGULAR_GASOLINE_PRICE.9a26d40959, now test.fuel_analytics.not_null_crude_correlation_WEEK_DATE.cb8c686171)
[0m16:50:32.791560 [debug] [Thread-2 (]: Began compiling node test.fuel_analytics.not_null_crude_correlation_WEEK_DATE.cb8c686171
[0m16:50:32.798245 [debug] [Thread-2 (]: Writing injected SQL for node "test.fuel_analytics.not_null_crude_correlation_WEEK_DATE.cb8c686171"
[0m16:50:32.799177 [debug] [Thread-2 (]: Began executing node test.fuel_analytics.not_null_crude_correlation_WEEK_DATE.cb8c686171
[0m16:50:32.801124 [debug] [Thread-2 (]: Writing runtime sql for node "test.fuel_analytics.not_null_crude_correlation_WEEK_DATE.cb8c686171"
[0m16:50:32.802006 [debug] [Thread-2 (]: Using snowflake connection "test.fuel_analytics.not_null_crude_correlation_WEEK_DATE.cb8c686171"
[0m16:50:32.802297 [debug] [Thread-2 (]: On test.fuel_analytics.not_null_crude_correlation_WEEK_DATE.cb8c686171: /* {"app": "dbt", "dbt_version": "1.11.8", "profile_name": "fuel_analytics", "target_name": "dev", "node_id": "test.fuel_analytics.not_null_crude_correlation_WEEK_DATE.cb8c686171"} */
select
      count(*) as failures,
      count(*) != 0 as should_warn,
      count(*) != 0 as should_error
    from (
      
    
  
    
    



select WEEK_DATE
from USER_DB_FERRET.DBT.crude_correlation
where WEEK_DATE is null



  
  
      
    ) dbt_internal_test
[0m16:50:32.802560 [debug] [Thread-2 (]: Opening a new connection, currently in state closed
[0m16:50:33.716805 [debug] [Thread-2 (]: SQL status: SUCCESS 1 in 0.914 seconds
[0m16:50:33.720955 [debug] [Thread-2 (]: On test.fuel_analytics.not_null_crude_correlation_WEEK_DATE.cb8c686171: Close
[0m16:50:33.857315 [info ] [Thread-2 (]: 6 of 31 PASS not_null_crude_correlation_WEEK_DATE .............................. [[32mPASS[0m in 1.07s]
[0m16:50:33.858215 [debug] [Thread-2 (]: Finished running node test.fuel_analytics.not_null_crude_correlation_WEEK_DATE.cb8c686171
[0m16:50:33.858615 [debug] [Thread-2 (]: Began running node test.fuel_analytics.not_null_price_moving_avg_REGION.daece67b4a
[0m16:50:33.858979 [info ] [Thread-2 (]: 7 of 31 START test not_null_price_moving_avg_REGION ............................ [RUN]
[0m16:50:33.859408 [debug] [Thread-2 (]: Re-using an available connection from the pool (formerly test.fuel_analytics.not_null_crude_correlation_WEEK_DATE.cb8c686171, now test.fuel_analytics.not_null_price_moving_avg_REGION.daece67b4a)
[0m16:50:33.859705 [debug] [Thread-2 (]: Began compiling node test.fuel_analytics.not_null_price_moving_avg_REGION.daece67b4a
[0m16:50:33.865035 [debug] [Thread-2 (]: Writing injected SQL for node "test.fuel_analytics.not_null_price_moving_avg_REGION.daece67b4a"
[0m16:50:33.865889 [debug] [Thread-2 (]: Began executing node test.fuel_analytics.not_null_price_moving_avg_REGION.daece67b4a
[0m16:50:33.867757 [debug] [Thread-2 (]: Writing runtime sql for node "test.fuel_analytics.not_null_price_moving_avg_REGION.daece67b4a"
[0m16:50:33.868820 [debug] [Thread-2 (]: Using snowflake connection "test.fuel_analytics.not_null_price_moving_avg_REGION.daece67b4a"
[0m16:50:33.869107 [debug] [Thread-2 (]: On test.fuel_analytics.not_null_price_moving_avg_REGION.daece67b4a: /* {"app": "dbt", "dbt_version": "1.11.8", "profile_name": "fuel_analytics", "target_name": "dev", "node_id": "test.fuel_analytics.not_null_price_moving_avg_REGION.daece67b4a"} */
select
      count(*) as failures,
      count(*) != 0 as should_warn,
      count(*) != 0 as should_error
    from (
      
    
  
    
    



select REGION
from USER_DB_FERRET.DBT.price_moving_avg
where REGION is null



  
  
      
    ) dbt_internal_test
[0m16:50:33.869362 [debug] [Thread-2 (]: Opening a new connection, currently in state closed
[0m16:50:34.843752 [debug] [Thread-2 (]: SQL status: SUCCESS 1 in 0.974 seconds
[0m16:50:34.847175 [debug] [Thread-2 (]: On test.fuel_analytics.not_null_price_moving_avg_REGION.daece67b4a: Close
[0m16:50:35.021887 [info ] [Thread-2 (]: 7 of 31 PASS not_null_price_moving_avg_REGION .................................. [[32mPASS[0m in 1.16s]
[0m16:50:35.022843 [debug] [Thread-2 (]: Finished running node test.fuel_analytics.not_null_price_moving_avg_REGION.daece67b4a
[0m16:50:35.023296 [debug] [Thread-2 (]: Began running node test.fuel_analytics.not_null_price_moving_avg_REGULAR_12WK_AVG.118c2ef321
[0m16:50:35.023730 [info ] [Thread-2 (]: 8 of 31 START test not_null_price_moving_avg_REGULAR_12WK_AVG .................. [RUN]
[0m16:50:35.024266 [debug] [Thread-2 (]: Re-using an available connection from the pool (formerly test.fuel_analytics.not_null_price_moving_avg_REGION.daece67b4a, now test.fuel_analytics.not_null_price_moving_avg_REGULAR_12WK_AVG.118c2ef321)
[0m16:50:35.024653 [debug] [Thread-2 (]: Began compiling node test.fuel_analytics.not_null_price_moving_avg_REGULAR_12WK_AVG.118c2ef321
[0m16:50:35.031209 [debug] [Thread-2 (]: Writing injected SQL for node "test.fuel_analytics.not_null_price_moving_avg_REGULAR_12WK_AVG.118c2ef321"
[0m16:50:35.032312 [debug] [Thread-2 (]: Began executing node test.fuel_analytics.not_null_price_moving_avg_REGULAR_12WK_AVG.118c2ef321
[0m16:50:35.034658 [debug] [Thread-2 (]: Writing runtime sql for node "test.fuel_analytics.not_null_price_moving_avg_REGULAR_12WK_AVG.118c2ef321"
[0m16:50:35.035940 [debug] [Thread-2 (]: Using snowflake connection "test.fuel_analytics.not_null_price_moving_avg_REGULAR_12WK_AVG.118c2ef321"
[0m16:50:35.036313 [debug] [Thread-2 (]: On test.fuel_analytics.not_null_price_moving_avg_REGULAR_12WK_AVG.118c2ef321: /* {"app": "dbt", "dbt_version": "1.11.8", "profile_name": "fuel_analytics", "target_name": "dev", "node_id": "test.fuel_analytics.not_null_price_moving_avg_REGULAR_12WK_AVG.118c2ef321"} */
select
      count(*) as failures,
      count(*) != 0 as should_warn,
      count(*) != 0 as should_error
    from (
      
    
  
    
    



select REGULAR_12WK_AVG
from USER_DB_FERRET.DBT.price_moving_avg
where REGULAR_12WK_AVG is null



  
  
      
    ) dbt_internal_test
[0m16:50:35.036629 [debug] [Thread-2 (]: Opening a new connection, currently in state closed
[0m16:50:35.865625 [debug] [Thread-2 (]: SQL status: SUCCESS 1 in 0.829 seconds
[0m16:50:35.868670 [debug] [Thread-2 (]: On test.fuel_analytics.not_null_price_moving_avg_REGULAR_12WK_AVG.118c2ef321: Close
[0m16:50:36.064344 [info ] [Thread-2 (]: 8 of 31 PASS not_null_price_moving_avg_REGULAR_12WK_AVG ........................ [[32mPASS[0m in 1.04s]
[0m16:50:36.065359 [debug] [Thread-2 (]: Finished running node test.fuel_analytics.not_null_price_moving_avg_REGULAR_12WK_AVG.118c2ef321
[0m16:50:36.065814 [debug] [Thread-2 (]: Began running node test.fuel_analytics.not_null_price_moving_avg_REGULAR_4WK_AVG.cb68ef4e1b
[0m16:50:36.066260 [info ] [Thread-2 (]: 9 of 31 START test not_null_price_moving_avg_REGULAR_4WK_AVG ................... [RUN]
[0m16:50:36.066802 [debug] [Thread-2 (]: Re-using an available connection from the pool (formerly test.fuel_analytics.not_null_price_moving_avg_REGULAR_12WK_AVG.118c2ef321, now test.fuel_analytics.not_null_price_moving_avg_REGULAR_4WK_AVG.cb68ef4e1b)
[0m16:50:36.067202 [debug] [Thread-2 (]: Began compiling node test.fuel_analytics.not_null_price_moving_avg_REGULAR_4WK_AVG.cb68ef4e1b
[0m16:50:36.073647 [debug] [Thread-2 (]: Writing injected SQL for node "test.fuel_analytics.not_null_price_moving_avg_REGULAR_4WK_AVG.cb68ef4e1b"
[0m16:50:36.074834 [debug] [Thread-2 (]: Began executing node test.fuel_analytics.not_null_price_moving_avg_REGULAR_4WK_AVG.cb68ef4e1b
[0m16:50:36.076965 [debug] [Thread-2 (]: Writing runtime sql for node "test.fuel_analytics.not_null_price_moving_avg_REGULAR_4WK_AVG.cb68ef4e1b"
[0m16:50:36.078000 [debug] [Thread-2 (]: Using snowflake connection "test.fuel_analytics.not_null_price_moving_avg_REGULAR_4WK_AVG.cb68ef4e1b"
[0m16:50:36.078630 [debug] [Thread-2 (]: On test.fuel_analytics.not_null_price_moving_avg_REGULAR_4WK_AVG.cb68ef4e1b: /* {"app": "dbt", "dbt_version": "1.11.8", "profile_name": "fuel_analytics", "target_name": "dev", "node_id": "test.fuel_analytics.not_null_price_moving_avg_REGULAR_4WK_AVG.cb68ef4e1b"} */
select
      count(*) as failures,
      count(*) != 0 as should_warn,
      count(*) != 0 as should_error
    from (
      
    
  
    
    



select REGULAR_4WK_AVG
from USER_DB_FERRET.DBT.price_moving_avg
where REGULAR_4WK_AVG is null



  
  
      
    ) dbt_internal_test
[0m16:50:36.079021 [debug] [Thread-2 (]: Opening a new connection, currently in state closed
[0m16:50:36.847753 [debug] [Thread-2 (]: SQL status: SUCCESS 1 in 0.768 seconds
[0m16:50:36.851302 [debug] [Thread-2 (]: On test.fuel_analytics.not_null_price_moving_avg_REGULAR_4WK_AVG.cb68ef4e1b: Close
[0m16:50:37.097311 [info ] [Thread-2 (]: 9 of 31 PASS not_null_price_moving_avg_REGULAR_4WK_AVG ......................... [[32mPASS[0m in 1.03s]
[0m16:50:37.098200 [debug] [Thread-2 (]: Finished running node test.fuel_analytics.not_null_price_moving_avg_REGULAR_4WK_AVG.cb68ef4e1b
[0m16:50:37.098616 [debug] [Thread-2 (]: Began running node test.fuel_analytics.not_null_price_moving_avg_REGULAR_GASOLINE_PRICE.850a3d6917
[0m16:50:37.099042 [info ] [Thread-2 (]: 10 of 31 START test not_null_price_moving_avg_REGULAR_GASOLINE_PRICE ........... [RUN]
[0m16:50:37.099537 [debug] [Thread-2 (]: Re-using an available connection from the pool (formerly test.fuel_analytics.not_null_price_moving_avg_REGULAR_4WK_AVG.cb68ef4e1b, now test.fuel_analytics.not_null_price_moving_avg_REGULAR_GASOLINE_PRICE.850a3d6917)
[0m16:50:37.099908 [debug] [Thread-2 (]: Began compiling node test.fuel_analytics.not_null_price_moving_avg_REGULAR_GASOLINE_PRICE.850a3d6917
[0m16:50:37.106048 [debug] [Thread-2 (]: Writing injected SQL for node "test.fuel_analytics.not_null_price_moving_avg_REGULAR_GASOLINE_PRICE.850a3d6917"
[0m16:50:37.107136 [debug] [Thread-2 (]: Began executing node test.fuel_analytics.not_null_price_moving_avg_REGULAR_GASOLINE_PRICE.850a3d6917
[0m16:50:37.109237 [debug] [Thread-2 (]: Writing runtime sql for node "test.fuel_analytics.not_null_price_moving_avg_REGULAR_GASOLINE_PRICE.850a3d6917"
[0m16:50:37.110574 [debug] [Thread-2 (]: Using snowflake connection "test.fuel_analytics.not_null_price_moving_avg_REGULAR_GASOLINE_PRICE.850a3d6917"
[0m16:50:37.111172 [debug] [Thread-2 (]: On test.fuel_analytics.not_null_price_moving_avg_REGULAR_GASOLINE_PRICE.850a3d6917: /* {"app": "dbt", "dbt_version": "1.11.8", "profile_name": "fuel_analytics", "target_name": "dev", "node_id": "test.fuel_analytics.not_null_price_moving_avg_REGULAR_GASOLINE_PRICE.850a3d6917"} */
select
      count(*) as failures,
      count(*) != 0 as should_warn,
      count(*) != 0 as should_error
    from (
      
    
  
    
    



select REGULAR_GASOLINE_PRICE
from USER_DB_FERRET.DBT.price_moving_avg
where REGULAR_GASOLINE_PRICE is null



  
  
      
    ) dbt_internal_test
[0m16:50:37.111547 [debug] [Thread-2 (]: Opening a new connection, currently in state closed
[0m16:50:37.911107 [debug] [Thread-2 (]: SQL status: SUCCESS 1 in 0.799 seconds
[0m16:50:37.914643 [debug] [Thread-2 (]: On test.fuel_analytics.not_null_price_moving_avg_REGULAR_GASOLINE_PRICE.850a3d6917: Close
[0m16:50:38.099970 [info ] [Thread-2 (]: 10 of 31 PASS not_null_price_moving_avg_REGULAR_GASOLINE_PRICE ................. [[32mPASS[0m in 1.00s]
[0m16:50:38.100770 [debug] [Thread-2 (]: Finished running node test.fuel_analytics.not_null_price_moving_avg_REGULAR_GASOLINE_PRICE.850a3d6917
[0m16:50:38.101327 [debug] [Thread-2 (]: Began running node test.fuel_analytics.not_null_price_moving_avg_WEEK_DATE.dbf45e3e5c
[0m16:50:38.101796 [info ] [Thread-2 (]: 11 of 31 START test not_null_price_moving_avg_WEEK_DATE ........................ [RUN]
[0m16:50:38.102303 [debug] [Thread-2 (]: Re-using an available connection from the pool (formerly test.fuel_analytics.not_null_price_moving_avg_REGULAR_GASOLINE_PRICE.850a3d6917, now test.fuel_analytics.not_null_price_moving_avg_WEEK_DATE.dbf45e3e5c)
[0m16:50:38.102655 [debug] [Thread-2 (]: Began compiling node test.fuel_analytics.not_null_price_moving_avg_WEEK_DATE.dbf45e3e5c
[0m16:50:38.107459 [debug] [Thread-2 (]: Writing injected SQL for node "test.fuel_analytics.not_null_price_moving_avg_WEEK_DATE.dbf45e3e5c"
[0m16:50:38.108622 [debug] [Thread-2 (]: Began executing node test.fuel_analytics.not_null_price_moving_avg_WEEK_DATE.dbf45e3e5c
[0m16:50:38.112015 [debug] [Thread-2 (]: Writing runtime sql for node "test.fuel_analytics.not_null_price_moving_avg_WEEK_DATE.dbf45e3e5c"
[0m16:50:38.113560 [debug] [Thread-2 (]: Using snowflake connection "test.fuel_analytics.not_null_price_moving_avg_WEEK_DATE.dbf45e3e5c"
[0m16:50:38.114052 [debug] [Thread-2 (]: On test.fuel_analytics.not_null_price_moving_avg_WEEK_DATE.dbf45e3e5c: /* {"app": "dbt", "dbt_version": "1.11.8", "profile_name": "fuel_analytics", "target_name": "dev", "node_id": "test.fuel_analytics.not_null_price_moving_avg_WEEK_DATE.dbf45e3e5c"} */
select
      count(*) as failures,
      count(*) != 0 as should_warn,
      count(*) != 0 as should_error
    from (
      
    
  
    
    



select WEEK_DATE
from USER_DB_FERRET.DBT.price_moving_avg
where WEEK_DATE is null



  
  
      
    ) dbt_internal_test
[0m16:50:38.114490 [debug] [Thread-2 (]: Opening a new connection, currently in state closed
[0m16:50:38.833797 [debug] [Thread-2 (]: SQL status: SUCCESS 1 in 0.719 seconds
[0m16:50:38.837443 [debug] [Thread-2 (]: On test.fuel_analytics.not_null_price_moving_avg_WEEK_DATE.dbf45e3e5c: Close
[0m16:50:38.997829 [info ] [Thread-2 (]: 11 of 31 PASS not_null_price_moving_avg_WEEK_DATE .............................. [[32mPASS[0m in 0.90s]
[0m16:50:38.999222 [debug] [Thread-2 (]: Finished running node test.fuel_analytics.not_null_price_moving_avg_WEEK_DATE.dbf45e3e5c
[0m16:50:39.000026 [debug] [Thread-2 (]: Began running node test.fuel_analytics.not_null_price_volatility_REGION.7a6d63b30d
[0m16:50:39.000745 [info ] [Thread-2 (]: 12 of 31 START test not_null_price_volatility_REGION ........................... [RUN]
[0m16:50:39.001800 [debug] [Thread-2 (]: Re-using an available connection from the pool (formerly test.fuel_analytics.not_null_price_moving_avg_WEEK_DATE.dbf45e3e5c, now test.fuel_analytics.not_null_price_volatility_REGION.7a6d63b30d)
[0m16:50:39.002801 [debug] [Thread-2 (]: Began compiling node test.fuel_analytics.not_null_price_volatility_REGION.7a6d63b30d
[0m16:50:39.011916 [debug] [Thread-2 (]: Writing injected SQL for node "test.fuel_analytics.not_null_price_volatility_REGION.7a6d63b30d"
[0m16:50:39.014414 [debug] [Thread-2 (]: Began executing node test.fuel_analytics.not_null_price_volatility_REGION.7a6d63b30d
[0m16:50:39.019282 [debug] [Thread-2 (]: Writing runtime sql for node "test.fuel_analytics.not_null_price_volatility_REGION.7a6d63b30d"
[0m16:50:39.022486 [debug] [Thread-2 (]: Using snowflake connection "test.fuel_analytics.not_null_price_volatility_REGION.7a6d63b30d"
[0m16:50:39.023431 [debug] [Thread-2 (]: On test.fuel_analytics.not_null_price_volatility_REGION.7a6d63b30d: /* {"app": "dbt", "dbt_version": "1.11.8", "profile_name": "fuel_analytics", "target_name": "dev", "node_id": "test.fuel_analytics.not_null_price_volatility_REGION.7a6d63b30d"} */
select
      count(*) as failures,
      count(*) != 0 as should_warn,
      count(*) != 0 as should_error
    from (
      
    
  
    
    



select REGION
from USER_DB_FERRET.DBT.price_volatility
where REGION is null



  
  
      
    ) dbt_internal_test
[0m16:50:39.024165 [debug] [Thread-2 (]: Opening a new connection, currently in state closed
[0m16:50:40.062073 [debug] [Thread-2 (]: SQL status: SUCCESS 1 in 1.038 seconds
[0m16:50:40.065321 [debug] [Thread-2 (]: On test.fuel_analytics.not_null_price_volatility_REGION.7a6d63b30d: Close
[0m16:50:40.205435 [info ] [Thread-2 (]: 12 of 31 PASS not_null_price_volatility_REGION ................................. [[32mPASS[0m in 1.20s]
[0m16:50:40.206704 [debug] [Thread-2 (]: Finished running node test.fuel_analytics.not_null_price_volatility_REGION.7a6d63b30d
[0m16:50:40.207564 [debug] [Thread-2 (]: Began running node test.fuel_analytics.not_null_price_volatility_REGULAR_GASOLINE_PRICE.42b9593977
[0m16:50:40.208125 [info ] [Thread-2 (]: 13 of 31 START test not_null_price_volatility_REGULAR_GASOLINE_PRICE ........... [RUN]
[0m16:50:40.209314 [debug] [Thread-2 (]: Re-using an available connection from the pool (formerly test.fuel_analytics.not_null_price_volatility_REGION.7a6d63b30d, now test.fuel_analytics.not_null_price_volatility_REGULAR_GASOLINE_PRICE.42b9593977)
[0m16:50:40.210049 [debug] [Thread-2 (]: Began compiling node test.fuel_analytics.not_null_price_volatility_REGULAR_GASOLINE_PRICE.42b9593977
[0m16:50:40.216759 [debug] [Thread-2 (]: Writing injected SQL for node "test.fuel_analytics.not_null_price_volatility_REGULAR_GASOLINE_PRICE.42b9593977"
[0m16:50:40.219392 [debug] [Thread-2 (]: Began executing node test.fuel_analytics.not_null_price_volatility_REGULAR_GASOLINE_PRICE.42b9593977
[0m16:50:40.224084 [debug] [Thread-2 (]: Writing runtime sql for node "test.fuel_analytics.not_null_price_volatility_REGULAR_GASOLINE_PRICE.42b9593977"
[0m16:50:40.226183 [debug] [Thread-2 (]: Using snowflake connection "test.fuel_analytics.not_null_price_volatility_REGULAR_GASOLINE_PRICE.42b9593977"
[0m16:50:40.227120 [debug] [Thread-2 (]: On test.fuel_analytics.not_null_price_volatility_REGULAR_GASOLINE_PRICE.42b9593977: /* {"app": "dbt", "dbt_version": "1.11.8", "profile_name": "fuel_analytics", "target_name": "dev", "node_id": "test.fuel_analytics.not_null_price_volatility_REGULAR_GASOLINE_PRICE.42b9593977"} */
select
      count(*) as failures,
      count(*) != 0 as should_warn,
      count(*) != 0 as should_error
    from (
      
    
  
    
    



select REGULAR_GASOLINE_PRICE
from USER_DB_FERRET.DBT.price_volatility
where REGULAR_GASOLINE_PRICE is null



  
  
      
    ) dbt_internal_test
[0m16:50:40.227650 [debug] [Thread-2 (]: Opening a new connection, currently in state closed
[0m16:50:40.945194 [debug] [Thread-2 (]: SQL status: SUCCESS 1 in 0.717 seconds
[0m16:50:40.948817 [debug] [Thread-2 (]: On test.fuel_analytics.not_null_price_volatility_REGULAR_GASOLINE_PRICE.42b9593977: Close
[0m16:50:41.101715 [info ] [Thread-2 (]: 13 of 31 PASS not_null_price_volatility_REGULAR_GASOLINE_PRICE ................. [[32mPASS[0m in 0.89s]
[0m16:50:41.102984 [debug] [Thread-2 (]: Finished running node test.fuel_analytics.not_null_price_volatility_REGULAR_GASOLINE_PRICE.42b9593977
[0m16:50:41.104082 [debug] [Thread-2 (]: Began running node test.fuel_analytics.not_null_price_volatility_WEEK_DATE.e0e4d3e492
[0m16:50:41.104672 [info ] [Thread-2 (]: 14 of 31 START test not_null_price_volatility_WEEK_DATE ........................ [RUN]
[0m16:50:41.105451 [debug] [Thread-2 (]: Re-using an available connection from the pool (formerly test.fuel_analytics.not_null_price_volatility_REGULAR_GASOLINE_PRICE.42b9593977, now test.fuel_analytics.not_null_price_volatility_WEEK_DATE.e0e4d3e492)
[0m16:50:41.106216 [debug] [Thread-2 (]: Began compiling node test.fuel_analytics.not_null_price_volatility_WEEK_DATE.e0e4d3e492
[0m16:50:41.113958 [debug] [Thread-2 (]: Writing injected SQL for node "test.fuel_analytics.not_null_price_volatility_WEEK_DATE.e0e4d3e492"
[0m16:50:41.115328 [debug] [Thread-2 (]: Began executing node test.fuel_analytics.not_null_price_volatility_WEEK_DATE.e0e4d3e492
[0m16:50:41.120454 [debug] [Thread-2 (]: Writing runtime sql for node "test.fuel_analytics.not_null_price_volatility_WEEK_DATE.e0e4d3e492"
[0m16:50:41.122995 [debug] [Thread-2 (]: Using snowflake connection "test.fuel_analytics.not_null_price_volatility_WEEK_DATE.e0e4d3e492"
[0m16:50:41.124029 [debug] [Thread-2 (]: On test.fuel_analytics.not_null_price_volatility_WEEK_DATE.e0e4d3e492: /* {"app": "dbt", "dbt_version": "1.11.8", "profile_name": "fuel_analytics", "target_name": "dev", "node_id": "test.fuel_analytics.not_null_price_volatility_WEEK_DATE.e0e4d3e492"} */
select
      count(*) as failures,
      count(*) != 0 as should_warn,
      count(*) != 0 as should_error
    from (
      
    
  
    
    



select WEEK_DATE
from USER_DB_FERRET.DBT.price_volatility
where WEEK_DATE is null



  
  
      
    ) dbt_internal_test
[0m16:50:41.124938 [debug] [Thread-2 (]: Opening a new connection, currently in state closed
[0m16:50:41.888339 [debug] [Thread-2 (]: SQL status: SUCCESS 1 in 0.763 seconds
[0m16:50:41.892629 [debug] [Thread-2 (]: On test.fuel_analytics.not_null_price_volatility_WEEK_DATE.e0e4d3e492: Close
[0m16:50:42.035863 [info ] [Thread-2 (]: 14 of 31 PASS not_null_price_volatility_WEEK_DATE .............................. [[32mPASS[0m in 0.93s]
[0m16:50:42.038014 [debug] [Thread-2 (]: Finished running node test.fuel_analytics.not_null_price_volatility_WEEK_DATE.e0e4d3e492
[0m16:50:42.039180 [debug] [Thread-2 (]: Began running node test.fuel_analytics.not_null_regional_comparison_REGION.8aa08dd4fd
[0m16:50:42.039664 [info ] [Thread-2 (]: 15 of 31 START test not_null_regional_comparison_REGION ........................ [RUN]
[0m16:50:42.040585 [debug] [Thread-2 (]: Re-using an available connection from the pool (formerly test.fuel_analytics.not_null_price_volatility_WEEK_DATE.e0e4d3e492, now test.fuel_analytics.not_null_regional_comparison_REGION.8aa08dd4fd)
[0m16:50:42.041120 [debug] [Thread-2 (]: Began compiling node test.fuel_analytics.not_null_regional_comparison_REGION.8aa08dd4fd
[0m16:50:42.048837 [debug] [Thread-2 (]: Writing injected SQL for node "test.fuel_analytics.not_null_regional_comparison_REGION.8aa08dd4fd"
[0m16:50:42.051032 [debug] [Thread-2 (]: Began executing node test.fuel_analytics.not_null_regional_comparison_REGION.8aa08dd4fd
[0m16:50:42.057160 [debug] [Thread-2 (]: Writing runtime sql for node "test.fuel_analytics.not_null_regional_comparison_REGION.8aa08dd4fd"
[0m16:50:42.061366 [debug] [Thread-2 (]: Using snowflake connection "test.fuel_analytics.not_null_regional_comparison_REGION.8aa08dd4fd"
[0m16:50:42.062219 [debug] [Thread-2 (]: On test.fuel_analytics.not_null_regional_comparison_REGION.8aa08dd4fd: /* {"app": "dbt", "dbt_version": "1.11.8", "profile_name": "fuel_analytics", "target_name": "dev", "node_id": "test.fuel_analytics.not_null_regional_comparison_REGION.8aa08dd4fd"} */
select
      count(*) as failures,
      count(*) != 0 as should_warn,
      count(*) != 0 as should_error
    from (
      
    
  
    
    



select REGION
from USER_DB_FERRET.DBT.regional_comparison
where REGION is null



  
  
      
    ) dbt_internal_test
[0m16:50:42.063191 [debug] [Thread-2 (]: Opening a new connection, currently in state closed
[0m16:50:42.795773 [debug] [Thread-2 (]: SQL status: SUCCESS 1 in 0.733 seconds
[0m16:50:42.798823 [debug] [Thread-2 (]: On test.fuel_analytics.not_null_regional_comparison_REGION.8aa08dd4fd: Close
[0m16:50:42.945840 [info ] [Thread-2 (]: 15 of 31 PASS not_null_regional_comparison_REGION .............................. [[32mPASS[0m in 0.91s]
[0m16:50:42.946919 [debug] [Thread-2 (]: Finished running node test.fuel_analytics.not_null_regional_comparison_REGION.8aa08dd4fd
[0m16:50:42.947457 [debug] [Thread-2 (]: Began running node test.fuel_analytics.not_null_regional_comparison_REGIONAL_PRICE.ba7292316c
[0m16:50:42.947896 [info ] [Thread-2 (]: 16 of 31 START test not_null_regional_comparison_REGIONAL_PRICE ................ [RUN]
[0m16:50:42.948536 [debug] [Thread-2 (]: Re-using an available connection from the pool (formerly test.fuel_analytics.not_null_regional_comparison_REGION.8aa08dd4fd, now test.fuel_analytics.not_null_regional_comparison_REGIONAL_PRICE.ba7292316c)
[0m16:50:42.948990 [debug] [Thread-2 (]: Began compiling node test.fuel_analytics.not_null_regional_comparison_REGIONAL_PRICE.ba7292316c
[0m16:50:42.954740 [debug] [Thread-2 (]: Writing injected SQL for node "test.fuel_analytics.not_null_regional_comparison_REGIONAL_PRICE.ba7292316c"
[0m16:50:42.958178 [debug] [Thread-2 (]: Began executing node test.fuel_analytics.not_null_regional_comparison_REGIONAL_PRICE.ba7292316c
[0m16:50:42.962649 [debug] [Thread-2 (]: Writing runtime sql for node "test.fuel_analytics.not_null_regional_comparison_REGIONAL_PRICE.ba7292316c"
[0m16:50:42.964719 [debug] [Thread-2 (]: Using snowflake connection "test.fuel_analytics.not_null_regional_comparison_REGIONAL_PRICE.ba7292316c"
[0m16:50:42.965343 [debug] [Thread-2 (]: On test.fuel_analytics.not_null_regional_comparison_REGIONAL_PRICE.ba7292316c: /* {"app": "dbt", "dbt_version": "1.11.8", "profile_name": "fuel_analytics", "target_name": "dev", "node_id": "test.fuel_analytics.not_null_regional_comparison_REGIONAL_PRICE.ba7292316c"} */
select
      count(*) as failures,
      count(*) != 0 as should_warn,
      count(*) != 0 as should_error
    from (
      
    
  
    
    



select REGIONAL_PRICE
from USER_DB_FERRET.DBT.regional_comparison
where REGIONAL_PRICE is null



  
  
      
    ) dbt_internal_test
[0m16:50:42.965779 [debug] [Thread-2 (]: Opening a new connection, currently in state closed
[0m16:50:44.885083 [debug] [Thread-2 (]: SQL status: SUCCESS 1 in 1.918 seconds
[0m16:50:44.889614 [debug] [Thread-2 (]: On test.fuel_analytics.not_null_regional_comparison_REGIONAL_PRICE.ba7292316c: Close
[0m16:50:45.042674 [info ] [Thread-2 (]: 16 of 31 PASS not_null_regional_comparison_REGIONAL_PRICE ...................... [[32mPASS[0m in 2.09s]
[0m16:50:45.044084 [debug] [Thread-2 (]: Finished running node test.fuel_analytics.not_null_regional_comparison_REGIONAL_PRICE.ba7292316c
[0m16:50:45.044682 [debug] [Thread-2 (]: Began running node test.fuel_analytics.not_null_regional_comparison_WEEK_DATE.24e345e688
[0m16:50:45.045328 [info ] [Thread-2 (]: 17 of 31 START test not_null_regional_comparison_WEEK_DATE ..................... [RUN]
[0m16:50:45.046095 [debug] [Thread-2 (]: Re-using an available connection from the pool (formerly test.fuel_analytics.not_null_regional_comparison_REGIONAL_PRICE.ba7292316c, now test.fuel_analytics.not_null_regional_comparison_WEEK_DATE.24e345e688)
[0m16:50:45.046710 [debug] [Thread-2 (]: Began compiling node test.fuel_analytics.not_null_regional_comparison_WEEK_DATE.24e345e688
[0m16:50:45.054944 [debug] [Thread-2 (]: Writing injected SQL for node "test.fuel_analytics.not_null_regional_comparison_WEEK_DATE.24e345e688"
[0m16:50:45.056372 [debug] [Thread-2 (]: Began executing node test.fuel_analytics.not_null_regional_comparison_WEEK_DATE.24e345e688
[0m16:50:45.062653 [debug] [Thread-2 (]: Writing runtime sql for node "test.fuel_analytics.not_null_regional_comparison_WEEK_DATE.24e345e688"
[0m16:50:45.068559 [debug] [Thread-2 (]: Using snowflake connection "test.fuel_analytics.not_null_regional_comparison_WEEK_DATE.24e345e688"
[0m16:50:45.070011 [debug] [Thread-2 (]: On test.fuel_analytics.not_null_regional_comparison_WEEK_DATE.24e345e688: /* {"app": "dbt", "dbt_version": "1.11.8", "profile_name": "fuel_analytics", "target_name": "dev", "node_id": "test.fuel_analytics.not_null_regional_comparison_WEEK_DATE.24e345e688"} */
select
      count(*) as failures,
      count(*) != 0 as should_warn,
      count(*) != 0 as should_error
    from (
      
    
  
    
    



select WEEK_DATE
from USER_DB_FERRET.DBT.regional_comparison
where WEEK_DATE is null



  
  
      
    ) dbt_internal_test
[0m16:50:45.070691 [debug] [Thread-2 (]: Opening a new connection, currently in state closed
[0m16:50:46.114107 [debug] [Thread-2 (]: SQL status: SUCCESS 1 in 1.043 seconds
[0m16:50:46.119672 [debug] [Thread-2 (]: On test.fuel_analytics.not_null_regional_comparison_WEEK_DATE.24e345e688: Close
[0m16:50:46.274898 [info ] [Thread-2 (]: 17 of 31 PASS not_null_regional_comparison_WEEK_DATE ........................... [[32mPASS[0m in 1.23s]
[0m16:50:46.276307 [debug] [Thread-2 (]: Finished running node test.fuel_analytics.not_null_regional_comparison_WEEK_DATE.24e345e688
[0m16:50:46.277126 [debug] [Thread-2 (]: Began running node test.fuel_analytics.source_accepted_values_raw_energy_market_prices_TICKER__CL_F__BZ_F__XLE__UGA.401cd46daf
[0m16:50:46.277923 [info ] [Thread-2 (]: 18 of 31 START test source_accepted_values_raw_energy_market_prices_TICKER__CL_F__BZ_F__XLE__UGA  [RUN]
[0m16:50:46.279952 [debug] [Thread-2 (]: Re-using an available connection from the pool (formerly test.fuel_analytics.not_null_regional_comparison_WEEK_DATE.24e345e688, now test.fuel_analytics.source_accepted_values_raw_energy_market_prices_TICKER__CL_F__BZ_F__XLE__UGA.401cd46daf)
[0m16:50:46.283750 [debug] [Thread-2 (]: Began compiling node test.fuel_analytics.source_accepted_values_raw_energy_market_prices_TICKER__CL_F__BZ_F__XLE__UGA.401cd46daf
[0m16:50:46.304101 [debug] [Thread-2 (]: Writing injected SQL for node "test.fuel_analytics.source_accepted_values_raw_energy_market_prices_TICKER__CL_F__BZ_F__XLE__UGA.401cd46daf"
[0m16:50:46.305867 [debug] [Thread-2 (]: Began executing node test.fuel_analytics.source_accepted_values_raw_energy_market_prices_TICKER__CL_F__BZ_F__XLE__UGA.401cd46daf
[0m16:50:46.312119 [debug] [Thread-2 (]: Writing runtime sql for node "test.fuel_analytics.source_accepted_values_raw_energy_market_prices_TICKER__CL_F__BZ_F__XLE__UGA.401cd46daf"
[0m16:50:46.314875 [debug] [Thread-2 (]: Using snowflake connection "test.fuel_analytics.source_accepted_values_raw_energy_market_prices_TICKER__CL_F__BZ_F__XLE__UGA.401cd46daf"
[0m16:50:46.315859 [debug] [Thread-2 (]: On test.fuel_analytics.source_accepted_values_raw_energy_market_prices_TICKER__CL_F__BZ_F__XLE__UGA.401cd46daf: /* {"app": "dbt", "dbt_version": "1.11.8", "profile_name": "fuel_analytics", "target_name": "dev", "node_id": "test.fuel_analytics.source_accepted_values_raw_energy_market_prices_TICKER__CL_F__BZ_F__XLE__UGA.401cd46daf"} */
select
      count(*) as failures,
      count(*) != 0 as should_warn,
      count(*) != 0 as should_error
    from (
      
    
  
    
    

with all_values as (

    select
        TICKER as value_field,
        count(*) as n_records

    from USER_DB_FERRET.RAW.energy_market_prices
    group by TICKER

)

select *
from all_values
where value_field not in (
    'CL=F','BZ=F','XLE','UGA'
)



  
  
      
    ) dbt_internal_test
[0m16:50:46.317324 [debug] [Thread-2 (]: Opening a new connection, currently in state closed
[0m16:50:47.055282 [debug] [Thread-2 (]: SQL status: SUCCESS 1 in 0.738 seconds
[0m16:50:47.060577 [debug] [Thread-2 (]: On test.fuel_analytics.source_accepted_values_raw_energy_market_prices_TICKER__CL_F__BZ_F__XLE__UGA.401cd46daf: Close
[0m16:50:47.315930 [info ] [Thread-2 (]: 18 of 31 PASS source_accepted_values_raw_energy_market_prices_TICKER__CL_F__BZ_F__XLE__UGA  [[32mPASS[0m in 1.04s]
[0m16:50:47.317383 [debug] [Thread-2 (]: Finished running node test.fuel_analytics.source_accepted_values_raw_energy_market_prices_TICKER__CL_F__BZ_F__XLE__UGA.401cd46daf
[0m16:50:47.318162 [debug] [Thread-2 (]: Began running node test.fuel_analytics.source_accepted_values_raw_fuel_prices_REGION__US_NATIONAL.bc8541f77d
[0m16:50:47.319002 [info ] [Thread-2 (]: 19 of 31 START test source_accepted_values_raw_fuel_prices_REGION__US_NATIONAL . [RUN]
[0m16:50:47.321294 [debug] [Thread-2 (]: Re-using an available connection from the pool (formerly test.fuel_analytics.source_accepted_values_raw_energy_market_prices_TICKER__CL_F__BZ_F__XLE__UGA.401cd46daf, now test.fuel_analytics.source_accepted_values_raw_fuel_prices_REGION__US_NATIONAL.bc8541f77d)
[0m16:50:47.322926 [debug] [Thread-2 (]: Began compiling node test.fuel_analytics.source_accepted_values_raw_fuel_prices_REGION__US_NATIONAL.bc8541f77d
[0m16:50:47.340340 [debug] [Thread-2 (]: Writing injected SQL for node "test.fuel_analytics.source_accepted_values_raw_fuel_prices_REGION__US_NATIONAL.bc8541f77d"
[0m16:50:47.342258 [debug] [Thread-2 (]: Began executing node test.fuel_analytics.source_accepted_values_raw_fuel_prices_REGION__US_NATIONAL.bc8541f77d
[0m16:50:47.347261 [debug] [Thread-2 (]: Writing runtime sql for node "test.fuel_analytics.source_accepted_values_raw_fuel_prices_REGION__US_NATIONAL.bc8541f77d"
[0m16:50:47.350125 [debug] [Thread-2 (]: Using snowflake connection "test.fuel_analytics.source_accepted_values_raw_fuel_prices_REGION__US_NATIONAL.bc8541f77d"
[0m16:50:47.351174 [debug] [Thread-2 (]: On test.fuel_analytics.source_accepted_values_raw_fuel_prices_REGION__US_NATIONAL.bc8541f77d: /* {"app": "dbt", "dbt_version": "1.11.8", "profile_name": "fuel_analytics", "target_name": "dev", "node_id": "test.fuel_analytics.source_accepted_values_raw_fuel_prices_REGION__US_NATIONAL.bc8541f77d"} */
select
      count(*) as failures,
      count(*) != 0 as should_warn,
      count(*) != 0 as should_error
    from (
      
    
  
    
    

with all_values as (

    select
        REGION as value_field,
        count(*) as n_records

    from USER_DB_FERRET.RAW.fuel_prices
    group by REGION

)

select *
from all_values
where value_field not in (
    'US_NATIONAL'
)



  
  
      
    ) dbt_internal_test
[0m16:50:47.352094 [debug] [Thread-2 (]: Opening a new connection, currently in state closed
[0m16:50:50.302315 [debug] [Thread-2 (]: SQL status: SUCCESS 1 in 2.950 seconds
[0m16:50:50.304755 [debug] [Thread-2 (]: On test.fuel_analytics.source_accepted_values_raw_fuel_prices_REGION__US_NATIONAL.bc8541f77d: Close
[0m16:50:50.470193 [info ] [Thread-2 (]: 19 of 31 PASS source_accepted_values_raw_fuel_prices_REGION__US_NATIONAL ....... [[32mPASS[0m in 3.15s]
[0m16:50:50.471326 [debug] [Thread-2 (]: Finished running node test.fuel_analytics.source_accepted_values_raw_fuel_prices_REGION__US_NATIONAL.bc8541f77d
[0m16:50:50.471883 [debug] [Thread-2 (]: Began running node test.fuel_analytics.source_accepted_values_raw_fuel_prices_SOURCE__EIA_WEEKLY.9ee4079dce
[0m16:50:50.472339 [info ] [Thread-2 (]: 20 of 31 START test source_accepted_values_raw_fuel_prices_SOURCE__EIA_WEEKLY .. [RUN]
[0m16:50:50.472903 [debug] [Thread-2 (]: Re-using an available connection from the pool (formerly test.fuel_analytics.source_accepted_values_raw_fuel_prices_REGION__US_NATIONAL.bc8541f77d, now test.fuel_analytics.source_accepted_values_raw_fuel_prices_SOURCE__EIA_WEEKLY.9ee4079dce)
[0m16:50:50.473266 [debug] [Thread-2 (]: Began compiling node test.fuel_analytics.source_accepted_values_raw_fuel_prices_SOURCE__EIA_WEEKLY.9ee4079dce
[0m16:50:50.478905 [debug] [Thread-2 (]: Writing injected SQL for node "test.fuel_analytics.source_accepted_values_raw_fuel_prices_SOURCE__EIA_WEEKLY.9ee4079dce"
[0m16:50:50.480017 [debug] [Thread-2 (]: Began executing node test.fuel_analytics.source_accepted_values_raw_fuel_prices_SOURCE__EIA_WEEKLY.9ee4079dce
[0m16:50:50.482283 [debug] [Thread-2 (]: Writing runtime sql for node "test.fuel_analytics.source_accepted_values_raw_fuel_prices_SOURCE__EIA_WEEKLY.9ee4079dce"
[0m16:50:50.483583 [debug] [Thread-2 (]: Using snowflake connection "test.fuel_analytics.source_accepted_values_raw_fuel_prices_SOURCE__EIA_WEEKLY.9ee4079dce"
[0m16:50:50.483926 [debug] [Thread-2 (]: On test.fuel_analytics.source_accepted_values_raw_fuel_prices_SOURCE__EIA_WEEKLY.9ee4079dce: /* {"app": "dbt", "dbt_version": "1.11.8", "profile_name": "fuel_analytics", "target_name": "dev", "node_id": "test.fuel_analytics.source_accepted_values_raw_fuel_prices_SOURCE__EIA_WEEKLY.9ee4079dce"} */
select
      count(*) as failures,
      count(*) != 0 as should_warn,
      count(*) != 0 as should_error
    from (
      
    
  
    
    

with all_values as (

    select
        SOURCE as value_field,
        count(*) as n_records

    from USER_DB_FERRET.RAW.fuel_prices
    group by SOURCE

)

select *
from all_values
where value_field not in (
    'EIA_WEEKLY'
)



  
  
      
    ) dbt_internal_test
[0m16:50:50.484193 [debug] [Thread-2 (]: Opening a new connection, currently in state closed
[0m16:50:53.224467 [debug] [Thread-2 (]: SQL status: SUCCESS 1 in 2.740 seconds
[0m16:50:53.227309 [debug] [Thread-2 (]: On test.fuel_analytics.source_accepted_values_raw_fuel_prices_SOURCE__EIA_WEEKLY.9ee4079dce: Close
[0m16:50:53.397999 [info ] [Thread-2 (]: 20 of 31 PASS source_accepted_values_raw_fuel_prices_SOURCE__EIA_WEEKLY ........ [[32mPASS[0m in 2.92s]
[0m16:50:53.398884 [debug] [Thread-2 (]: Finished running node test.fuel_analytics.source_accepted_values_raw_fuel_prices_SOURCE__EIA_WEEKLY.9ee4079dce
[0m16:50:53.399289 [debug] [Thread-2 (]: Began running node test.fuel_analytics.source_accepted_values_raw_regional_fuel_prices_FUEL_TYPE__REGULAR_GASOLINE.62c36508d5
[0m16:50:53.399721 [info ] [Thread-2 (]: 21 of 31 START test source_accepted_values_raw_regional_fuel_prices_FUEL_TYPE__REGULAR_GASOLINE  [RUN]
[0m16:50:53.400246 [debug] [Thread-2 (]: Re-using an available connection from the pool (formerly test.fuel_analytics.source_accepted_values_raw_fuel_prices_SOURCE__EIA_WEEKLY.9ee4079dce, now test.fuel_analytics.source_accepted_values_raw_regional_fuel_prices_FUEL_TYPE__REGULAR_GASOLINE.62c36508d5)
[0m16:50:53.400668 [debug] [Thread-2 (]: Began compiling node test.fuel_analytics.source_accepted_values_raw_regional_fuel_prices_FUEL_TYPE__REGULAR_GASOLINE.62c36508d5
[0m16:50:53.407043 [debug] [Thread-2 (]: Writing injected SQL for node "test.fuel_analytics.source_accepted_values_raw_regional_fuel_prices_FUEL_TYPE__REGULAR_GASOLINE.62c36508d5"
[0m16:50:53.407977 [debug] [Thread-2 (]: Began executing node test.fuel_analytics.source_accepted_values_raw_regional_fuel_prices_FUEL_TYPE__REGULAR_GASOLINE.62c36508d5
[0m16:50:53.410869 [debug] [Thread-2 (]: Writing runtime sql for node "test.fuel_analytics.source_accepted_values_raw_regional_fuel_prices_FUEL_TYPE__REGULAR_GASOLINE.62c36508d5"
[0m16:50:53.413606 [debug] [Thread-2 (]: Using snowflake connection "test.fuel_analytics.source_accepted_values_raw_regional_fuel_prices_FUEL_TYPE__REGULAR_GASOLINE.62c36508d5"
[0m16:50:53.414112 [debug] [Thread-2 (]: On test.fuel_analytics.source_accepted_values_raw_regional_fuel_prices_FUEL_TYPE__REGULAR_GASOLINE.62c36508d5: /* {"app": "dbt", "dbt_version": "1.11.8", "profile_name": "fuel_analytics", "target_name": "dev", "node_id": "test.fuel_analytics.source_accepted_values_raw_regional_fuel_prices_FUEL_TYPE__REGULAR_GASOLINE.62c36508d5"} */
select
      count(*) as failures,
      count(*) != 0 as should_warn,
      count(*) != 0 as should_error
    from (
      
    
  
    
    

with all_values as (

    select
        FUEL_TYPE as value_field,
        count(*) as n_records

    from USER_DB_FERRET.RAW.regional_fuel_prices
    group by FUEL_TYPE

)

select *
from all_values
where value_field not in (
    'REGULAR_GASOLINE'
)



  
  
      
    ) dbt_internal_test
[0m16:50:53.414414 [debug] [Thread-2 (]: Opening a new connection, currently in state closed
[0m16:50:53.833323 [debug] [Thread-2 (]: SQL status: SUCCESS 1 in 0.419 seconds
[0m16:50:53.835405 [debug] [Thread-2 (]: On test.fuel_analytics.source_accepted_values_raw_regional_fuel_prices_FUEL_TYPE__REGULAR_GASOLINE.62c36508d5: Close
[0m16:50:53.993689 [info ] [Thread-2 (]: 21 of 31 PASS source_accepted_values_raw_regional_fuel_prices_FUEL_TYPE__REGULAR_GASOLINE  [[32mPASS[0m in 0.59s]
[0m16:50:53.994689 [debug] [Thread-2 (]: Finished running node test.fuel_analytics.source_accepted_values_raw_regional_fuel_prices_FUEL_TYPE__REGULAR_GASOLINE.62c36508d5
[0m16:50:53.995148 [debug] [Thread-2 (]: Began running node test.fuel_analytics.source_accepted_values_raw_regional_fuel_prices_REGION__EAST_COAST__MIDWEST__GULF_COAST__ROCKY_MOUNTAIN__WEST_COAST__CALIFORNIA.5219d58b40
[0m16:50:53.995605 [info ] [Thread-2 (]: 22 of 31 START test source_accepted_values_raw_regional_fuel_prices_REGION__EAST_COAST__MIDWEST__GULF_COAST__ROCKY_MOUNTAIN__WEST_COAST__CALIFORNIA  [RUN]
[0m16:50:53.996102 [debug] [Thread-2 (]: Re-using an available connection from the pool (formerly test.fuel_analytics.source_accepted_values_raw_regional_fuel_prices_FUEL_TYPE__REGULAR_GASOLINE.62c36508d5, now test.fuel_analytics.source_accepted_values_raw_regional_fuel_prices_REGION__EAST_COAST__MIDWEST__GULF_COAST__ROCKY_MOUNTAIN__WEST_COAST__CALIFORNIA.5219d58b40)
[0m16:50:53.996524 [debug] [Thread-2 (]: Began compiling node test.fuel_analytics.source_accepted_values_raw_regional_fuel_prices_REGION__EAST_COAST__MIDWEST__GULF_COAST__ROCKY_MOUNTAIN__WEST_COAST__CALIFORNIA.5219d58b40
[0m16:50:54.005184 [debug] [Thread-2 (]: Writing injected SQL for node "test.fuel_analytics.source_accepted_values_raw_regional_fuel_prices_REGION__EAST_COAST__MIDWEST__GULF_COAST__ROCKY_MOUNTAIN__WEST_COAST__CALIFORNIA.5219d58b40"
[0m16:50:54.007974 [debug] [Thread-2 (]: Began executing node test.fuel_analytics.source_accepted_values_raw_regional_fuel_prices_REGION__EAST_COAST__MIDWEST__GULF_COAST__ROCKY_MOUNTAIN__WEST_COAST__CALIFORNIA.5219d58b40
[0m16:50:54.010245 [debug] [Thread-2 (]: Writing runtime sql for node "test.fuel_analytics.source_accepted_values_raw_regional_fuel_prices_REGION__EAST_COAST__MIDWEST__GULF_COAST__ROCKY_MOUNTAIN__WEST_COAST__CALIFORNIA.5219d58b40"
[0m16:50:54.011299 [debug] [Thread-2 (]: Using snowflake connection "test.fuel_analytics.source_accepted_values_raw_regional_fuel_prices_REGION__EAST_COAST__MIDWEST__GULF_COAST__ROCKY_MOUNTAIN__WEST_COAST__CALIFORNIA.5219d58b40"
[0m16:50:54.011609 [debug] [Thread-2 (]: On test.fuel_analytics.source_accepted_values_raw_regional_fuel_prices_REGION__EAST_COAST__MIDWEST__GULF_COAST__ROCKY_MOUNTAIN__WEST_COAST__CALIFORNIA.5219d58b40: /* {"app": "dbt", "dbt_version": "1.11.8", "profile_name": "fuel_analytics", "target_name": "dev", "node_id": "test.fuel_analytics.source_accepted_values_raw_regional_fuel_prices_REGION__EAST_COAST__MIDWEST__GULF_COAST__ROCKY_MOUNTAIN__WEST_COAST__CALIFORNIA.5219d58b40"} */
select
      count(*) as failures,
      count(*) != 0 as should_warn,
      count(*) != 0 as should_error
    from (
      
    
  
    
    

with all_values as (

    select
        REGION as value_field,
        count(*) as n_records

    from USER_DB_FERRET.RAW.regional_fuel_prices
    group by REGION

)

select *
from all_values
where value_field not in (
    'EAST_COAST','MIDWEST','GULF_COAST','ROCKY_MOUNTAIN','WEST_COAST','CALIFORNIA'
)



  
  
      
    ) dbt_internal_test
[0m16:50:54.011882 [debug] [Thread-2 (]: Opening a new connection, currently in state closed
[0m16:50:54.725993 [debug] [Thread-2 (]: SQL status: SUCCESS 1 in 0.714 seconds
[0m16:50:54.728121 [debug] [Thread-2 (]: On test.fuel_analytics.source_accepted_values_raw_regional_fuel_prices_REGION__EAST_COAST__MIDWEST__GULF_COAST__ROCKY_MOUNTAIN__WEST_COAST__CALIFORNIA.5219d58b40: Close
[0m16:50:54.894156 [info ] [Thread-2 (]: 22 of 31 PASS source_accepted_values_raw_regional_fuel_prices_REGION__EAST_COAST__MIDWEST__GULF_COAST__ROCKY_MOUNTAIN__WEST_COAST__CALIFORNIA  [[32mPASS[0m in 0.90s]
[0m16:50:54.895041 [debug] [Thread-2 (]: Finished running node test.fuel_analytics.source_accepted_values_raw_regional_fuel_prices_REGION__EAST_COAST__MIDWEST__GULF_COAST__ROCKY_MOUNTAIN__WEST_COAST__CALIFORNIA.5219d58b40
[0m16:50:54.895453 [debug] [Thread-2 (]: Began running node test.fuel_analytics.source_not_null_raw_energy_market_prices_CLOSE_PRICE.df0315335a
[0m16:50:54.895794 [info ] [Thread-2 (]: 23 of 31 START test source_not_null_raw_energy_market_prices_CLOSE_PRICE ....... [RUN]
[0m16:50:54.896258 [debug] [Thread-2 (]: Re-using an available connection from the pool (formerly test.fuel_analytics.source_accepted_values_raw_regional_fuel_prices_REGION__EAST_COAST__MIDWEST__GULF_COAST__ROCKY_MOUNTAIN__WEST_COAST__CALIFORNIA.5219d58b40, now test.fuel_analytics.source_not_null_raw_energy_market_prices_CLOSE_PRICE.df0315335a)
[0m16:50:54.896775 [debug] [Thread-2 (]: Began compiling node test.fuel_analytics.source_not_null_raw_energy_market_prices_CLOSE_PRICE.df0315335a
[0m16:50:54.901526 [debug] [Thread-2 (]: Writing injected SQL for node "test.fuel_analytics.source_not_null_raw_energy_market_prices_CLOSE_PRICE.df0315335a"
[0m16:50:54.903599 [debug] [Thread-2 (]: Began executing node test.fuel_analytics.source_not_null_raw_energy_market_prices_CLOSE_PRICE.df0315335a
[0m16:50:54.906301 [debug] [Thread-2 (]: Writing runtime sql for node "test.fuel_analytics.source_not_null_raw_energy_market_prices_CLOSE_PRICE.df0315335a"
[0m16:50:54.907783 [debug] [Thread-2 (]: Using snowflake connection "test.fuel_analytics.source_not_null_raw_energy_market_prices_CLOSE_PRICE.df0315335a"
[0m16:50:54.908217 [debug] [Thread-2 (]: On test.fuel_analytics.source_not_null_raw_energy_market_prices_CLOSE_PRICE.df0315335a: /* {"app": "dbt", "dbt_version": "1.11.8", "profile_name": "fuel_analytics", "target_name": "dev", "node_id": "test.fuel_analytics.source_not_null_raw_energy_market_prices_CLOSE_PRICE.df0315335a"} */
select
      count(*) as failures,
      count(*) != 0 as should_warn,
      count(*) != 0 as should_error
    from (
      
    
  
    
    



select CLOSE_PRICE
from USER_DB_FERRET.RAW.energy_market_prices
where CLOSE_PRICE is null



  
  
      
    ) dbt_internal_test
[0m16:50:54.908658 [debug] [Thread-2 (]: Opening a new connection, currently in state closed
[0m16:50:55.697018 [debug] [Thread-2 (]: SQL status: SUCCESS 1 in 0.788 seconds
[0m16:50:55.699940 [debug] [Thread-2 (]: On test.fuel_analytics.source_not_null_raw_energy_market_prices_CLOSE_PRICE.df0315335a: Close
[0m16:50:56.234511 [info ] [Thread-2 (]: 23 of 31 PASS source_not_null_raw_energy_market_prices_CLOSE_PRICE ............. [[32mPASS[0m in 1.34s]
[0m16:50:56.235330 [debug] [Thread-2 (]: Finished running node test.fuel_analytics.source_not_null_raw_energy_market_prices_CLOSE_PRICE.df0315335a
[0m16:50:56.235642 [debug] [Thread-2 (]: Began running node test.fuel_analytics.source_not_null_raw_energy_market_prices_TICKER.bda3993d31
[0m16:50:56.236012 [info ] [Thread-2 (]: 24 of 31 START test source_not_null_raw_energy_market_prices_TICKER ............ [RUN]
[0m16:50:56.236536 [debug] [Thread-2 (]: Re-using an available connection from the pool (formerly test.fuel_analytics.source_not_null_raw_energy_market_prices_CLOSE_PRICE.df0315335a, now test.fuel_analytics.source_not_null_raw_energy_market_prices_TICKER.bda3993d31)
[0m16:50:56.236926 [debug] [Thread-2 (]: Began compiling node test.fuel_analytics.source_not_null_raw_energy_market_prices_TICKER.bda3993d31
[0m16:50:56.240838 [debug] [Thread-2 (]: Writing injected SQL for node "test.fuel_analytics.source_not_null_raw_energy_market_prices_TICKER.bda3993d31"
[0m16:50:56.242805 [debug] [Thread-2 (]: Began executing node test.fuel_analytics.source_not_null_raw_energy_market_prices_TICKER.bda3993d31
[0m16:50:56.245646 [debug] [Thread-2 (]: Writing runtime sql for node "test.fuel_analytics.source_not_null_raw_energy_market_prices_TICKER.bda3993d31"
[0m16:50:56.247112 [debug] [Thread-2 (]: Using snowflake connection "test.fuel_analytics.source_not_null_raw_energy_market_prices_TICKER.bda3993d31"
[0m16:50:56.247462 [debug] [Thread-2 (]: On test.fuel_analytics.source_not_null_raw_energy_market_prices_TICKER.bda3993d31: /* {"app": "dbt", "dbt_version": "1.11.8", "profile_name": "fuel_analytics", "target_name": "dev", "node_id": "test.fuel_analytics.source_not_null_raw_energy_market_prices_TICKER.bda3993d31"} */
select
      count(*) as failures,
      count(*) != 0 as should_warn,
      count(*) != 0 as should_error
    from (
      
    
  
    
    



select TICKER
from USER_DB_FERRET.RAW.energy_market_prices
where TICKER is null



  
  
      
    ) dbt_internal_test
[0m16:50:56.247732 [debug] [Thread-2 (]: Opening a new connection, currently in state closed
[0m16:50:56.685403 [debug] [Thread-2 (]: SQL status: SUCCESS 1 in 0.438 seconds
[0m16:50:56.687325 [debug] [Thread-2 (]: On test.fuel_analytics.source_not_null_raw_energy_market_prices_TICKER.bda3993d31: Close
[0m16:50:56.835769 [info ] [Thread-2 (]: 24 of 31 PASS source_not_null_raw_energy_market_prices_TICKER .................. [[32mPASS[0m in 0.60s]
[0m16:50:56.836550 [debug] [Thread-2 (]: Finished running node test.fuel_analytics.source_not_null_raw_energy_market_prices_TICKER.bda3993d31
[0m16:50:56.836926 [debug] [Thread-2 (]: Began running node test.fuel_analytics.source_not_null_raw_energy_market_prices_WEEK_DATE.e031e6eb80
[0m16:50:56.837345 [info ] [Thread-2 (]: 25 of 31 START test source_not_null_raw_energy_market_prices_WEEK_DATE ......... [RUN]
[0m16:50:56.837857 [debug] [Thread-2 (]: Re-using an available connection from the pool (formerly test.fuel_analytics.source_not_null_raw_energy_market_prices_TICKER.bda3993d31, now test.fuel_analytics.source_not_null_raw_energy_market_prices_WEEK_DATE.e031e6eb80)
[0m16:50:56.838182 [debug] [Thread-2 (]: Began compiling node test.fuel_analytics.source_not_null_raw_energy_market_prices_WEEK_DATE.e031e6eb80
[0m16:50:56.842458 [debug] [Thread-2 (]: Writing injected SQL for node "test.fuel_analytics.source_not_null_raw_energy_market_prices_WEEK_DATE.e031e6eb80"
[0m16:50:56.844561 [debug] [Thread-2 (]: Began executing node test.fuel_analytics.source_not_null_raw_energy_market_prices_WEEK_DATE.e031e6eb80
[0m16:50:56.847562 [debug] [Thread-2 (]: Writing runtime sql for node "test.fuel_analytics.source_not_null_raw_energy_market_prices_WEEK_DATE.e031e6eb80"
[0m16:50:56.848884 [debug] [Thread-2 (]: Using snowflake connection "test.fuel_analytics.source_not_null_raw_energy_market_prices_WEEK_DATE.e031e6eb80"
[0m16:50:56.849306 [debug] [Thread-2 (]: On test.fuel_analytics.source_not_null_raw_energy_market_prices_WEEK_DATE.e031e6eb80: /* {"app": "dbt", "dbt_version": "1.11.8", "profile_name": "fuel_analytics", "target_name": "dev", "node_id": "test.fuel_analytics.source_not_null_raw_energy_market_prices_WEEK_DATE.e031e6eb80"} */
select
      count(*) as failures,
      count(*) != 0 as should_warn,
      count(*) != 0 as should_error
    from (
      
    
  
    
    



select WEEK_DATE
from USER_DB_FERRET.RAW.energy_market_prices
where WEEK_DATE is null



  
  
      
    ) dbt_internal_test
[0m16:50:56.849610 [debug] [Thread-2 (]: Opening a new connection, currently in state closed
[0m16:50:57.983047 [debug] [Thread-2 (]: SQL status: SUCCESS 1 in 1.133 seconds
[0m16:50:57.986415 [debug] [Thread-2 (]: On test.fuel_analytics.source_not_null_raw_energy_market_prices_WEEK_DATE.e031e6eb80: Close
[0m16:50:58.129277 [info ] [Thread-2 (]: 25 of 31 PASS source_not_null_raw_energy_market_prices_WEEK_DATE ............... [[32mPASS[0m in 1.29s]
[0m16:50:58.130176 [debug] [Thread-2 (]: Finished running node test.fuel_analytics.source_not_null_raw_energy_market_prices_WEEK_DATE.e031e6eb80
[0m16:50:58.130635 [debug] [Thread-2 (]: Began running node test.fuel_analytics.source_not_null_raw_fuel_prices_REGION.83fced813d
[0m16:50:58.131079 [info ] [Thread-2 (]: 26 of 31 START test source_not_null_raw_fuel_prices_REGION ..................... [RUN]
[0m16:50:58.131601 [debug] [Thread-2 (]: Re-using an available connection from the pool (formerly test.fuel_analytics.source_not_null_raw_energy_market_prices_WEEK_DATE.e031e6eb80, now test.fuel_analytics.source_not_null_raw_fuel_prices_REGION.83fced813d)
[0m16:50:58.132005 [debug] [Thread-2 (]: Began compiling node test.fuel_analytics.source_not_null_raw_fuel_prices_REGION.83fced813d
[0m16:50:58.138017 [debug] [Thread-2 (]: Writing injected SQL for node "test.fuel_analytics.source_not_null_raw_fuel_prices_REGION.83fced813d"
[0m16:50:58.140647 [debug] [Thread-2 (]: Began executing node test.fuel_analytics.source_not_null_raw_fuel_prices_REGION.83fced813d
[0m16:50:58.144545 [debug] [Thread-2 (]: Writing runtime sql for node "test.fuel_analytics.source_not_null_raw_fuel_prices_REGION.83fced813d"
[0m16:50:58.146499 [debug] [Thread-2 (]: Using snowflake connection "test.fuel_analytics.source_not_null_raw_fuel_prices_REGION.83fced813d"
[0m16:50:58.146956 [debug] [Thread-2 (]: On test.fuel_analytics.source_not_null_raw_fuel_prices_REGION.83fced813d: /* {"app": "dbt", "dbt_version": "1.11.8", "profile_name": "fuel_analytics", "target_name": "dev", "node_id": "test.fuel_analytics.source_not_null_raw_fuel_prices_REGION.83fced813d"} */
select
      count(*) as failures,
      count(*) != 0 as should_warn,
      count(*) != 0 as should_error
    from (
      
    
  
    
    



select REGION
from USER_DB_FERRET.RAW.fuel_prices
where REGION is null



  
  
      
    ) dbt_internal_test
[0m16:50:58.147287 [debug] [Thread-2 (]: Opening a new connection, currently in state closed
[0m16:50:59.763360 [debug] [Thread-2 (]: SQL status: SUCCESS 1 in 1.616 seconds
[0m16:50:59.766644 [debug] [Thread-2 (]: On test.fuel_analytics.source_not_null_raw_fuel_prices_REGION.83fced813d: Close
[0m16:50:59.939851 [info ] [Thread-2 (]: 26 of 31 PASS source_not_null_raw_fuel_prices_REGION ........................... [[32mPASS[0m in 1.81s]
[0m16:50:59.940788 [debug] [Thread-2 (]: Finished running node test.fuel_analytics.source_not_null_raw_fuel_prices_REGION.83fced813d
[0m16:50:59.941227 [debug] [Thread-2 (]: Began running node test.fuel_analytics.source_not_null_raw_fuel_prices_REGULAR_GASOLINE_PRICE.44dd59ebfc
[0m16:50:59.941650 [info ] [Thread-2 (]: 27 of 31 START test source_not_null_raw_fuel_prices_REGULAR_GASOLINE_PRICE ..... [RUN]
[0m16:50:59.942173 [debug] [Thread-2 (]: Re-using an available connection from the pool (formerly test.fuel_analytics.source_not_null_raw_fuel_prices_REGION.83fced813d, now test.fuel_analytics.source_not_null_raw_fuel_prices_REGULAR_GASOLINE_PRICE.44dd59ebfc)
[0m16:50:59.942837 [debug] [Thread-2 (]: Began compiling node test.fuel_analytics.source_not_null_raw_fuel_prices_REGULAR_GASOLINE_PRICE.44dd59ebfc
[0m16:50:59.948507 [debug] [Thread-2 (]: Writing injected SQL for node "test.fuel_analytics.source_not_null_raw_fuel_prices_REGULAR_GASOLINE_PRICE.44dd59ebfc"
[0m16:50:59.949609 [debug] [Thread-2 (]: Began executing node test.fuel_analytics.source_not_null_raw_fuel_prices_REGULAR_GASOLINE_PRICE.44dd59ebfc
[0m16:50:59.952216 [debug] [Thread-2 (]: Writing runtime sql for node "test.fuel_analytics.source_not_null_raw_fuel_prices_REGULAR_GASOLINE_PRICE.44dd59ebfc"
[0m16:50:59.953831 [debug] [Thread-2 (]: Using snowflake connection "test.fuel_analytics.source_not_null_raw_fuel_prices_REGULAR_GASOLINE_PRICE.44dd59ebfc"
[0m16:50:59.954383 [debug] [Thread-2 (]: On test.fuel_analytics.source_not_null_raw_fuel_prices_REGULAR_GASOLINE_PRICE.44dd59ebfc: /* {"app": "dbt", "dbt_version": "1.11.8", "profile_name": "fuel_analytics", "target_name": "dev", "node_id": "test.fuel_analytics.source_not_null_raw_fuel_prices_REGULAR_GASOLINE_PRICE.44dd59ebfc"} */
select
      count(*) as failures,
      count(*) != 0 as should_warn,
      count(*) != 0 as should_error
    from (
      
    
  
    
    



select REGULAR_GASOLINE_PRICE
from USER_DB_FERRET.RAW.fuel_prices
where REGULAR_GASOLINE_PRICE is null



  
  
      
    ) dbt_internal_test
[0m16:50:59.954739 [debug] [Thread-2 (]: Opening a new connection, currently in state closed
[0m16:51:00.640788 [debug] [Thread-2 (]: SQL status: SUCCESS 1 in 0.686 seconds
[0m16:51:00.643396 [debug] [Thread-2 (]: On test.fuel_analytics.source_not_null_raw_fuel_prices_REGULAR_GASOLINE_PRICE.44dd59ebfc: Close
[0m16:51:00.808558 [info ] [Thread-2 (]: 27 of 31 PASS source_not_null_raw_fuel_prices_REGULAR_GASOLINE_PRICE ........... [[32mPASS[0m in 0.87s]
[0m16:51:00.809500 [debug] [Thread-2 (]: Finished running node test.fuel_analytics.source_not_null_raw_fuel_prices_REGULAR_GASOLINE_PRICE.44dd59ebfc
[0m16:51:00.810190 [debug] [Thread-2 (]: Began running node test.fuel_analytics.source_not_null_raw_fuel_prices_WEEK_DATE.d5d7761b87
[0m16:51:00.810820 [info ] [Thread-2 (]: 28 of 31 START test source_not_null_raw_fuel_prices_WEEK_DATE .................. [RUN]
[0m16:51:00.811509 [debug] [Thread-2 (]: Re-using an available connection from the pool (formerly test.fuel_analytics.source_not_null_raw_fuel_prices_REGULAR_GASOLINE_PRICE.44dd59ebfc, now test.fuel_analytics.source_not_null_raw_fuel_prices_WEEK_DATE.d5d7761b87)
[0m16:51:00.811941 [debug] [Thread-2 (]: Began compiling node test.fuel_analytics.source_not_null_raw_fuel_prices_WEEK_DATE.d5d7761b87
[0m16:51:00.817125 [debug] [Thread-2 (]: Writing injected SQL for node "test.fuel_analytics.source_not_null_raw_fuel_prices_WEEK_DATE.d5d7761b87"
[0m16:51:00.818504 [debug] [Thread-2 (]: Began executing node test.fuel_analytics.source_not_null_raw_fuel_prices_WEEK_DATE.d5d7761b87
[0m16:51:00.821136 [debug] [Thread-2 (]: Writing runtime sql for node "test.fuel_analytics.source_not_null_raw_fuel_prices_WEEK_DATE.d5d7761b87"
[0m16:51:00.823085 [debug] [Thread-2 (]: Using snowflake connection "test.fuel_analytics.source_not_null_raw_fuel_prices_WEEK_DATE.d5d7761b87"
[0m16:51:00.823618 [debug] [Thread-2 (]: On test.fuel_analytics.source_not_null_raw_fuel_prices_WEEK_DATE.d5d7761b87: /* {"app": "dbt", "dbt_version": "1.11.8", "profile_name": "fuel_analytics", "target_name": "dev", "node_id": "test.fuel_analytics.source_not_null_raw_fuel_prices_WEEK_DATE.d5d7761b87"} */
select
      count(*) as failures,
      count(*) != 0 as should_warn,
      count(*) != 0 as should_error
    from (
      
    
  
    
    



select WEEK_DATE
from USER_DB_FERRET.RAW.fuel_prices
where WEEK_DATE is null



  
  
      
    ) dbt_internal_test
[0m16:51:00.823965 [debug] [Thread-2 (]: Opening a new connection, currently in state closed
[0m16:51:01.369081 [debug] [Thread-2 (]: SQL status: SUCCESS 1 in 0.545 seconds
[0m16:51:01.372378 [debug] [Thread-2 (]: On test.fuel_analytics.source_not_null_raw_fuel_prices_WEEK_DATE.d5d7761b87: Close
[0m16:51:01.999822 [info ] [Thread-2 (]: 28 of 31 PASS source_not_null_raw_fuel_prices_WEEK_DATE ........................ [[32mPASS[0m in 1.19s]
[0m16:51:02.000727 [debug] [Thread-2 (]: Finished running node test.fuel_analytics.source_not_null_raw_fuel_prices_WEEK_DATE.d5d7761b87
[0m16:51:02.001269 [debug] [Thread-2 (]: Began running node test.fuel_analytics.source_not_null_raw_regional_fuel_prices_PRICE.c255f134aa
[0m16:51:02.001843 [info ] [Thread-2 (]: 29 of 31 START test source_not_null_raw_regional_fuel_prices_PRICE ............. [RUN]
[0m16:51:02.002390 [debug] [Thread-2 (]: Re-using an available connection from the pool (formerly test.fuel_analytics.source_not_null_raw_fuel_prices_WEEK_DATE.d5d7761b87, now test.fuel_analytics.source_not_null_raw_regional_fuel_prices_PRICE.c255f134aa)
[0m16:51:02.002757 [debug] [Thread-2 (]: Began compiling node test.fuel_analytics.source_not_null_raw_regional_fuel_prices_PRICE.c255f134aa
[0m16:51:02.006646 [debug] [Thread-2 (]: Writing injected SQL for node "test.fuel_analytics.source_not_null_raw_regional_fuel_prices_PRICE.c255f134aa"
[0m16:51:02.007521 [debug] [Thread-2 (]: Began executing node test.fuel_analytics.source_not_null_raw_regional_fuel_prices_PRICE.c255f134aa
[0m16:51:02.009345 [debug] [Thread-2 (]: Writing runtime sql for node "test.fuel_analytics.source_not_null_raw_regional_fuel_prices_PRICE.c255f134aa"
[0m16:51:02.010096 [debug] [Thread-2 (]: Using snowflake connection "test.fuel_analytics.source_not_null_raw_regional_fuel_prices_PRICE.c255f134aa"
[0m16:51:02.010353 [debug] [Thread-2 (]: On test.fuel_analytics.source_not_null_raw_regional_fuel_prices_PRICE.c255f134aa: /* {"app": "dbt", "dbt_version": "1.11.8", "profile_name": "fuel_analytics", "target_name": "dev", "node_id": "test.fuel_analytics.source_not_null_raw_regional_fuel_prices_PRICE.c255f134aa"} */
select
      count(*) as failures,
      count(*) != 0 as should_warn,
      count(*) != 0 as should_error
    from (
      
    
  
    
    



select PRICE
from USER_DB_FERRET.RAW.regional_fuel_prices
where PRICE is null



  
  
      
    ) dbt_internal_test
[0m16:51:02.010591 [debug] [Thread-2 (]: Opening a new connection, currently in state closed
[0m16:51:02.857527 [debug] [Thread-2 (]: SQL status: SUCCESS 1 in 0.847 seconds
[0m16:51:02.860393 [debug] [Thread-2 (]: On test.fuel_analytics.source_not_null_raw_regional_fuel_prices_PRICE.c255f134aa: Close
[0m16:51:03.027741 [info ] [Thread-2 (]: 29 of 31 PASS source_not_null_raw_regional_fuel_prices_PRICE ................... [[32mPASS[0m in 1.02s]
[0m16:51:03.028927 [debug] [Thread-2 (]: Finished running node test.fuel_analytics.source_not_null_raw_regional_fuel_prices_PRICE.c255f134aa
[0m16:51:03.029412 [debug] [Thread-2 (]: Began running node test.fuel_analytics.source_not_null_raw_regional_fuel_prices_REGION.1af3241c77
[0m16:51:03.029864 [info ] [Thread-2 (]: 30 of 31 START test source_not_null_raw_regional_fuel_prices_REGION ............ [RUN]
[0m16:51:03.030403 [debug] [Thread-2 (]: Re-using an available connection from the pool (formerly test.fuel_analytics.source_not_null_raw_regional_fuel_prices_PRICE.c255f134aa, now test.fuel_analytics.source_not_null_raw_regional_fuel_prices_REGION.1af3241c77)
[0m16:51:03.030768 [debug] [Thread-2 (]: Began compiling node test.fuel_analytics.source_not_null_raw_regional_fuel_prices_REGION.1af3241c77
[0m16:51:03.036078 [debug] [Thread-2 (]: Writing injected SQL for node "test.fuel_analytics.source_not_null_raw_regional_fuel_prices_REGION.1af3241c77"
[0m16:51:03.037412 [debug] [Thread-2 (]: Began executing node test.fuel_analytics.source_not_null_raw_regional_fuel_prices_REGION.1af3241c77
[0m16:51:03.039956 [debug] [Thread-2 (]: Writing runtime sql for node "test.fuel_analytics.source_not_null_raw_regional_fuel_prices_REGION.1af3241c77"
[0m16:51:03.040989 [debug] [Thread-2 (]: Using snowflake connection "test.fuel_analytics.source_not_null_raw_regional_fuel_prices_REGION.1af3241c77"
[0m16:51:03.041412 [debug] [Thread-2 (]: On test.fuel_analytics.source_not_null_raw_regional_fuel_prices_REGION.1af3241c77: /* {"app": "dbt", "dbt_version": "1.11.8", "profile_name": "fuel_analytics", "target_name": "dev", "node_id": "test.fuel_analytics.source_not_null_raw_regional_fuel_prices_REGION.1af3241c77"} */
select
      count(*) as failures,
      count(*) != 0 as should_warn,
      count(*) != 0 as should_error
    from (
      
    
  
    
    



select REGION
from USER_DB_FERRET.RAW.regional_fuel_prices
where REGION is null



  
  
      
    ) dbt_internal_test
[0m16:51:03.041927 [debug] [Thread-2 (]: Opening a new connection, currently in state closed
[0m16:51:03.788964 [debug] [Thread-2 (]: SQL status: SUCCESS 1 in 0.747 seconds
[0m16:51:03.791843 [debug] [Thread-2 (]: On test.fuel_analytics.source_not_null_raw_regional_fuel_prices_REGION.1af3241c77: Close
[0m16:51:04.011200 [info ] [Thread-2 (]: 30 of 31 PASS source_not_null_raw_regional_fuel_prices_REGION .................. [[32mPASS[0m in 0.98s]
[0m16:51:04.012151 [debug] [Thread-2 (]: Finished running node test.fuel_analytics.source_not_null_raw_regional_fuel_prices_REGION.1af3241c77
[0m16:51:04.012649 [debug] [Thread-2 (]: Began running node test.fuel_analytics.source_not_null_raw_regional_fuel_prices_WEEK_DATE.8c4a10038e
[0m16:51:04.013114 [info ] [Thread-2 (]: 31 of 31 START test source_not_null_raw_regional_fuel_prices_WEEK_DATE ......... [RUN]
[0m16:51:04.013702 [debug] [Thread-2 (]: Re-using an available connection from the pool (formerly test.fuel_analytics.source_not_null_raw_regional_fuel_prices_REGION.1af3241c77, now test.fuel_analytics.source_not_null_raw_regional_fuel_prices_WEEK_DATE.8c4a10038e)
[0m16:51:04.014097 [debug] [Thread-2 (]: Began compiling node test.fuel_analytics.source_not_null_raw_regional_fuel_prices_WEEK_DATE.8c4a10038e
[0m16:51:04.019702 [debug] [Thread-2 (]: Writing injected SQL for node "test.fuel_analytics.source_not_null_raw_regional_fuel_prices_WEEK_DATE.8c4a10038e"
[0m16:51:04.020909 [debug] [Thread-2 (]: Began executing node test.fuel_analytics.source_not_null_raw_regional_fuel_prices_WEEK_DATE.8c4a10038e
[0m16:51:04.023540 [debug] [Thread-2 (]: Writing runtime sql for node "test.fuel_analytics.source_not_null_raw_regional_fuel_prices_WEEK_DATE.8c4a10038e"
[0m16:51:04.025797 [debug] [Thread-2 (]: Using snowflake connection "test.fuel_analytics.source_not_null_raw_regional_fuel_prices_WEEK_DATE.8c4a10038e"
[0m16:51:04.026345 [debug] [Thread-2 (]: On test.fuel_analytics.source_not_null_raw_regional_fuel_prices_WEEK_DATE.8c4a10038e: /* {"app": "dbt", "dbt_version": "1.11.8", "profile_name": "fuel_analytics", "target_name": "dev", "node_id": "test.fuel_analytics.source_not_null_raw_regional_fuel_prices_WEEK_DATE.8c4a10038e"} */
select
      count(*) as failures,
      count(*) != 0 as should_warn,
      count(*) != 0 as should_error
    from (
      
    
  
    
    



select WEEK_DATE
from USER_DB_FERRET.RAW.regional_fuel_prices
where WEEK_DATE is null



  
  
      
    ) dbt_internal_test
[0m16:51:04.026714 [debug] [Thread-2 (]: Opening a new connection, currently in state closed
[0m16:51:04.863353 [debug] [Thread-2 (]: SQL status: SUCCESS 1 in 0.837 seconds
[0m16:51:04.864996 [debug] [Thread-2 (]: On test.fuel_analytics.source_not_null_raw_regional_fuel_prices_WEEK_DATE.8c4a10038e: Close
[0m16:51:05.042490 [info ] [Thread-2 (]: 31 of 31 PASS source_not_null_raw_regional_fuel_prices_WEEK_DATE ............... [[32mPASS[0m in 1.03s]
[0m16:51:05.043245 [debug] [Thread-2 (]: Finished running node test.fuel_analytics.source_not_null_raw_regional_fuel_prices_WEEK_DATE.8c4a10038e
[0m16:51:05.044797 [debug] [MainThread]: Connection 'master' was properly closed.
[0m16:51:05.045101 [debug] [MainThread]: Connection 'test.fuel_analytics.source_not_null_raw_regional_fuel_prices_WEEK_DATE.8c4a10038e' was properly closed.
[0m16:51:05.045371 [info ] [MainThread]: 
[0m16:51:05.045582 [info ] [MainThread]: Finished running 31 data tests in 0 hours 0 minutes and 45.30 seconds (45.30s).
[0m16:51:05.048079 [debug] [MainThread]: Command end result
[0m16:51:05.072469 [debug] [MainThread]: Wrote artifact WritableManifest to ./target/manifest.json
[0m16:51:05.074783 [debug] [MainThread]: Wrote artifact SemanticManifest to ./target/semantic_manifest.json
[0m16:51:05.080532 [debug] [MainThread]: Wrote artifact RunExecutionResult to ./target/run_results.json
[0m16:51:05.080785 [info ] [MainThread]: 
[0m16:51:05.081036 [info ] [MainThread]: [32mCompleted successfully[0m
[0m16:51:05.081230 [info ] [MainThread]: 
[0m16:51:05.081440 [info ] [MainThread]: Done. PASS=31 WARN=0 ERROR=0 SKIP=0 NO-OP=0 TOTAL=31
[0m16:51:05.087879 [debug] [MainThread]: Resource report: {"command_name": "test", "command_success": true, "command_wall_clock_time": 47.059277, "process_in_blocks": "0", "process_kernel_time": 1.573307, "process_mem_max_rss": "267517952", "process_out_blocks": "0", "process_user_time": 8.233099}
[0m16:51:05.088269 [debug] [MainThread]: Command `dbt test` succeeded at 16:51:05.088200 after 47.06 seconds
[0m16:51:05.088539 [debug] [MainThread]: Sending event: {'category': 'dbt', 'action': 'invocation', 'label': 'end', 'context': [<snowplow_tracker.self_describing_json.SelfDescribingJson object at 0x110eb4f50>, <snowplow_tracker.self_describing_json.SelfDescribingJson object at 0x110e8afc0>, <snowplow_tracker.self_describing_json.SelfDescribingJson object at 0x15f02fcd0>]}
[0m16:51:05.088792 [debug] [MainThread]: Flushing usage events
[0m16:51:05.633386 [debug] [MainThread]: An error was encountered while trying to flush usage events
[0m16:52:07.549280 [debug] [MainThread]: Sending event: {'category': 'dbt', 'action': 'invocation', 'label': 'start', 'context': [<snowplow_tracker.self_describing_json.SelfDescribingJson object at 0x105ddd010>, <snowplow_tracker.self_describing_json.SelfDescribingJson object at 0x107cbf9d0>, <snowplow_tracker.self_describing_json.SelfDescribingJson object at 0x107cbfc50>]}


============================== 16:52:07.553562 | e755340c-8b92-46cb-b960-5ef1788ebf22 ==============================
[0m16:52:07.553562 [info ] [MainThread]: Running with dbt=1.11.8
[0m16:52:07.554011 [debug] [MainThread]: running dbt with arguments {'write_json': 'True', 'log_path': 'logs', 'introspect': 'True', 'use_experimental_parser': 'False', 'warn_error_options': 'WarnErrorOptionsV2(error=[], warn=[], silence=[])', 'log_cache_events': 'False', 'fail_fast': 'False', 'invocation_command': 'dbt snapshot --profiles-dir . --project-dir .', 'empty': 'False', 'quiet': 'False', 'log_format': 'default', 'cache_selected_only': 'False', 'debug': 'False', 'send_anonymous_usage_stats': 'True', 'printer_width': '80', 'static_parser': 'True', 'partial_parse': 'True', 'use_colors': 'True', 'version_check': 'True', 'warn_error': 'None', 'profiles_dir': '.', 'no_print': 'None', 'indirect_selection': 'eager', 'target_path': 'None'}
[0m16:52:08.763714 [debug] [MainThread]: Sending event: {'category': 'dbt', 'action': 'project_id', 'label': 'e755340c-8b92-46cb-b960-5ef1788ebf22', 'context': [<snowplow_tracker.self_describing_json.SelfDescribingJson object at 0x1063d9ba0>]}
[0m16:52:08.803481 [debug] [MainThread]: Sending event: {'category': 'dbt', 'action': 'adapter_info', 'label': 'e755340c-8b92-46cb-b960-5ef1788ebf22', 'context': [<snowplow_tracker.self_describing_json.SelfDescribingJson object at 0x14f5f9bf0>]}
[0m16:52:08.804392 [info ] [MainThread]: Registered adapter: snowflake=1.8.0
[0m16:52:08.890271 [debug] [MainThread]: checksum: 7d524ac048c2100769df89d592e662e060a73ca564e31bd9c2a37efdfe8d8ab6, vars: {}, profile: , target: , version: 1.11.8
[0m16:52:08.998204 [debug] [MainThread]: Partial parsing enabled: 0 files deleted, 0 files added, 0 files changed.
[0m16:52:08.998530 [debug] [MainThread]: Nothing changed, skipping partial parsing.
[0m16:52:08.998714 [debug] [MainThread]: Partial parsing enabled, no changes found, skipping parsing
[0m16:52:09.036723 [debug] [MainThread]: Sending event: {'category': 'dbt', 'action': 'load_project', 'label': 'e755340c-8b92-46cb-b960-5ef1788ebf22', 'context': [<snowplow_tracker.self_describing_json.SelfDescribingJson object at 0x14f5cdb50>]}
[0m16:52:09.111602 [debug] [MainThread]: Wrote artifact WritableManifest to ./target/manifest.json
[0m16:52:09.113664 [debug] [MainThread]: Wrote artifact SemanticManifest to ./target/semantic_manifest.json
[0m16:52:09.123424 [debug] [MainThread]: Sending event: {'category': 'dbt', 'action': 'resource_counts', 'label': 'e755340c-8b92-46cb-b960-5ef1788ebf22', 'context': [<snowplow_tracker.self_describing_json.SelfDescribingJson object at 0x16e267980>]}
[0m16:52:09.123780 [info ] [MainThread]: Found 4 models, 1 snapshot, 31 data tests, 3 sources, 493 macros
[0m16:52:09.124012 [debug] [MainThread]: Sending event: {'category': 'dbt', 'action': 'runnable_timing', 'label': 'e755340c-8b92-46cb-b960-5ef1788ebf22', 'context': [<snowplow_tracker.self_describing_json.SelfDescribingJson object at 0x16e62ec10>]}
[0m16:52:09.125484 [info ] [MainThread]: 
[0m16:52:09.125707 [info ] [MainThread]: Concurrency: 1 threads (target='dev')
[0m16:52:09.125879 [info ] [MainThread]: 
[0m16:52:09.126205 [debug] [MainThread]: Acquiring new snowflake connection 'master'
[0m16:52:09.126784 [debug] [ThreadPool]: Acquiring new snowflake connection 'list_FUEL_ANALYTICS_DB'
[0m16:52:09.137655 [debug] [ThreadPool]: Using snowflake connection "list_FUEL_ANALYTICS_DB"
[0m16:52:09.138011 [debug] [ThreadPool]: On list_FUEL_ANALYTICS_DB: /* {"app": "dbt", "dbt_version": "1.11.8", "profile_name": "fuel_analytics", "target_name": "dev", "connection_name": "list_FUEL_ANALYTICS_DB"} */
show terse schemas in database FUEL_ANALYTICS_DB
    limit 10000
[0m16:52:09.138213 [debug] [ThreadPool]: Opening a new connection, currently in state init
[0m16:52:12.318497 [debug] [ThreadPool]: SQL status: SUCCESS 7 in 3.180 seconds
[0m16:52:12.321764 [debug] [ThreadPool]: On list_FUEL_ANALYTICS_DB: Close
[0m16:52:12.478979 [debug] [ThreadPool]: Re-using an available connection from the pool (formerly list_FUEL_ANALYTICS_DB, now list_FUEL_ANALYTICS_DB_DBT)
[0m16:52:12.486859 [debug] [ThreadPool]: Using snowflake connection "list_FUEL_ANALYTICS_DB_DBT"
[0m16:52:12.487206 [debug] [ThreadPool]: On list_FUEL_ANALYTICS_DB_DBT: /* {"app": "dbt", "dbt_version": "1.11.8", "profile_name": "fuel_analytics", "target_name": "dev", "connection_name": "list_FUEL_ANALYTICS_DB_DBT"} */
show terse objects in FUEL_ANALYTICS_DB.DBT limit 10000
[0m16:52:12.487434 [debug] [ThreadPool]: Opening a new connection, currently in state closed
[0m16:52:15.287211 [debug] [ThreadPool]: SQL status: SUCCESS 1 in 2.800 seconds
[0m16:52:15.289881 [debug] [ThreadPool]: On list_FUEL_ANALYTICS_DB_DBT: Close
[0m16:52:15.529892 [debug] [ThreadPool]: Re-using an available connection from the pool (formerly list_FUEL_ANALYTICS_DB_DBT, now list_USER_DB_FERRET_DBT)
[0m16:52:15.533240 [debug] [ThreadPool]: Using snowflake connection "list_USER_DB_FERRET_DBT"
[0m16:52:15.533601 [debug] [ThreadPool]: On list_USER_DB_FERRET_DBT: /* {"app": "dbt", "dbt_version": "1.11.8", "profile_name": "fuel_analytics", "target_name": "dev", "connection_name": "list_USER_DB_FERRET_DBT"} */
show terse objects in USER_DB_FERRET.DBT limit 10000
[0m16:52:15.533853 [debug] [ThreadPool]: Opening a new connection, currently in state closed
[0m16:52:16.253178 [debug] [ThreadPool]: SQL status: SUCCESS 9 in 0.719 seconds
[0m16:52:16.256701 [debug] [ThreadPool]: On list_USER_DB_FERRET_DBT: Close
[0m16:52:16.419554 [debug] [MainThread]: Sending event: {'category': 'dbt', 'action': 'runnable_timing', 'label': 'e755340c-8b92-46cb-b960-5ef1788ebf22', 'context': [<snowplow_tracker.self_describing_json.SelfDescribingJson object at 0x16e639570>]}
[0m16:52:16.424191 [debug] [Thread-2 (]: Began running node snapshot.fuel_analytics.fuel_prices_snapshot
[0m16:52:16.424776 [info ] [Thread-2 (]: 1 of 1 START snapshot FUEL_ANALYTICS_DB.DBT.fuel_prices_snapshot ............... [RUN]
[0m16:52:16.425182 [debug] [Thread-2 (]: Re-using an available connection from the pool (formerly list_USER_DB_FERRET_DBT, now snapshot.fuel_analytics.fuel_prices_snapshot)
[0m16:52:16.425475 [debug] [Thread-2 (]: Began compiling node snapshot.fuel_analytics.fuel_prices_snapshot
[0m16:52:16.432003 [debug] [Thread-2 (]: Began executing node snapshot.fuel_analytics.fuel_prices_snapshot
[0m16:52:16.467390 [debug] [Thread-2 (]: Using snowflake connection "snapshot.fuel_analytics.fuel_prices_snapshot"
[0m16:52:16.467767 [debug] [Thread-2 (]: On snapshot.fuel_analytics.fuel_prices_snapshot: /* {"app": "dbt", "dbt_version": "1.11.8", "profile_name": "fuel_analytics", "target_name": "dev", "node_id": "snapshot.fuel_analytics.fuel_prices_snapshot"} */
describe table "FUEL_ANALYTICS_DB"."DBT"."FUEL_PRICES_SNAPSHOT"
[0m16:52:16.467998 [debug] [Thread-2 (]: Opening a new connection, currently in state closed
[0m16:52:17.550921 [debug] [Thread-2 (]: SQL status: SUCCESS 13 in 1.083 seconds
[0m16:52:17.594994 [debug] [Thread-2 (]: Using snowflake connection "snapshot.fuel_analytics.fuel_prices_snapshot"
[0m16:52:17.595472 [debug] [Thread-2 (]: On snapshot.fuel_analytics.fuel_prices_snapshot: /* {"app": "dbt", "dbt_version": "1.11.8", "profile_name": "fuel_analytics", "target_name": "dev", "node_id": "snapshot.fuel_analytics.fuel_prices_snapshot"} */
create or replace temporary table "FUEL_ANALYTICS_DB"."DBT"."FUEL_PRICES_SNAPSHOT__dbt_tmp"
         as
        (
    
    with snapshot_query as (

        



SELECT
    WEEK_DATE,
    REGION,
    REGULAR_GASOLINE_PRICE,
    MIDGRADE_GASOLINE_PRICE,
    PREMIUM_GASOLINE_PRICE,
    DIESEL_PRICE,
    PRICE_UNIT,
    SOURCE,
    LOAD_TS
FROM USER_DB_FERRET.RAW.fuel_prices


    ),

    snapshotted_data as (

        select *, 
    
        
            WEEK_DATE as dbt_unique_key_1 ,
        
            REGION as dbt_unique_key_2
        
    

        from "FUEL_ANALYTICS_DB"."DBT"."FUEL_PRICES_SNAPSHOT"
        where
            
                dbt_valid_to is null
            

    ),

    insertions_source_data as (

        select *, 
    
        
            WEEK_DATE as dbt_unique_key_1 ,
        
            REGION as dbt_unique_key_2
        
    
,
            LOAD_TS as dbt_updated_at,
            LOAD_TS as dbt_valid_from,
            
  
  coalesce(nullif(LOAD_TS, LOAD_TS), null)
  as dbt_valid_to
,
            md5(coalesce(cast(WEEK_DATE as varchar ), '')
         || '|' || coalesce(cast(REGION as varchar ), '')
         || '|' || coalesce(cast(LOAD_TS as varchar ), '')
        ) as dbt_scd_id

        from snapshot_query
    ),

    updates_source_data as (

        select *, 
    
        
            WEEK_DATE as dbt_unique_key_1 ,
        
            REGION as dbt_unique_key_2
        
    
,
            LOAD_TS as dbt_updated_at,
            LOAD_TS as dbt_valid_from,
            LOAD_TS as dbt_valid_to

        from snapshot_query
    ),

    deletes_source_data as (

        select *, 
    
        
            WEEK_DATE as dbt_unique_key_1 ,
        
            REGION as dbt_unique_key_2
        
    

        from snapshot_query
    ),
    

    insertions as (

        select
            'insert' as dbt_change_type,
            source_data.*

        from insertions_source_data as source_data
        left outer join snapshotted_data
            on 
    
        
	    
	    
	    (snapshotted_data.dbt_unique_key_1 = source_data.dbt_unique_key_1)
 and
        
	    
	    
	    (snapshotted_data.dbt_unique_key_2 = source_data.dbt_unique_key_2)

        
    

            where 
    
        snapshotted_data.dbt_unique_key_1 is null
    

            or (
    
        snapshotted_data.dbt_unique_key_1 is not null
    
 and (
               (snapshotted_data.dbt_valid_from < source_data.LOAD_TS)
            )

        )

    ),

    updates as (

        select
            'update' as dbt_change_type,
            source_data.*,
            snapshotted_data.dbt_scd_id

        from updates_source_data as source_data
        join snapshotted_data
            on 
    
        
	    
	    
	    (snapshotted_data.dbt_unique_key_1 = source_data.dbt_unique_key_1)
 and
        
	    
	    
	    (snapshotted_data.dbt_unique_key_2 = source_data.dbt_unique_key_2)

        
    

        where (
            (snapshotted_data.dbt_valid_from < source_data.LOAD_TS)
        )
    )
    ,
    deletes as (

        select
            'delete' as dbt_change_type,
            source_data.*,
            to_timestamp_ntz(convert_timezone('UTC', current_timestamp())) as dbt_valid_from,
            to_timestamp_ntz(convert_timezone('UTC', current_timestamp())) as dbt_updated_at,
            to_timestamp_ntz(convert_timezone('UTC', current_timestamp())) as dbt_valid_to,
            snapshotted_data.dbt_scd_id
        from snapshotted_data
        left join deletes_source_data as source_data
            on 
    
        
	    
	    
	    (snapshotted_data.dbt_unique_key_1 = source_data.dbt_unique_key_1)
 and
        
	    
	    
	    (snapshotted_data.dbt_unique_key_2 = source_data.dbt_unique_key_2)

        
    

            where 
    
        source_data.dbt_unique_key_1 is null
    

    )

    select * from insertions
    union all
    select * from updates
    union all
    select * from deletes

        );
[0m16:52:18.987189 [debug] [Thread-2 (]: SQL status: SUCCESS 1 in 1.391 seconds
[0m16:52:18.993236 [debug] [Thread-2 (]: Using snowflake connection "snapshot.fuel_analytics.fuel_prices_snapshot"
[0m16:52:18.993812 [debug] [Thread-2 (]: On snapshot.fuel_analytics.fuel_prices_snapshot: /* {"app": "dbt", "dbt_version": "1.11.8", "profile_name": "fuel_analytics", "target_name": "dev", "node_id": "snapshot.fuel_analytics.fuel_prices_snapshot"} */
describe table "FUEL_ANALYTICS_DB"."DBT"."FUEL_PRICES_SNAPSHOT__dbt_tmp"
[0m16:52:19.096451 [debug] [Thread-2 (]: SQL status: SUCCESS 16 in 0.102 seconds
[0m16:52:19.102659 [debug] [Thread-2 (]: Using snowflake connection "snapshot.fuel_analytics.fuel_prices_snapshot"
[0m16:52:19.103591 [debug] [Thread-2 (]: On snapshot.fuel_analytics.fuel_prices_snapshot: /* {"app": "dbt", "dbt_version": "1.11.8", "profile_name": "fuel_analytics", "target_name": "dev", "node_id": "snapshot.fuel_analytics.fuel_prices_snapshot"} */
describe table "FUEL_ANALYTICS_DB"."DBT"."FUEL_PRICES_SNAPSHOT"
[0m16:52:20.039499 [debug] [Thread-2 (]: SQL status: SUCCESS 13 in 0.935 seconds
[0m16:52:20.045321 [debug] [Thread-2 (]: Using snowflake connection "snapshot.fuel_analytics.fuel_prices_snapshot"
[0m16:52:20.045845 [debug] [Thread-2 (]: On snapshot.fuel_analytics.fuel_prices_snapshot: /* {"app": "dbt", "dbt_version": "1.11.8", "profile_name": "fuel_analytics", "target_name": "dev", "node_id": "snapshot.fuel_analytics.fuel_prices_snapshot"} */
describe table "FUEL_ANALYTICS_DB"."DBT"."FUEL_PRICES_SNAPSHOT__dbt_tmp"
[0m16:52:20.175031 [debug] [Thread-2 (]: SQL status: SUCCESS 16 in 0.129 seconds
[0m16:52:20.180642 [debug] [Thread-2 (]: Using snowflake connection "snapshot.fuel_analytics.fuel_prices_snapshot"
[0m16:52:20.181122 [debug] [Thread-2 (]: On snapshot.fuel_analytics.fuel_prices_snapshot: /* {"app": "dbt", "dbt_version": "1.11.8", "profile_name": "fuel_analytics", "target_name": "dev", "node_id": "snapshot.fuel_analytics.fuel_prices_snapshot"} */
describe table "FUEL_ANALYTICS_DB"."DBT"."FUEL_PRICES_SNAPSHOT"
[0m16:52:20.323677 [debug] [Thread-2 (]: SQL status: SUCCESS 13 in 0.142 seconds
[0m16:52:20.333258 [debug] [Thread-2 (]: Using snowflake connection "snapshot.fuel_analytics.fuel_prices_snapshot"
[0m16:52:20.333620 [debug] [Thread-2 (]: On snapshot.fuel_analytics.fuel_prices_snapshot: /* {"app": "dbt", "dbt_version": "1.11.8", "profile_name": "fuel_analytics", "target_name": "dev", "node_id": "snapshot.fuel_analytics.fuel_prices_snapshot"} */
describe table "FUEL_ANALYTICS_DB"."DBT"."FUEL_PRICES_SNAPSHOT__dbt_tmp"
[0m16:52:20.520617 [debug] [Thread-2 (]: SQL status: SUCCESS 16 in 0.186 seconds
[0m16:52:20.545158 [debug] [Thread-2 (]: Using snowflake connection "snapshot.fuel_analytics.fuel_prices_snapshot"
[0m16:52:20.545613 [debug] [Thread-2 (]: On snapshot.fuel_analytics.fuel_prices_snapshot: /* {"app": "dbt", "dbt_version": "1.11.8", "profile_name": "fuel_analytics", "target_name": "dev", "node_id": "snapshot.fuel_analytics.fuel_prices_snapshot"} */
/* {"app": "dbt", "dbt_version": "1.11.8", "profile_name": "fuel_analytics", "target_name": "dev", "node_id": "snapshot.fuel_analytics.fuel_prices_snapshot"} */
select * from (
        
    
    with snapshot_query as (

        



SELECT
    WEEK_DATE,
    REGION,
    REGULAR_GASOLINE_PRICE,
    MIDGRADE_GASOLINE_PRICE,
    PREMIUM_GASOLINE_PRICE,
    DIESEL_PRICE,
    PRICE_UNIT,
    SOURCE,
    LOAD_TS
FROM USER_DB_FERRET.RAW.fuel_prices


    ),

    snapshotted_data as (

        select *, 
    
        
            WEEK_DATE as dbt_unique_key_1 ,
        
            REGION as dbt_unique_key_2
        
    

        from "FUEL_ANALYTICS_DB"."DBT"."FUEL_PRICES_SNAPSHOT"
        where
            
                dbt_valid_to is null
            

    ),

    insertions_source_data as (

        select *, 
    
        
            WEEK_DATE as dbt_unique_key_1 ,
        
            REGION as dbt_unique_key_2
        
    
,
            LOAD_TS as dbt_updated_at,
            LOAD_TS as dbt_valid_from,
            
  
  coalesce(nullif(LOAD_TS, LOAD_TS), null)
  as dbt_valid_to
,
            md5(coalesce(cast(WEEK_DATE as varchar ), '')
         || '|' || coalesce(cast(REGION as varchar ), '')
         || '|' || coalesce(cast(LOAD_TS as varchar ), '')
        ) as dbt_scd_id

        from snapshot_query
    ),

    updates_source_data as (

        select *, 
    
        
            WEEK_DATE as dbt_unique_key_1 ,
        
            REGION as dbt_unique_key_2
        
    
,
            LOAD_TS as dbt_updated_at,
            LOAD_TS as dbt_valid_from,
            LOAD_TS as dbt_valid_to

        from snapshot_query
    ),

    deletes_source_data as (

        select *, 
    
        
            WEEK_DATE as dbt_unique_key_1 ,
        
            REGION as dbt_unique_key_2
        
    

        from snapshot_query
    ),
    

    insertions as (

        select
            'insert' as dbt_change_type,
            source_data.*

        from insertions_source_data as source_data
        left outer join snapshotted_data
            on 
    
        
	    
	    
	    (snapshotted_data.dbt_unique_key_1 = source_data.dbt_unique_key_1)
 and
        
	    
	    
	    (snapshotted_data.dbt_unique_key_2 = source_data.dbt_unique_key_2)

        
    

            where 
    
        snapshotted_data.dbt_unique_key_1 is null
    

            or (
    
        snapshotted_data.dbt_unique_key_1 is not null
    
 and (
               (snapshotted_data.dbt_valid_from < source_data.LOAD_TS)
            )

        )

    ),

    updates as (

        select
            'update' as dbt_change_type,
            source_data.*,
            snapshotted_data.dbt_scd_id

        from updates_source_data as source_data
        join snapshotted_data
            on 
    
        
	    
	    
	    (snapshotted_data.dbt_unique_key_1 = source_data.dbt_unique_key_1)
 and
        
	    
	    
	    (snapshotted_data.dbt_unique_key_2 = source_data.dbt_unique_key_2)

        
    

        where (
            (snapshotted_data.dbt_valid_from < source_data.LOAD_TS)
        )
    )
    ,
    deletes as (

        select
            'delete' as dbt_change_type,
            source_data.*,
            to_timestamp_ntz(convert_timezone('UTC', current_timestamp())) as dbt_valid_from,
            to_timestamp_ntz(convert_timezone('UTC', current_timestamp())) as dbt_updated_at,
            to_timestamp_ntz(convert_timezone('UTC', current_timestamp())) as dbt_valid_to,
            snapshotted_data.dbt_scd_id
        from snapshotted_data
        left join deletes_source_data as source_data
            on 
    
        
	    
	    
	    (snapshotted_data.dbt_unique_key_1 = source_data.dbt_unique_key_1)
 and
        
	    
	    
	    (snapshotted_data.dbt_unique_key_2 = source_data.dbt_unique_key_2)

        
    

            where 
    
        source_data.dbt_unique_key_1 is null
    

    )

    select * from insertions
    union all
    select * from updates
    union all
    select * from deletes

    ) as __dbt_sbq
    where false
    limit 0
[0m16:52:20.931734 [debug] [Thread-2 (]: SQL status: SUCCESS 0 in 0.386 seconds
[0m16:52:20.936255 [debug] [Thread-2 (]: Using snowflake connection "snapshot.fuel_analytics.fuel_prices_snapshot"
[0m16:52:20.936736 [debug] [Thread-2 (]: On snapshot.fuel_analytics.fuel_prices_snapshot: /* {"app": "dbt", "dbt_version": "1.11.8", "profile_name": "fuel_analytics", "target_name": "dev", "node_id": "snapshot.fuel_analytics.fuel_prices_snapshot"} */
/* {"app": "dbt", "dbt_version": "1.11.8", "profile_name": "fuel_analytics", "target_name": "dev", "node_id": "snapshot.fuel_analytics.fuel_prices_snapshot"} */
select * from (
        select to_timestamp_ntz(convert_timezone('UTC', current_timestamp())) as dbt_snapshot_time
    ) as __dbt_sbq
    where false
    limit 0
[0m16:52:21.237691 [debug] [Thread-2 (]: SQL status: SUCCESS 0 in 0.300 seconds
[0m16:52:21.238760 [debug] [Thread-2 (]: Writing runtime sql for node "snapshot.fuel_analytics.fuel_prices_snapshot"
[0m16:52:21.240962 [debug] [Thread-2 (]: Using snowflake connection "snapshot.fuel_analytics.fuel_prices_snapshot"
[0m16:52:21.241413 [debug] [Thread-2 (]: On snapshot.fuel_analytics.fuel_prices_snapshot: /* {"app": "dbt", "dbt_version": "1.11.8", "profile_name": "fuel_analytics", "target_name": "dev", "node_id": "snapshot.fuel_analytics.fuel_prices_snapshot"} */
BEGIN
[0m16:52:21.395855 [debug] [Thread-2 (]: SQL status: SUCCESS 1 in 0.154 seconds
[0m16:52:21.396806 [debug] [Thread-2 (]: Using snowflake connection "snapshot.fuel_analytics.fuel_prices_snapshot"
[0m16:52:21.397370 [debug] [Thread-2 (]: On snapshot.fuel_analytics.fuel_prices_snapshot: /* {"app": "dbt", "dbt_version": "1.11.8", "profile_name": "fuel_analytics", "target_name": "dev", "node_id": "snapshot.fuel_analytics.fuel_prices_snapshot"} */
merge into "FUEL_ANALYTICS_DB"."DBT"."FUEL_PRICES_SNAPSHOT" as DBT_INTERNAL_DEST
    using "FUEL_ANALYTICS_DB"."DBT"."FUEL_PRICES_SNAPSHOT__dbt_tmp" as DBT_INTERNAL_SOURCE
    on DBT_INTERNAL_SOURCE.dbt_scd_id = DBT_INTERNAL_DEST.dbt_scd_id

    when matched
     
       and DBT_INTERNAL_DEST.dbt_valid_to is null
     
     and DBT_INTERNAL_SOURCE.dbt_change_type in ('update', 'delete')
        then update
        set dbt_valid_to = DBT_INTERNAL_SOURCE.dbt_valid_to

    when not matched
     and DBT_INTERNAL_SOURCE.dbt_change_type = 'insert'
        then insert ("WEEK_DATE", "REGION", "REGULAR_GASOLINE_PRICE", "MIDGRADE_GASOLINE_PRICE", "PREMIUM_GASOLINE_PRICE", "DIESEL_PRICE", "PRICE_UNIT", "SOURCE", "LOAD_TS", "DBT_UPDATED_AT", "DBT_VALID_FROM", "DBT_VALID_TO", "DBT_SCD_ID")
        values ("WEEK_DATE", "REGION", "REGULAR_GASOLINE_PRICE", "MIDGRADE_GASOLINE_PRICE", "PREMIUM_GASOLINE_PRICE", "DIESEL_PRICE", "PRICE_UNIT", "SOURCE", "LOAD_TS", "DBT_UPDATED_AT", "DBT_VALID_FROM", "DBT_VALID_TO", "DBT_SCD_ID")

;
[0m16:52:22.980501 [debug] [Thread-2 (]: SQL status: SUCCESS 0 in 1.582 seconds
[0m16:52:22.981448 [debug] [Thread-2 (]: Using snowflake connection "snapshot.fuel_analytics.fuel_prices_snapshot"
[0m16:52:22.981911 [debug] [Thread-2 (]: On snapshot.fuel_analytics.fuel_prices_snapshot: /* {"app": "dbt", "dbt_version": "1.11.8", "profile_name": "fuel_analytics", "target_name": "dev", "node_id": "snapshot.fuel_analytics.fuel_prices_snapshot"} */
COMMIT
[0m16:52:23.489935 [debug] [Thread-2 (]: SQL status: SUCCESS 1 in 0.507 seconds
[0m16:52:23.515599 [debug] [Thread-2 (]: On snapshot.fuel_analytics.fuel_prices_snapshot: Close
[0m16:52:23.647080 [debug] [Thread-2 (]: Sending event: {'category': 'dbt', 'action': 'run_model', 'label': 'e755340c-8b92-46cb-b960-5ef1788ebf22', 'context': [<snowplow_tracker.self_describing_json.SelfDescribingJson object at 0x16ffe8410>]}
[0m16:52:23.648496 [info ] [Thread-2 (]: 1 of 1 OK snapshotted FUEL_ANALYTICS_DB.DBT.fuel_prices_snapshot ............... [[32mSUCCESS 0[0m in 7.22s]
[0m16:52:23.649271 [debug] [Thread-2 (]: Finished running node snapshot.fuel_analytics.fuel_prices_snapshot
[0m16:52:23.651052 [debug] [MainThread]: Connection 'master' was properly closed.
[0m16:52:23.651405 [debug] [MainThread]: Connection 'snapshot.fuel_analytics.fuel_prices_snapshot' was properly closed.
[0m16:52:23.651701 [info ] [MainThread]: 
[0m16:52:23.652019 [info ] [MainThread]: Finished running 1 snapshot in 0 hours 0 minutes and 14.53 seconds (14.53s).
[0m16:52:23.652664 [debug] [MainThread]: Command end result
[0m16:52:23.682157 [debug] [MainThread]: Wrote artifact WritableManifest to ./target/manifest.json
[0m16:52:23.684209 [debug] [MainThread]: Wrote artifact SemanticManifest to ./target/semantic_manifest.json
[0m16:52:23.688404 [debug] [MainThread]: Wrote artifact RunExecutionResult to ./target/run_results.json
[0m16:52:23.688642 [info ] [MainThread]: 
[0m16:52:23.688914 [info ] [MainThread]: [32mCompleted successfully[0m
[0m16:52:23.689110 [info ] [MainThread]: 
[0m16:52:23.689313 [info ] [MainThread]: Done. PASS=1 WARN=0 ERROR=0 SKIP=0 NO-OP=0 TOTAL=1
[0m16:52:23.696177 [debug] [MainThread]: Resource report: {"command_name": "snapshot", "command_success": true, "command_wall_clock_time": 16.201977, "process_in_blocks": "0", "process_kernel_time": 2.572775, "process_mem_max_rss": "275513344", "process_out_blocks": "0", "process_user_time": 3.739917}
[0m16:52:23.696686 [debug] [MainThread]: Command `dbt snapshot` succeeded at 16:52:23.696608 after 16.20 seconds
[0m16:52:23.696994 [debug] [MainThread]: Sending event: {'category': 'dbt', 'action': 'invocation', 'label': 'end', 'context': [<snowplow_tracker.self_describing_json.SelfDescribingJson object at 0x16e62b3e0>, <snowplow_tracker.self_describing_json.SelfDescribingJson object at 0x17194ef30>, <snowplow_tracker.self_describing_json.SelfDescribingJson object at 0x17194ead0>]}
[0m16:52:23.697275 [debug] [MainThread]: Flushing usage events
[0m16:52:24.200584 [debug] [MainThread]: An error was encountered while trying to flush usage events
[0m17:49:53.970086 [debug] [MainThread]: Sending event: {'category': 'dbt', 'action': 'invocation', 'label': 'start', 'context': [<snowplow_tracker.self_describing_json.SelfDescribingJson object at 0x1124dd010>, <snowplow_tracker.self_describing_json.SelfDescribingJson object at 0x113bb79d0>, <snowplow_tracker.self_describing_json.SelfDescribingJson object at 0x113bb7c50>]}


============================== 17:49:53.974503 | 40c782df-9ca2-4bcf-a568-077b235e2a19 ==============================
[0m17:49:53.974503 [info ] [MainThread]: Running with dbt=1.11.8
[0m17:49:53.974987 [debug] [MainThread]: running dbt with arguments {'empty': 'False', 'indirect_selection': 'eager', 'warn_error': 'None', 'partial_parse': 'True', 'log_format': 'default', 'warn_error_options': 'WarnErrorOptionsV2(error=[], warn=[], silence=[])', 'log_path': 'logs', 'version_check': 'True', 'send_anonymous_usage_stats': 'True', 'no_print': 'None', 'printer_width': '80', 'profiles_dir': '.', 'static_parser': 'True', 'use_experimental_parser': 'False', 'introspect': 'True', 'quiet': 'False', 'debug': 'False', 'log_cache_events': 'False', 'use_colors': 'True', 'cache_selected_only': 'False', 'write_json': 'True', 'invocation_command': 'dbt snapshot --profiles-dir . --project-dir .', 'target_path': 'None', 'fail_fast': 'False'}
[0m17:49:55.444625 [debug] [MainThread]: Sending event: {'category': 'dbt', 'action': 'project_id', 'label': '40c782df-9ca2-4bcf-a568-077b235e2a19', 'context': [<snowplow_tracker.self_describing_json.SelfDescribingJson object at 0x112ad9ba0>]}
[0m17:49:55.483652 [debug] [MainThread]: Sending event: {'category': 'dbt', 'action': 'adapter_info', 'label': '40c782df-9ca2-4bcf-a568-077b235e2a19', 'context': [<snowplow_tracker.self_describing_json.SelfDescribingJson object at 0x1689f9bf0>]}
[0m17:49:55.484518 [info ] [MainThread]: Registered adapter: snowflake=1.8.0
[0m17:49:55.567989 [debug] [MainThread]: checksum: 7d524ac048c2100769df89d592e662e060a73ca564e31bd9c2a37efdfe8d8ab6, vars: {}, profile: , target: , version: 1.11.8
[0m17:49:55.677830 [debug] [MainThread]: Partial parsing enabled: 0 files deleted, 0 files added, 1 files changed.
[0m17:49:55.678356 [debug] [MainThread]: Partial parsing: updated file: fuel_analytics://snapshots/fuel_prices_snapshot.sql
[0m17:49:55.863839 [debug] [MainThread]: Sending event: {'category': 'dbt', 'action': 'load_project', 'label': '40c782df-9ca2-4bcf-a568-077b235e2a19', 'context': [<snowplow_tracker.self_describing_json.SelfDescribingJson object at 0x168f5a450>]}
[0m17:49:55.934340 [debug] [MainThread]: Wrote artifact WritableManifest to ./target/manifest.json
[0m17:49:55.936411 [debug] [MainThread]: Wrote artifact SemanticManifest to ./target/semantic_manifest.json
[0m17:49:55.945988 [debug] [MainThread]: Sending event: {'category': 'dbt', 'action': 'resource_counts', 'label': '40c782df-9ca2-4bcf-a568-077b235e2a19', 'context': [<snowplow_tracker.self_describing_json.SelfDescribingJson object at 0x168d672f0>]}
[0m17:49:55.946309 [info ] [MainThread]: Found 4 models, 31 data tests, 1 snapshot, 3 sources, 493 macros
[0m17:49:55.946543 [debug] [MainThread]: Sending event: {'category': 'dbt', 'action': 'runnable_timing', 'label': '40c782df-9ca2-4bcf-a568-077b235e2a19', 'context': [<snowplow_tracker.self_describing_json.SelfDescribingJson object at 0x169111ef0>]}
[0m17:49:55.948024 [info ] [MainThread]: 
[0m17:49:55.948257 [info ] [MainThread]: Concurrency: 1 threads (target='dev')
[0m17:49:55.948430 [info ] [MainThread]: 
[0m17:49:55.948748 [debug] [MainThread]: Acquiring new snowflake connection 'master'
[0m17:49:55.949307 [debug] [ThreadPool]: Acquiring new snowflake connection 'list_USER_DB_FERRET'
[0m17:49:55.958306 [debug] [ThreadPool]: Using snowflake connection "list_USER_DB_FERRET"
[0m17:49:55.958630 [debug] [ThreadPool]: On list_USER_DB_FERRET: /* {"app": "dbt", "dbt_version": "1.11.8", "profile_name": "fuel_analytics", "target_name": "dev", "connection_name": "list_USER_DB_FERRET"} */
show terse schemas in database USER_DB_FERRET
    limit 10000
[0m17:49:55.958838 [debug] [ThreadPool]: Opening a new connection, currently in state init
[0m17:50:01.000328 [debug] [ThreadPool]: SQL status: SUCCESS 9 in 5.041 seconds
[0m17:50:01.004375 [debug] [ThreadPool]: On list_USER_DB_FERRET: Close
[0m17:50:01.177882 [debug] [ThreadPool]: Re-using an available connection from the pool (formerly list_USER_DB_FERRET, now list_USER_DB_FERRET_DBT)
[0m17:50:01.186016 [debug] [ThreadPool]: Using snowflake connection "list_USER_DB_FERRET_DBT"
[0m17:50:01.186382 [debug] [ThreadPool]: On list_USER_DB_FERRET_DBT: /* {"app": "dbt", "dbt_version": "1.11.8", "profile_name": "fuel_analytics", "target_name": "dev", "connection_name": "list_USER_DB_FERRET_DBT"} */
show terse objects in USER_DB_FERRET.DBT limit 10000
[0m17:50:01.186612 [debug] [ThreadPool]: Opening a new connection, currently in state closed
[0m17:50:03.868896 [debug] [ThreadPool]: SQL status: SUCCESS 9 in 2.682 seconds
[0m17:50:03.872052 [debug] [ThreadPool]: On list_USER_DB_FERRET_DBT: Close
[0m17:50:04.075482 [debug] [MainThread]: Sending event: {'category': 'dbt', 'action': 'runnable_timing', 'label': '40c782df-9ca2-4bcf-a568-077b235e2a19', 'context': [<snowplow_tracker.self_describing_json.SelfDescribingJson object at 0x169289230>]}
[0m17:50:04.079416 [debug] [Thread-2 (]: Began running node snapshot.fuel_analytics.fuel_prices_snapshot
[0m17:50:04.079926 [info ] [Thread-2 (]: 1 of 1 START snapshot DBT.fuel_prices_snapshot ................................. [RUN]
[0m17:50:04.080293 [debug] [Thread-2 (]: Re-using an available connection from the pool (formerly list_USER_DB_FERRET_DBT, now snapshot.fuel_analytics.fuel_prices_snapshot)
[0m17:50:04.080544 [debug] [Thread-2 (]: Began compiling node snapshot.fuel_analytics.fuel_prices_snapshot
[0m17:50:04.086554 [debug] [Thread-2 (]: Began executing node snapshot.fuel_analytics.fuel_prices_snapshot
[0m17:50:04.135890 [debug] [Thread-2 (]: Using snowflake connection "snapshot.fuel_analytics.fuel_prices_snapshot"
[0m17:50:04.136282 [debug] [Thread-2 (]: On snapshot.fuel_analytics.fuel_prices_snapshot: /* {"app": "dbt", "dbt_version": "1.11.8", "profile_name": "fuel_analytics", "target_name": "dev", "node_id": "snapshot.fuel_analytics.fuel_prices_snapshot"} */
/* {"app": "dbt", "dbt_version": "1.11.8", "profile_name": "fuel_analytics", "target_name": "dev", "node_id": "snapshot.fuel_analytics.fuel_prices_snapshot"} */
select * from (
        
    

    select *,
        md5(coalesce(cast(WEEK_DATE as varchar ), '')
         || '|' || coalesce(cast(REGION as varchar ), '')
         || '|' || coalesce(cast(LOAD_TS as varchar ), '')
        ) as dbt_scd_id,
        LOAD_TS as dbt_updated_at,
        LOAD_TS as dbt_valid_from,
        
  
  coalesce(nullif(LOAD_TS, LOAD_TS), null)
  as dbt_valid_to
from (
        



SELECT
    WEEK_DATE,
    REGION,
    REGULAR_GASOLINE_PRICE,
    MIDGRADE_GASOLINE_PRICE,
    PREMIUM_GASOLINE_PRICE,
    DIESEL_PRICE,
    PRICE_UNIT,
    SOURCE,
    LOAD_TS
FROM USER_DB_FERRET.RAW.fuel_prices

    ) sbq



    ) as __dbt_sbq
    where false
    limit 0
[0m17:50:04.136540 [debug] [Thread-2 (]: Opening a new connection, currently in state closed
[0m17:50:05.813098 [debug] [Thread-2 (]: SQL status: SUCCESS 0 in 1.676 seconds
[0m17:50:05.820712 [debug] [Thread-2 (]: Using snowflake connection "snapshot.fuel_analytics.fuel_prices_snapshot"
[0m17:50:05.821232 [debug] [Thread-2 (]: On snapshot.fuel_analytics.fuel_prices_snapshot: /* {"app": "dbt", "dbt_version": "1.11.8", "profile_name": "fuel_analytics", "target_name": "dev", "node_id": "snapshot.fuel_analytics.fuel_prices_snapshot"} */
/* {"app": "dbt", "dbt_version": "1.11.8", "profile_name": "fuel_analytics", "target_name": "dev", "node_id": "snapshot.fuel_analytics.fuel_prices_snapshot"} */
select * from (
        select to_timestamp_ntz(convert_timezone('UTC', current_timestamp())) as dbt_snapshot_time
    ) as __dbt_sbq
    where false
    limit 0
[0m17:50:05.954609 [debug] [Thread-2 (]: SQL status: SUCCESS 0 in 0.133 seconds
[0m17:50:05.955185 [debug] [Thread-2 (]: Writing runtime sql for node "snapshot.fuel_analytics.fuel_prices_snapshot"
[0m17:50:05.957536 [debug] [Thread-2 (]: Using snowflake connection "snapshot.fuel_analytics.fuel_prices_snapshot"
[0m17:50:05.958032 [debug] [Thread-2 (]: On snapshot.fuel_analytics.fuel_prices_snapshot: /* {"app": "dbt", "dbt_version": "1.11.8", "profile_name": "fuel_analytics", "target_name": "dev", "node_id": "snapshot.fuel_analytics.fuel_prices_snapshot"} */
create or replace transient table USER_DB_FERRET.DBT.fuel_prices_snapshot
         as
        (
    

    select *,
        md5(coalesce(cast(WEEK_DATE as varchar ), '')
         || '|' || coalesce(cast(REGION as varchar ), '')
         || '|' || coalesce(cast(LOAD_TS as varchar ), '')
        ) as dbt_scd_id,
        LOAD_TS as dbt_updated_at,
        LOAD_TS as dbt_valid_from,
        
  
  coalesce(nullif(LOAD_TS, LOAD_TS), null)
  as dbt_valid_to
from (
        



SELECT
    WEEK_DATE,
    REGION,
    REGULAR_GASOLINE_PRICE,
    MIDGRADE_GASOLINE_PRICE,
    PREMIUM_GASOLINE_PRICE,
    DIESEL_PRICE,
    PRICE_UNIT,
    SOURCE,
    LOAD_TS
FROM USER_DB_FERRET.RAW.fuel_prices

    ) sbq



        );
[0m17:50:08.681120 [debug] [Thread-2 (]: SQL status: SUCCESS 1 in 2.722 seconds
[0m17:50:08.702930 [debug] [Thread-2 (]: On snapshot.fuel_analytics.fuel_prices_snapshot: Close
[0m17:50:08.878710 [debug] [Thread-2 (]: Sending event: {'category': 'dbt', 'action': 'run_model', 'label': '40c782df-9ca2-4bcf-a568-077b235e2a19', 'context': [<snowplow_tracker.self_describing_json.SelfDescribingJson object at 0x169201250>]}
[0m17:50:08.879677 [info ] [Thread-2 (]: 1 of 1 OK snapshotted DBT.fuel_prices_snapshot ................................. [[32mSUCCESS 1[0m in 4.80s]
[0m17:50:08.880238 [debug] [Thread-2 (]: Finished running node snapshot.fuel_analytics.fuel_prices_snapshot
[0m17:50:08.881508 [debug] [MainThread]: Connection 'master' was properly closed.
[0m17:50:08.881774 [debug] [MainThread]: Connection 'snapshot.fuel_analytics.fuel_prices_snapshot' was properly closed.
[0m17:50:08.881994 [info ] [MainThread]: 
[0m17:50:08.882227 [info ] [MainThread]: Finished running 1 snapshot in 0 hours 0 minutes and 12.93 seconds (12.93s).
[0m17:50:08.882729 [debug] [MainThread]: Command end result
[0m17:50:08.921681 [debug] [MainThread]: Wrote artifact WritableManifest to ./target/manifest.json
[0m17:50:08.923555 [debug] [MainThread]: Wrote artifact SemanticManifest to ./target/semantic_manifest.json
[0m17:50:08.927847 [debug] [MainThread]: Wrote artifact RunExecutionResult to ./target/run_results.json
[0m17:50:08.928078 [info ] [MainThread]: 
[0m17:50:08.928331 [info ] [MainThread]: [32mCompleted successfully[0m
[0m17:50:08.928508 [info ] [MainThread]: 
[0m17:50:08.928717 [info ] [MainThread]: Done. PASS=1 WARN=0 ERROR=0 SKIP=0 NO-OP=0 TOTAL=1
[0m17:50:08.936634 [debug] [MainThread]: Resource report: {"command_name": "snapshot", "command_success": true, "command_wall_clock_time": 15.025612, "process_in_blocks": "0", "process_kernel_time": 2.709023, "process_mem_max_rss": "277577728", "process_out_blocks": "0", "process_user_time": 3.672054}
[0m17:50:08.937089 [debug] [MainThread]: Command `dbt snapshot` succeeded at 17:50:08.937010 after 15.03 seconds
[0m17:50:08.937569 [debug] [MainThread]: Sending event: {'category': 'dbt', 'action': 'invocation', 'label': 'end', 'context': [<snowplow_tracker.self_describing_json.SelfDescribingJson object at 0x169d03d80>, <snowplow_tracker.self_describing_json.SelfDescribingJson object at 0x169e1f750>, <snowplow_tracker.self_describing_json.SelfDescribingJson object at 0x169e1f890>]}
[0m17:50:08.937949 [debug] [MainThread]: Flushing usage events
[0m17:50:09.389640 [debug] [MainThread]: An error was encountered while trying to flush usage events
[0m07:02:35.822128 [debug] [MainThread]: Sending event: {'category': 'dbt', 'action': 'invocation', 'label': 'start', 'context': [<snowplow_tracker.self_describing_json.SelfDescribingJson object at 0xffff8a3af4d0>, <snowplow_tracker.self_describing_json.SelfDescribingJson object at 0xffff8a53c350>, <snowplow_tracker.self_describing_json.SelfDescribingJson object at 0xffff8abdb020>]}


============================== 07:02:35.827173 | 72fcf7d2-d685-40e4-99b4-1019b1b01d75 ==============================
[0m07:02:35.827173 [info ] [MainThread]: Running with dbt=1.8.7
[0m07:02:35.827538 [debug] [MainThread]: running dbt with arguments {'printer_width': '80', 'indirect_selection': 'eager', 'write_json': 'True', 'log_cache_events': 'False', 'partial_parse': 'True', 'cache_selected_only': 'False', 'profiles_dir': '/opt/airflow/dbt', 'fail_fast': 'False', 'debug': 'False', 'log_path': '/opt/airflow/dbt/logs', 'version_check': 'True', 'warn_error': 'None', 'use_colors': 'True', 'use_experimental_parser': 'False', 'no_print': 'None', 'quiet': 'False', 'empty': 'False', 'warn_error_options': 'WarnErrorOptions(include=[], exclude=[])', 'invocation_command': 'dbt run --profiles-dir /opt/airflow/dbt --project-dir /opt/airflow/dbt', 'static_parser': 'True', 'log_format': 'default', 'target_path': 'None', 'introspect': 'True', 'send_anonymous_usage_stats': 'True'}
[0m07:02:35.830463 [error] [MainThread]: Encountered an error:
Parsing Error
  Env var required but not provided: 'DBT_TYPE'
[0m07:02:35.831028 [debug] [MainThread]: Resource report: {"command_name": "run", "command_wall_clock_time": 0.036041293, "process_user_time": 0.848019, "process_kernel_time": 0.139827, "process_mem_max_rss": "98980", "process_in_blocks": "32", "process_out_blocks": "18", "command_success": false}
[0m07:02:35.831263 [debug] [MainThread]: Command `dbt run` failed at 07:02:35.831222 after 0.04 seconds
[0m07:02:35.831418 [debug] [MainThread]: Sending event: {'category': 'dbt', 'action': 'invocation', 'label': 'end', 'context': [<snowplow_tracker.self_describing_json.SelfDescribingJson object at 0xffff8abdbc50>, <snowplow_tracker.self_describing_json.SelfDescribingJson object at 0xffff8a7e5d60>, <snowplow_tracker.self_describing_json.SelfDescribingJson object at 0xffff89fc22d0>]}
[0m07:02:35.831562 [debug] [MainThread]: Flushing usage events
[0m00:25:22.192464 [debug] [MainThread]: Sending event: {'category': 'dbt', 'action': 'invocation', 'label': 'start', 'context': [<snowplow_tracker.self_describing_json.SelfDescribingJson object at 0x109ca9550>, <snowplow_tracker.self_describing_json.SelfDescribingJson object at 0x109dd63f0>, <snowplow_tracker.self_describing_json.SelfDescribingJson object at 0x108b77c20>]}


============================== 00:25:22.195223 | 83bf09c6-055e-4b6b-bbaa-0a11f6bf135e ==============================
[0m00:25:22.195223 [info ] [MainThread]: Running with dbt=1.11.8
[0m00:25:22.195530 [debug] [MainThread]: running dbt with arguments {'warn_error_options': 'WarnErrorOptionsV2(error=[], warn=[], silence=[])', 'log_cache_events': 'False', 'send_anonymous_usage_stats': 'True', 'log_format': 'default', 'version_check': 'True', 'printer_width': '80', 'introspect': 'True', 'cache_selected_only': 'False', 'no_print': 'None', 'write_json': 'True', 'partial_parse': 'True', 'use_experimental_parser': 'False', 'use_colors': 'True', 'target_path': 'None', 'static_parser': 'True', 'quiet': 'False', 'profiles_dir': '.', 'invocation_command': 'dbt debug --profiles-dir . --project-dir .', 'warn_error': 'None', 'empty': 'None', 'indirect_selection': 'eager', 'debug': 'False', 'log_path': 'logs', 'fail_fast': 'False'}
[0m00:25:22.204588 [info ] [MainThread]: dbt version: 1.11.8
[0m00:25:22.204885 [info ] [MainThread]: python version: 3.12.7
[0m00:25:22.205022 [info ] [MainThread]: python path: /opt/anaconda3/bin/python
[0m00:25:22.205144 [info ] [MainThread]: os info: macOS-26.3.1-arm64-arm-64bit
[0m00:25:22.207750 [error] [MainThread]: Encountered an error:
Parsing Error
  Env var required but not provided: 'DBT_TYPE'
[0m00:25:22.209530 [debug] [MainThread]: Resource report: {"command_name": "debug", "command_success": false, "command_wall_clock_time": 0.056800377, "process_in_blocks": "0", "process_kernel_time": 0.13513, "process_mem_max_rss": "119275520", "process_out_blocks": "0", "process_user_time": 0.605717}
[0m00:25:22.209768 [debug] [MainThread]: Command `dbt debug` failed at 00:25:22.209724 after 0.06 seconds
[0m00:25:22.209916 [debug] [MainThread]: Sending event: {'category': 'dbt', 'action': 'invocation', 'label': 'end', 'context': [<snowplow_tracker.self_describing_json.SelfDescribingJson object at 0x109f8f3e0>, <snowplow_tracker.self_describing_json.SelfDescribingJson object at 0x10a0450a0>, <snowplow_tracker.self_describing_json.SelfDescribingJson object at 0x10a045cd0>]}
[0m00:25:22.210068 [debug] [MainThread]: Flushing usage events
[0m00:25:22.560339 [debug] [MainThread]: An error was encountered while trying to flush usage events
[0m00:32:45.848867 [debug] [MainThread]: Sending event: {'category': 'dbt', 'action': 'invocation', 'label': 'start', 'context': [<snowplow_tracker.self_describing_json.SelfDescribingJson object at 0x1050c1c40>, <snowplow_tracker.self_describing_json.SelfDescribingJson object at 0x1064d5b20>, <snowplow_tracker.self_describing_json.SelfDescribingJson object at 0x105f44320>]}


============================== 00:32:45.851484 | a49d9c0a-407a-468f-844b-5b1b8643261a ==============================
[0m00:32:45.851484 [info ] [MainThread]: Running with dbt=1.11.8
[0m00:32:45.851769 [debug] [MainThread]: running dbt with arguments {'invocation_command': 'dbt debug --profiles-dir . --project-dir .', 'no_print': 'None', 'introspect': 'True', 'target_path': 'None', 'quiet': 'False', 'static_parser': 'True', 'cache_selected_only': 'False', 'log_cache_events': 'False', 'log_format': 'default', 'debug': 'False', 'use_experimental_parser': 'False', 'partial_parse': 'True', 'empty': 'None', 'indirect_selection': 'eager', 'profiles_dir': '.', 'send_anonymous_usage_stats': 'True', 'write_json': 'True', 'use_colors': 'True', 'warn_error_options': 'WarnErrorOptionsV2(error=[], warn=[], silence=[])', 'log_path': 'logs', 'fail_fast': 'False', 'warn_error': 'None', 'version_check': 'True', 'printer_width': '80'}
[0m00:32:45.859632 [info ] [MainThread]: dbt version: 1.11.8
[0m00:32:45.859869 [info ] [MainThread]: python version: 3.12.7
[0m00:32:45.860001 [info ] [MainThread]: python path: /opt/anaconda3/bin/python
[0m00:32:45.860119 [info ] [MainThread]: os info: macOS-26.3.1-arm64-arm-64bit
[0m00:32:45.862984 [error] [MainThread]: Encountered an error:
Parsing Error
  Env var required but not provided: 'DBT_ACCOUNT'
[0m00:32:45.864869 [debug] [MainThread]: Resource report: {"command_name": "debug", "command_success": false, "command_wall_clock_time": 0.05433725, "process_in_blocks": "0", "process_kernel_time": 0.138026, "process_mem_max_rss": "117948416", "process_out_blocks": "0", "process_user_time": 0.623426}
[0m00:32:45.865132 [debug] [MainThread]: Command `dbt debug` failed at 00:32:45.865084 after 0.05 seconds
[0m00:32:45.865282 [debug] [MainThread]: Sending event: {'category': 'dbt', 'action': 'invocation', 'label': 'end', 'context': [<snowplow_tracker.self_describing_json.SelfDescribingJson object at 0x10665df70>, <snowplow_tracker.self_describing_json.SelfDescribingJson object at 0x106e3f200>, <snowplow_tracker.self_describing_json.SelfDescribingJson object at 0x106eea3c0>]}
[0m00:32:45.865552 [debug] [MainThread]: Flushing usage events
[0m00:32:46.212551 [debug] [MainThread]: An error was encountered while trying to flush usage events
[0m00:33:03.686334 [debug] [MainThread]: Sending event: {'category': 'dbt', 'action': 'invocation', 'label': 'start', 'context': [<snowplow_tracker.self_describing_json.SelfDescribingJson object at 0x102c35d00>, <snowplow_tracker.self_describing_json.SelfDescribingJson object at 0x104ed9b20>, <snowplow_tracker.self_describing_json.SelfDescribingJson object at 0x104453470>]}


============================== 00:33:03.688872 | 2d186058-bf8e-4472-9f36-88b8f7b0cd6e ==============================
[0m00:33:03.688872 [info ] [MainThread]: Running with dbt=1.11.8
[0m00:33:03.689174 [debug] [MainThread]: running dbt with arguments {'indirect_selection': 'eager', 'warn_error_options': 'WarnErrorOptionsV2(error=[], warn=[], silence=[])', 'introspect': 'True', 'partial_parse': 'True', 'profiles_dir': '.', 'use_experimental_parser': 'False', 'printer_width': '80', 'cache_selected_only': 'False', 'debug': 'False', 'use_colors': 'True', 'warn_error': 'None', 'write_json': 'True', 'invocation_command': 'dbt debug --profiles-dir . --project-dir .', 'quiet': 'False', 'empty': 'None', 'target_path': 'None', 'no_print': 'None', 'log_format': 'default', 'version_check': 'True', 'log_path': 'logs', 'log_cache_events': 'False', 'send_anonymous_usage_stats': 'True', 'static_parser': 'True', 'fail_fast': 'False'}
[0m00:33:03.697698 [info ] [MainThread]: dbt version: 1.11.8
[0m00:33:03.697935 [info ] [MainThread]: python version: 3.12.7
[0m00:33:03.698069 [info ] [MainThread]: python path: /opt/anaconda3/bin/python
[0m00:33:03.698189 [info ] [MainThread]: os info: macOS-26.3.1-arm64-arm-64bit
[0m00:33:03.701265 [error] [MainThread]: Encountered an error:
Parsing Error
  Env var required but not provided: 'DBT_ACCOUNT'
[0m00:33:03.703245 [debug] [MainThread]: Resource report: {"command_name": "debug", "command_success": false, "command_wall_clock_time": 0.055361956, "process_in_blocks": "0", "process_kernel_time": 0.14382, "process_mem_max_rss": "117702656", "process_out_blocks": "0", "process_user_time": 0.611409}
[0m00:33:03.703487 [debug] [MainThread]: Command `dbt debug` failed at 00:33:03.703444 after 0.06 seconds
[0m00:33:03.703642 [debug] [MainThread]: Sending event: {'category': 'dbt', 'action': 'invocation', 'label': 'end', 'context': [<snowplow_tracker.self_describing_json.SelfDescribingJson object at 0x1048b6570>, <snowplow_tracker.self_describing_json.SelfDescribingJson object at 0x10603fe30>, <snowplow_tracker.self_describing_json.SelfDescribingJson object at 0x104c45b50>]}
[0m00:33:03.703900 [debug] [MainThread]: Flushing usage events
[0m00:33:04.020194 [debug] [MainThread]: An error was encountered while trying to flush usage events
[0m00:34:54.857470 [debug] [MainThread]: Sending event: {'category': 'dbt', 'action': 'invocation', 'label': 'start', 'context': [<snowplow_tracker.self_describing_json.SelfDescribingJson object at 0x121d635f0>, <snowplow_tracker.self_describing_json.SelfDescribingJson object at 0x121df30b0>, <snowplow_tracker.self_describing_json.SelfDescribingJson object at 0x121df2cf0>]}


============================== 00:34:54.860029 | 220b2939-9c79-496e-a5a0-d7ef736c4384 ==============================
[0m00:34:54.860029 [info ] [MainThread]: Running with dbt=1.11.8
[0m00:34:54.860366 [debug] [MainThread]: running dbt with arguments {'fail_fast': 'False', 'introspect': 'True', 'debug': 'False', 'target_path': 'None', 'version_check': 'True', 'use_colors': 'True', 'write_json': 'True', 'log_cache_events': 'False', 'no_print': 'None', 'warn_error': 'None', 'static_parser': 'True', 'log_format': 'default', 'partial_parse': 'True', 'cache_selected_only': 'False', 'warn_error_options': 'WarnErrorOptionsV2(error=[], warn=[], silence=[])', 'empty': 'False', 'quiet': 'False', 'send_anonymous_usage_stats': 'True', 'use_experimental_parser': 'False', 'indirect_selection': 'eager', 'printer_width': '80', 'profiles_dir': '/Users/vincentdo/Documents/School/SJSU_MSADI/DATA_226/Project/fuel_price_project/dbt', 'invocation_command': 'dbt run', 'log_path': '/Users/vincentdo/Documents/School/SJSU_MSADI/DATA_226/Project/fuel_price_project/dbt/logs'}
[0m00:34:54.862825 [error] [MainThread]: Encountered an error:
Parsing Error
  Env var required but not provided: 'DBT_ACCOUNT'
[0m00:34:54.864518 [debug] [MainThread]: Resource report: {"command_name": "run", "command_success": false, "command_wall_clock_time": 0.044160876, "process_in_blocks": "0", "process_kernel_time": 0.153691, "process_mem_max_rss": "120143872", "process_out_blocks": "0", "process_user_time": 0.630579}
[0m00:34:54.864760 [debug] [MainThread]: Command `dbt run` failed at 00:34:54.864713 after 0.04 seconds
[0m00:34:54.864905 [debug] [MainThread]: Sending event: {'category': 'dbt', 'action': 'invocation', 'label': 'end', 'context': [<snowplow_tracker.self_describing_json.SelfDescribingJson object at 0x121d635f0>, <snowplow_tracker.self_describing_json.SelfDescribingJson object at 0x121d585f0>, <snowplow_tracker.self_describing_json.SelfDescribingJson object at 0x1211e3bc0>]}
[0m00:34:54.865046 [debug] [MainThread]: Flushing usage events
[0m00:34:55.180433 [debug] [MainThread]: An error was encountered while trying to flush usage events
[0m00:37:13.659504 [debug] [MainThread]: Sending event: {'category': 'dbt', 'action': 'invocation', 'label': 'start', 'context': [<snowplow_tracker.self_describing_json.SelfDescribingJson object at 0x1059b1430>, <snowplow_tracker.self_describing_json.SelfDescribingJson object at 0x107db6750>, <snowplow_tracker.self_describing_json.SelfDescribingJson object at 0x107db7e90>]}


============================== 00:37:13.661938 | ef904345-8e5f-477c-92bc-4ecfd6edab03 ==============================
[0m00:37:13.661938 [info ] [MainThread]: Running with dbt=1.11.8
[0m00:37:13.662237 [debug] [MainThread]: running dbt with arguments {'cache_selected_only': 'False', 'no_print': 'None', 'warn_error_options': 'WarnErrorOptionsV2(error=[], warn=[], silence=[])', 'version_check': 'True', 'invocation_command': 'dbt init dbt', 'log_cache_events': 'False', 'send_anonymous_usage_stats': 'True', 'write_json': 'True', 'profiles_dir': '/Users/vincentdo/Documents/School/SJSU_MSADI/DATA_226/Project/fuel_price_project/dbt', 'introspect': 'True', 'target_path': 'None', 'use_colors': 'True', 'empty': 'None', 'log_format': 'default', 'use_experimental_parser': 'False', 'warn_error': 'None', 'fail_fast': 'False', 'quiet': 'False', 'indirect_selection': 'eager', 'log_path': '/Users/vincentdo/Documents/School/SJSU_MSADI/DATA_226/Project/fuel_price_project/dbt/logs', 'debug': 'False', 'static_parser': 'True', 'partial_parse': 'True', 'printer_width': '80'}
[0m00:37:13.671488 [info ] [MainThread]: Setting up your profile.
[0m00:37:39.700398 [debug] [MainThread]: Snowflake adapter: Setting snowflake.connector to ERROR (file logging only)
[0m00:37:39.700893 [debug] [MainThread]: Snowflake adapter: Setting botocore to ERROR (file logging only)
[0m00:37:39.701058 [debug] [MainThread]: Snowflake adapter: Setting boto3 to ERROR (file logging only)
[0m00:39:42.271361 [info ] [MainThread]: Profile fuel_analytics written to /Users/vincentdo/Documents/School/SJSU_MSADI/DATA_226/Project/fuel_price_project/dbt/profiles.yml using target's profile_template.yml and your supplied values. Run 'dbt debug' to validate the connection.
[0m00:39:42.285649 [debug] [MainThread]: Resource report: {"command_name": "init", "command_success": true, "command_wall_clock_time": 148.66177, "process_in_blocks": "0", "process_kernel_time": 0.486035, "process_mem_max_rss": "209338368", "process_out_blocks": "0", "process_user_time": 3.86386}
[0m00:39:42.288413 [debug] [MainThread]: Command `dbt init` succeeded at 00:39:42.288272 after 148.67 seconds
[0m00:39:42.289125 [debug] [MainThread]: Sending event: {'category': 'dbt', 'action': 'invocation', 'label': 'end', 'context': [<snowplow_tracker.self_describing_json.SelfDescribingJson object at 0x107e91e20>, <snowplow_tracker.self_describing_json.SelfDescribingJson object at 0x11f917bf0>, <snowplow_tracker.self_describing_json.SelfDescribingJson object at 0x11a196510>]}
[0m00:39:42.289585 [debug] [MainThread]: Flushing usage events
[0m00:39:42.682965 [debug] [MainThread]: An error was encountered while trying to flush usage events
[0m00:39:52.113501 [debug] [MainThread]: Sending event: {'category': 'dbt', 'action': 'invocation', 'label': 'start', 'context': [<snowplow_tracker.self_describing_json.SelfDescribingJson object at 0x109edb5f0>, <snowplow_tracker.self_describing_json.SelfDescribingJson object at 0x1077d5c70>, <snowplow_tracker.self_describing_json.SelfDescribingJson object at 0x109af9c70>]}


============================== 00:39:52.115934 | 6a516d41-4d72-40ba-8985-67b68b0cbb97 ==============================
[0m00:39:52.115934 [info ] [MainThread]: Running with dbt=1.11.8
[0m00:39:52.116205 [debug] [MainThread]: running dbt with arguments {'log_format': 'default', 'use_experimental_parser': 'False', 'version_check': 'True', 'quiet': 'False', 'target_path': 'None', 'partial_parse': 'True', 'no_print': 'None', 'fail_fast': 'False', 'introspect': 'True', 'indirect_selection': 'eager', 'cache_selected_only': 'False', 'send_anonymous_usage_stats': 'True', 'profiles_dir': '.', 'printer_width': '80', 'warn_error_options': 'WarnErrorOptionsV2(error=[], warn=[], silence=[])', 'log_cache_events': 'False', 'static_parser': 'True', 'debug': 'False', 'write_json': 'True', 'invocation_command': 'dbt debug --profiles-dir . --project-dir .', 'empty': 'None', 'use_colors': 'True', 'warn_error': 'None', 'log_path': 'logs'}
[0m00:39:52.124487 [info ] [MainThread]: dbt version: 1.11.8
[0m00:39:52.124695 [info ] [MainThread]: python version: 3.12.7
[0m00:39:52.124829 [info ] [MainThread]: python path: /opt/anaconda3/bin/python
[0m00:39:52.124948 [info ] [MainThread]: os info: macOS-26.3.1-arm64-arm-64bit
[0m00:39:52.846144 [debug] [MainThread]: Snowflake adapter: Setting snowflake.connector to ERROR (file logging only)
[0m00:39:52.846433 [debug] [MainThread]: Snowflake adapter: Setting botocore to ERROR (file logging only)
[0m00:39:52.846566 [debug] [MainThread]: Snowflake adapter: Setting boto3 to ERROR (file logging only)
[0m00:39:52.874527 [info ] [MainThread]: Using profiles dir at .
[0m00:39:52.874725 [info ] [MainThread]: Using profiles.yml file at ./profiles.yml
[0m00:39:52.874864 [info ] [MainThread]: Using dbt_project.yml file at ./dbt_project.yml
[0m00:39:52.875140 [info ] [MainThread]: adapter type: snowflake
[0m00:39:52.875269 [info ] [MainThread]: adapter version: 1.11.4
[0m00:39:52.921475 [info ] [MainThread]: Configuration:
[0m00:39:52.921742 [info ] [MainThread]:   profiles.yml file [[32mOK found and valid[0m]
[0m00:39:52.921873 [info ] [MainThread]:   dbt_project.yml file [[32mOK found and valid[0m]
[0m00:39:52.921994 [info ] [MainThread]: Required dependencies:
[0m00:39:52.922181 [debug] [MainThread]: Executing "git --help"
[0m00:39:52.937470 [debug] [MainThread]: STDOUT: "b"usage: git [-v | --version] [-h | --help] [-C <path>] [-c <name>=<value>]\n           [--exec-path[=<path>]] [--html-path] [--man-path] [--info-path]\n           [-p | --paginate | -P | --no-pager] [--no-replace-objects] [--no-lazy-fetch]\n           [--no-optional-locks] [--no-advice] [--bare] [--git-dir=<path>]\n           [--work-tree=<path>] [--namespace=<name>] [--config-env=<name>=<envvar>]\n           <command> [<args>]\n\nThese are common Git commands used in various situations:\n\nstart a working area (see also: git help tutorial)\n   clone      Clone a repository into a new directory\n   init       Create an empty Git repository or reinitialize an existing one\n\nwork on the current change (see also: git help everyday)\n   add        Add file contents to the index\n   mv         Move or rename a file, a directory, or a symlink\n   restore    Restore working tree files\n   rm         Remove files from the working tree and from the index\n\nexamine the history and state (see also: git help revisions)\n   bisect     Use binary search to find the commit that introduced a bug\n   diff       Show changes between commits, commit and working tree, etc\n   grep       Print lines matching a pattern\n   log        Show commit logs\n   show       Show various types of objects\n   status     Show the working tree status\n\ngrow, mark and tweak your common history\n   backfill   Download missing objects in a partial clone\n   branch     List, create, or delete branches\n   commit     Record changes to the repository\n   merge      Join two or more development histories together\n   rebase     Reapply commits on top of another base tip\n   reset      Reset current HEAD to the specified state\n   switch     Switch branches\n   tag        Create, list, delete or verify a tag object signed with GPG\n\ncollaborate (see also: git help workflows)\n   fetch      Download objects and refs from another repository\n   pull       Fetch from and integrate with another repository or a local branch\n   push       Update remote refs along with associated objects\n\n'git help -a' and 'git help -g' list available subcommands and some\nconcept guides. See 'git help <command>' or 'git help <concept>'\nto read about a specific subcommand or concept.\nSee 'git help git' for an overview of the system.\n""
[0m00:39:52.937907 [debug] [MainThread]: STDERR: "b''"
[0m00:39:52.938062 [info ] [MainThread]:  - git [[32mOK found[0m]

[0m00:39:52.938227 [info ] [MainThread]: Connection:
[0m00:39:52.938385 [info ] [MainThread]:   account: SFEDU02-EAB27764
[0m00:39:52.938513 [info ] [MainThread]:   user: BOA
[0m00:39:52.938624 [info ] [MainThread]:   database: USER_DB_BOA
[0m00:39:52.938741 [info ] [MainThread]:   warehouse: BOA_WH
[0m00:39:52.938848 [info ] [MainThread]:   role: TRAINING_ROLE
[0m00:39:52.938953 [info ] [MainThread]:   schema: dbt
[0m00:39:52.939056 [info ] [MainThread]:   authenticator: None
[0m00:39:52.939167 [info ] [MainThread]:   oauth_client_id: None
[0m00:39:52.939273 [info ] [MainThread]:   query_tag: None
[0m00:39:52.939401 [info ] [MainThread]:   client_session_keep_alive: False
[0m00:39:52.939510 [info ] [MainThread]:   host: None
[0m00:39:52.939624 [info ] [MainThread]:   port: None
[0m00:39:52.939734 [info ] [MainThread]:   proxy_host: None
[0m00:39:52.939840 [info ] [MainThread]:   proxy_port: None
[0m00:39:52.939951 [info ] [MainThread]:   protocol: None
[0m00:39:52.940062 [info ] [MainThread]:   connect_retries: 1
[0m00:39:52.940171 [info ] [MainThread]:   connect_timeout: None
[0m00:39:52.940277 [info ] [MainThread]:   retry_on_database_errors: False
[0m00:39:52.940381 [info ] [MainThread]:   retry_all: False
[0m00:39:52.940491 [info ] [MainThread]:   insecure_mode: False
[0m00:39:52.940590 [info ] [MainThread]:   reuse_connections: True
[0m00:39:52.940692 [info ] [MainThread]:   s3_stage_vpce_dns_name: None
[0m00:39:52.940794 [info ] [MainThread]:   platform_detection_timeout_seconds: 0.0
[0m00:39:52.941124 [info ] [MainThread]: Registered adapter: snowflake=1.11.4
[0m00:39:52.994063 [debug] [MainThread]: Acquiring new snowflake connection 'debug'
[0m00:39:53.041745 [debug] [MainThread]: Using snowflake connection "debug"
[0m00:39:53.041950 [debug] [MainThread]: On debug: select 1 as id
[0m00:39:53.042068 [debug] [MainThread]: Opening a new connection, currently in state init
[0m00:39:54.214327 [debug] [MainThread]: SQL status: SUCCESS 1 in 1.172 seconds
[0m00:39:54.218071 [info ] [MainThread]:   Connection test: [[32mOK connection ok[0m]

[0m00:39:54.219370 [info ] [MainThread]: [32mAll checks passed![0m
[0m00:39:54.227831 [debug] [MainThread]: Resource report: {"command_name": "debug", "command_success": true, "command_wall_clock_time": 2.154152, "process_in_blocks": "0", "process_kernel_time": 1.042913, "process_mem_max_rss": "234405888", "process_out_blocks": "0", "process_user_time": 3.291751}
[0m00:39:54.228340 [debug] [MainThread]: Command `dbt debug` succeeded at 00:39:54.228250 after 2.15 seconds
[0m00:39:54.228649 [debug] [MainThread]: Connection 'debug' was left open.
[0m00:39:54.228868 [debug] [MainThread]: On debug: Close
[0m00:39:54.370964 [debug] [MainThread]: Sending event: {'category': 'dbt', 'action': 'invocation', 'label': 'end', 'context': [<snowplow_tracker.self_describing_json.SelfDescribingJson object at 0x109bfdeb0>, <snowplow_tracker.self_describing_json.SelfDescribingJson object at 0x1606fe420>, <snowplow_tracker.self_describing_json.SelfDescribingJson object at 0x160ecede0>]}
[0m00:39:54.372811 [debug] [MainThread]: Flushing usage events
[0m00:39:54.707140 [debug] [MainThread]: An error was encountered while trying to flush usage events
[0m00:40:25.973827 [debug] [MainThread]: Sending event: {'category': 'dbt', 'action': 'invocation', 'label': 'start', 'context': [<snowplow_tracker.self_describing_json.SelfDescribingJson object at 0x10a1d6fc0>, <snowplow_tracker.self_describing_json.SelfDescribingJson object at 0x10a4f32f0>, <snowplow_tracker.self_describing_json.SelfDescribingJson object at 0x10a4f2f30>]}


============================== 00:40:25.976192 | 8fa0daea-2bea-4649-8629-ba4972c4a548 ==============================
[0m00:40:25.976192 [info ] [MainThread]: Running with dbt=1.11.8
[0m00:40:25.976471 [debug] [MainThread]: running dbt with arguments {'log_cache_events': 'False', 'log_path': 'logs', 'log_format': 'default', 'partial_parse': 'True', 'empty': 'False', 'cache_selected_only': 'False', 'no_print': 'None', 'debug': 'False', 'quiet': 'False', 'invocation_command': 'dbt run --profiles-dir . --project-dir .', 'introspect': 'True', 'send_anonymous_usage_stats': 'True', 'fail_fast': 'False', 'write_json': 'True', 'indirect_selection': 'eager', 'use_colors': 'True', 'warn_error': 'None', 'static_parser': 'True', 'version_check': 'True', 'profiles_dir': '.', 'use_experimental_parser': 'False', 'warn_error_options': 'WarnErrorOptionsV2(error=[], warn=[], silence=[])', 'printer_width': '80', 'target_path': 'None'}
[0m00:40:26.654595 [debug] [MainThread]: Snowflake adapter: Setting snowflake.connector to ERROR (file logging only)
[0m00:40:26.654874 [debug] [MainThread]: Snowflake adapter: Setting botocore to ERROR (file logging only)
[0m00:40:26.655014 [debug] [MainThread]: Snowflake adapter: Setting boto3 to ERROR (file logging only)
[0m00:40:26.785582 [debug] [MainThread]: Sending event: {'category': 'dbt', 'action': 'project_id', 'label': '8fa0daea-2bea-4649-8629-ba4972c4a548', 'context': [<snowplow_tracker.self_describing_json.SelfDescribingJson object at 0x13ca06de0>]}
[0m00:40:26.814732 [debug] [MainThread]: Sending event: {'category': 'dbt', 'action': 'adapter_info', 'label': '8fa0daea-2bea-4649-8629-ba4972c4a548', 'context': [<snowplow_tracker.self_describing_json.SelfDescribingJson object at 0x13b591e80>]}
[0m00:40:26.815334 [info ] [MainThread]: Registered adapter: snowflake=1.11.4
[0m00:40:26.870317 [debug] [MainThread]: checksum: 7d524ac048c2100769df89d592e662e060a73ca564e31bd9c2a37efdfe8d8ab6, vars: {}, profile: , target: , version: 1.11.8
[0m00:40:26.967510 [info ] [MainThread]: Unable to do partial parsing because profile has changed
[0m00:40:26.967777 [debug] [MainThread]: Sending event: {'category': 'dbt', 'action': 'partial_parser', 'label': '8fa0daea-2bea-4649-8629-ba4972c4a548', 'context': [<snowplow_tracker.self_describing_json.SelfDescribingJson object at 0x13cff83b0>]}
[0m00:40:27.524900 [warn ] [MainThread]: [[33mWARNING[0m][MissingArgumentsPropertyInGenericTestDeprecation]: Deprecated
functionality
Found top-level arguments to test `accepted_values` defined on
'price_volatility' in package 'fuel_analytics' (models/schema.yml). Arguments to
generic tests should be nested under the `arguments` property.
[0m00:40:27.525214 [debug] [MainThread]: Sending event: {'category': 'dbt', 'action': 'deprecation', 'label': '8fa0daea-2bea-4649-8629-ba4972c4a548', 'property_': 'warn', 'context': [<snowplow_tracker.self_describing_json.SelfDescribingJson object at 0x13fca0ad0>]}
[0m00:40:27.654396 [debug] [MainThread]: Sending event: {'category': 'dbt', 'action': 'load_project', 'label': '8fa0daea-2bea-4649-8629-ba4972c4a548', 'context': [<snowplow_tracker.self_describing_json.SelfDescribingJson object at 0x16a0893a0>]}
[0m00:40:27.734658 [debug] [MainThread]: Wrote artifact WritableManifest to ./target/manifest.json
[0m00:40:27.736107 [debug] [MainThread]: Wrote artifact SemanticManifest to ./target/semantic_manifest.json
[0m00:40:27.743606 [debug] [MainThread]: Sending event: {'category': 'dbt', 'action': 'resource_counts', 'label': '8fa0daea-2bea-4649-8629-ba4972c4a548', 'context': [<snowplow_tracker.self_describing_json.SelfDescribingJson object at 0x16a161430>]}
[0m00:40:27.743836 [info ] [MainThread]: Found 4 models, 1 snapshot, 31 data tests, 3 sources, 523 macros
[0m00:40:27.743985 [debug] [MainThread]: Sending event: {'category': 'dbt', 'action': 'runnable_timing', 'label': '8fa0daea-2bea-4649-8629-ba4972c4a548', 'context': [<snowplow_tracker.self_describing_json.SelfDescribingJson object at 0x16a19b0e0>]}
[0m00:40:27.744900 [info ] [MainThread]: 
[0m00:40:27.745044 [info ] [MainThread]: Concurrency: 1 threads (target='dev')
[0m00:40:27.745161 [info ] [MainThread]: 
[0m00:40:27.745357 [debug] [MainThread]: Acquiring new snowflake connection 'master'
[0m00:40:27.747076 [debug] [ThreadPool]: Acquiring new snowflake connection 'list_USER_DB_BOA'
[0m00:40:27.773976 [debug] [ThreadPool]: Using snowflake connection "list_USER_DB_BOA"
[0m00:40:27.774167 [debug] [ThreadPool]: On list_USER_DB_BOA: show terse schemas in database USER_DB_BOA
    limit 10000
/* {"app": "dbt", "dbt_version": "1.11.8", "profile_name": "fuel_analytics", "target_name": "dev", "connection_name": "list_USER_DB_BOA"} */
[0m00:40:27.774282 [debug] [ThreadPool]: Opening a new connection, currently in state init
[0m00:40:28.474070 [debug] [ThreadPool]: SQL status: SUCCESS 8 in 0.700 seconds
[0m00:40:28.480064 [debug] [ThreadPool]: Re-using an available connection from the pool (formerly list_USER_DB_BOA, now list_USER_DB_BOA_dbt)
[0m00:40:28.497398 [debug] [ThreadPool]: Using snowflake connection "list_USER_DB_BOA_dbt"
[0m00:40:28.497859 [debug] [ThreadPool]: On list_USER_DB_BOA_dbt: show objects in USER_DB_BOA.dbt
    limit 10000
    

/* {"app": "dbt", "dbt_version": "1.11.8", "profile_name": "fuel_analytics", "target_name": "dev", "connection_name": "list_USER_DB_BOA_dbt"} */;
[0m00:40:28.619798 [debug] [ThreadPool]: SQL status: SUCCESS 0 in 0.121 seconds
[0m00:40:28.624056 [debug] [ThreadPool]: Re-using an available connection from the pool (formerly list_USER_DB_BOA_dbt, now list_USER_DB_FERRET_DBT)
[0m00:40:28.629481 [debug] [ThreadPool]: Using snowflake connection "list_USER_DB_FERRET_DBT"
[0m00:40:28.630021 [debug] [ThreadPool]: On list_USER_DB_FERRET_DBT: show objects in USER_DB_FERRET.DBT
    limit 10000
    

/* {"app": "dbt", "dbt_version": "1.11.8", "profile_name": "fuel_analytics", "target_name": "dev", "connection_name": "list_USER_DB_FERRET_DBT"} */;
[0m00:40:28.811686 [debug] [ThreadPool]: SQL status: SUCCESS 10 in 0.181 seconds
[0m00:40:28.818822 [debug] [MainThread]: Sending event: {'category': 'dbt', 'action': 'runnable_timing', 'label': '8fa0daea-2bea-4649-8629-ba4972c4a548', 'context': [<snowplow_tracker.self_describing_json.SelfDescribingJson object at 0x16a0c36b0>]}
[0m00:40:28.825730 [debug] [Thread-2 (]: Began running node model.fuel_analytics.crude_correlation
[0m00:40:28.826418 [info ] [Thread-2 (]: 1 of 4 START sql table model dbt.crude_correlation ............................. [RUN]
[0m00:40:28.826949 [debug] [Thread-2 (]: Re-using an available connection from the pool (formerly list_USER_DB_FERRET_DBT, now model.fuel_analytics.crude_correlation)
[0m00:40:28.827347 [debug] [Thread-2 (]: Began compiling node model.fuel_analytics.crude_correlation
[0m00:40:28.835783 [debug] [Thread-2 (]: Writing injected SQL for node "model.fuel_analytics.crude_correlation"
[0m00:40:28.837835 [debug] [Thread-2 (]: Began executing node model.fuel_analytics.crude_correlation
[0m00:40:28.859342 [debug] [Thread-2 (]: Writing runtime sql for node "model.fuel_analytics.crude_correlation"
[0m00:40:28.861207 [debug] [Thread-2 (]: Using snowflake connection "model.fuel_analytics.crude_correlation"
[0m00:40:28.861528 [debug] [Thread-2 (]: On model.fuel_analytics.crude_correlation: create or replace transient table USER_DB_BOA.dbt.crude_correlation
    
    
    
    as (-- models/crude_correlation.sql
-- ================================================
-- PURPOSE:
--   Joins retail gasoline prices (EIA) with
--   crude oil futures prices (yfinance CL=F).
--   Shows how crude oil prices feed through to
--   the pump with a 2-week lag.
--
-- SOURCE TABLES:
--   USER_DB_FERRET.RAW.FUEL_PRICES           (EIA)
--   USER_DB_FERRET.RAW.ENERGY_MARKET_PRICES  (yfinance)
-- OUTPUT TABLE:
--   USER_DB_FERRET.DBT.CRUDE_CORRELATION
-- ================================================



WITH fuel AS (
    SELECT
        WEEK_DATE,
        REGULAR_GASOLINE_PRICE,
        DIESEL_PRICE
    FROM USER_DB_BOA.RAW.fuel_prices
    WHERE REGION = 'US_NATIONAL'
      AND REGULAR_GASOLINE_PRICE IS NOT NULL
),

-- Pull only WTI Crude Oil (CL=F) from energy market table
crude AS (
    SELECT
        WEEK_DATE,
        CLOSE_PRICE                          AS CRUDE_CLOSE_USD_BBL,
        -- Convert $/barrel to $/gallon (1 barrel = 42 gallons)
        ROUND(CLOSE_PRICE / 42.0, 4)         AS CRUDE_USD_PER_GALLON
    FROM USER_DB_BOA.RAW.energy_market_prices
    WHERE TICKER = 'CL=F'
      AND CLOSE_PRICE IS NOT NULL
),

-- Add a 2-week lag on crude price (typical refinery processing time)
crude_lagged AS (
    SELECT
        WEEK_DATE,
        CRUDE_CLOSE_USD_BBL,
        CRUDE_USD_PER_GALLON,
        LAG(CRUDE_CLOSE_USD_BBL,   2) OVER (ORDER BY WEEK_DATE) AS CRUDE_LAG2_BBL,
        LAG(CRUDE_USD_PER_GALLON,  2) OVER (ORDER BY WEEK_DATE) AS CRUDE_LAG2_GAL
    FROM crude
)

SELECT
    f.WEEK_DATE,
    f.REGULAR_GASOLINE_PRICE,
    f.DIESEL_PRICE,
    c.CRUDE_CLOSE_USD_BBL,
    c.CRUDE_USD_PER_GALLON,
    c.CRUDE_LAG2_BBL,
    c.CRUDE_LAG2_GAL,

    -- Pump-to-crude margin (retail price minus crude cost per gallon)
    ROUND(
        f.REGULAR_GASOLINE_PRICE
        - COALESCE(c.CRUDE_LAG2_GAL, c.CRUDE_USD_PER_GALLON),
        4
    ) AS PUMP_TO_CRUDE_MARGIN,

    -- Margin category
    CASE
        WHEN ROUND(f.REGULAR_GASOLINE_PRICE
             - COALESCE(c.CRUDE_LAG2_GAL, c.CRUDE_USD_PER_GALLON), 4) > 1.50
        THEN 'Wide Margin'
        WHEN ROUND(f.REGULAR_GASOLINE_PRICE
             - COALESCE(c.CRUDE_LAG2_GAL, c.CRUDE_USD_PER_GALLON), 4) > 0.80
        THEN 'Normal Margin'
        ELSE 'Tight Margin'
    END AS MARGIN_CATEGORY

FROM fuel f
LEFT JOIN crude_lagged c ON f.WEEK_DATE = c.WEEK_DATE
ORDER BY f.WEEK_DATE
    )

/* {"app": "dbt", "dbt_version": "1.11.8", "profile_name": "fuel_analytics", "target_name": "dev", "node_id": "model.fuel_analytics.crude_correlation"} */;
[0m00:40:31.513143 [debug] [Thread-2 (]: SQL status: SUCCESS 200 in 2.651 seconds
[0m00:40:31.540678 [debug] [Thread-2 (]: Sending event: {'category': 'dbt', 'action': 'run_model', 'label': '8fa0daea-2bea-4649-8629-ba4972c4a548', 'context': [<snowplow_tracker.self_describing_json.SelfDescribingJson object at 0x10a5133e0>]}
[0m00:40:31.541331 [info ] [Thread-2 (]: 1 of 4 OK created sql table model dbt.crude_correlation ........................ [[32mSUCCESS 200[0m in 2.71s]
[0m00:40:31.541781 [debug] [Thread-2 (]: Finished running node model.fuel_analytics.crude_correlation
[0m00:40:31.542076 [debug] [Thread-2 (]: Began running node model.fuel_analytics.price_moving_avg
[0m00:40:31.542527 [info ] [Thread-2 (]: 2 of 4 START sql table model dbt.price_moving_avg .............................. [RUN]
[0m00:40:31.542944 [debug] [Thread-2 (]: Re-using an available connection from the pool (formerly model.fuel_analytics.crude_correlation, now model.fuel_analytics.price_moving_avg)
[0m00:40:31.543218 [debug] [Thread-2 (]: Began compiling node model.fuel_analytics.price_moving_avg
[0m00:40:31.545729 [debug] [Thread-2 (]: Writing injected SQL for node "model.fuel_analytics.price_moving_avg"
[0m00:40:31.546366 [debug] [Thread-2 (]: Began executing node model.fuel_analytics.price_moving_avg
[0m00:40:31.549252 [debug] [Thread-2 (]: Writing runtime sql for node "model.fuel_analytics.price_moving_avg"
[0m00:40:31.550673 [debug] [Thread-2 (]: Using snowflake connection "model.fuel_analytics.price_moving_avg"
[0m00:40:31.550942 [debug] [Thread-2 (]: On model.fuel_analytics.price_moving_avg: create or replace transient table USER_DB_BOA.dbt.price_moving_avg
    
    
    
    as (-- models/price_moving_avg.sql
-- ================================================
-- PURPOSE:
--   Computes 4-week, 12-week, and 52-week rolling
--   average prices for regular gasoline and diesel.
--   Also calculates premium and diesel spreads.
--
-- SOURCE TABLE: USER_DB_FERRET.RAW.FUEL_PRICES
-- OUTPUT TABLE: USER_DB_FERRET.DBT.PRICE_MOVING_AVG
-- ================================================



WITH base AS (
    SELECT
        WEEK_DATE,
        REGION,
        REGULAR_GASOLINE_PRICE,
        MIDGRADE_GASOLINE_PRICE,
        PREMIUM_GASOLINE_PRICE,
        DIESEL_PRICE
    FROM USER_DB_BOA.RAW.fuel_prices
    WHERE REGULAR_GASOLINE_PRICE IS NOT NULL
      AND REGION = 'US_NATIONAL'
)

SELECT
    WEEK_DATE,
    REGION,
    REGULAR_GASOLINE_PRICE,
    MIDGRADE_GASOLINE_PRICE,
    PREMIUM_GASOLINE_PRICE,
    DIESEL_PRICE,

    -- 4-week rolling averages (~1 month)
    ROUND(AVG(REGULAR_GASOLINE_PRICE) OVER (
        PARTITION BY REGION ORDER BY WEEK_DATE
        ROWS BETWEEN 3 PRECEDING AND CURRENT ROW
    ), 4) AS REGULAR_4WK_AVG,

    ROUND(AVG(DIESEL_PRICE) OVER (
        PARTITION BY REGION ORDER BY WEEK_DATE
        ROWS BETWEEN 3 PRECEDING AND CURRENT ROW
    ), 4) AS DIESEL_4WK_AVG,

    -- 12-week rolling averages (~3 months)
    ROUND(AVG(REGULAR_GASOLINE_PRICE) OVER (
        PARTITION BY REGION ORDER BY WEEK_DATE
        ROWS BETWEEN 11 PRECEDING AND CURRENT ROW
    ), 4) AS REGULAR_12WK_AVG,

    ROUND(AVG(DIESEL_PRICE) OVER (
        PARTITION BY REGION ORDER BY WEEK_DATE
        ROWS BETWEEN 11 PRECEDING AND CURRENT ROW
    ), 4) AS DIESEL_12WK_AVG,

    -- 52-week rolling averages (~1 year)
    ROUND(AVG(REGULAR_GASOLINE_PRICE) OVER (
        PARTITION BY REGION ORDER BY WEEK_DATE
        ROWS BETWEEN 51 PRECEDING AND CURRENT ROW
    ), 4) AS REGULAR_52WK_AVG,

    ROUND(AVG(DIESEL_PRICE) OVER (
        PARTITION BY REGION ORDER BY WEEK_DATE
        ROWS BETWEEN 51 PRECEDING AND CURRENT ROW
    ), 4) AS DIESEL_52WK_AVG,

    -- Price spreads
    ROUND(PREMIUM_GASOLINE_PRICE - REGULAR_GASOLINE_PRICE, 4) AS PREMIUM_SPREAD,
    ROUND(DIESEL_PRICE           - REGULAR_GASOLINE_PRICE, 4) AS DIESEL_SPREAD

FROM base
ORDER BY WEEK_DATE
    )

/* {"app": "dbt", "dbt_version": "1.11.8", "profile_name": "fuel_analytics", "target_name": "dev", "node_id": "model.fuel_analytics.price_moving_avg"} */;
[0m00:40:32.441010 [debug] [Thread-2 (]: SQL status: SUCCESS 200 in 0.889 seconds
[0m00:40:32.445605 [debug] [Thread-2 (]: Sending event: {'category': 'dbt', 'action': 'run_model', 'label': '8fa0daea-2bea-4649-8629-ba4972c4a548', 'context': [<snowplow_tracker.self_describing_json.SelfDescribingJson object at 0x16a4d6240>]}
[0m00:40:32.447785 [info ] [Thread-2 (]: 2 of 4 OK created sql table model dbt.price_moving_avg ......................... [[32mSUCCESS 200[0m in 0.90s]
[0m00:40:32.449006 [debug] [Thread-2 (]: Finished running node model.fuel_analytics.price_moving_avg
[0m00:40:32.449675 [debug] [Thread-2 (]: Began running node model.fuel_analytics.price_volatility
[0m00:40:32.450523 [info ] [Thread-2 (]: 3 of 4 START sql table model dbt.price_volatility .............................. [RUN]
[0m00:40:32.451339 [debug] [Thread-2 (]: Re-using an available connection from the pool (formerly model.fuel_analytics.price_moving_avg, now model.fuel_analytics.price_volatility)
[0m00:40:32.451818 [debug] [Thread-2 (]: Began compiling node model.fuel_analytics.price_volatility
[0m00:40:32.457775 [debug] [Thread-2 (]: Writing injected SQL for node "model.fuel_analytics.price_volatility"
[0m00:40:32.459062 [debug] [Thread-2 (]: Began executing node model.fuel_analytics.price_volatility
[0m00:40:32.462499 [debug] [Thread-2 (]: Writing runtime sql for node "model.fuel_analytics.price_volatility"
[0m00:40:32.465188 [debug] [Thread-2 (]: Using snowflake connection "model.fuel_analytics.price_volatility"
[0m00:40:32.465719 [debug] [Thread-2 (]: On model.fuel_analytics.price_volatility: create or replace transient table USER_DB_BOA.dbt.price_volatility
    
    
    
    as (-- models/price_volatility.sql
-- ================================================
-- PURPOSE:
--   Week-over-week price changes, % changes,
--   rolling standard deviation, price direction
--   and volatility labels.
--
-- SOURCE TABLE: USER_DB_FERRET.RAW.FUEL_PRICES
-- OUTPUT TABLE: USER_DB_FERRET.DBT.PRICE_VOLATILITY
-- ================================================



WITH base AS (
    SELECT
        WEEK_DATE,
        REGION,
        REGULAR_GASOLINE_PRICE,
        DIESEL_PRICE,
        LAG(REGULAR_GASOLINE_PRICE) OVER (
            PARTITION BY REGION ORDER BY WEEK_DATE
        ) AS PREV_WEEK_REGULAR,
        LAG(DIESEL_PRICE) OVER (
            PARTITION BY REGION ORDER BY WEEK_DATE
        ) AS PREV_WEEK_DIESEL
    FROM USER_DB_BOA.RAW.fuel_prices
    WHERE REGULAR_GASOLINE_PRICE IS NOT NULL
      AND REGION = 'US_NATIONAL'
),

with_changes AS (
    SELECT
        WEEK_DATE,
        REGION,
        REGULAR_GASOLINE_PRICE,
        DIESEL_PRICE,

        -- Dollar change week over week
        ROUND(REGULAR_GASOLINE_PRICE - PREV_WEEK_REGULAR, 4) AS REGULAR_WOW_CHANGE,
        ROUND(DIESEL_PRICE           - PREV_WEEK_DIESEL,  4) AS DIESEL_WOW_CHANGE,

        -- Percentage change week over week
        CASE
            WHEN PREV_WEEK_REGULAR > 0
            THEN ROUND(
                ((REGULAR_GASOLINE_PRICE - PREV_WEEK_REGULAR) / PREV_WEEK_REGULAR) * 100,
                4)
            ELSE NULL
        END AS REGULAR_WOW_PCT_CHANGE,

        -- All-time historical average for this region
        AVG(REGULAR_GASOLINE_PRICE) OVER (
            PARTITION BY REGION
        ) AS HIST_AVG_REGULAR,

        -- 12-week rolling standard deviation (volatility measure)
        STDDEV(REGULAR_GASOLINE_PRICE) OVER (
            PARTITION BY REGION ORDER BY WEEK_DATE
            ROWS BETWEEN 11 PRECEDING AND CURRENT ROW
        ) AS ROLLING_12WK_STDDEV

    FROM base
)

SELECT
    WEEK_DATE,
    REGION,
    REGULAR_GASOLINE_PRICE,
    DIESEL_PRICE,
    REGULAR_WOW_CHANGE,
    DIESEL_WOW_CHANGE,
    REGULAR_WOW_PCT_CHANGE,
    ROUND(HIST_AVG_REGULAR, 4) AS HIST_AVG_REGULAR,

    -- How far above/below the historical average
    ROUND(REGULAR_GASOLINE_PRICE - HIST_AVG_REGULAR, 4) AS PRICE_ANOMALY,

    ROUND(ROLLING_12WK_STDDEV, 4) AS ROLLING_12WK_STDDEV,

    -- Price direction label
    CASE
        WHEN REGULAR_WOW_CHANGE >  0.05 THEN 'Rising'
        WHEN REGULAR_WOW_CHANGE < -0.05 THEN 'Falling'
        ELSE 'Stable'
    END AS PRICE_DIRECTION,

    -- Volatility label
    CASE
        WHEN ROLLING_12WK_STDDEV > 0.30 THEN 'High Volatility'
        WHEN ROLLING_12WK_STDDEV > 0.15 THEN 'Moderate Volatility'
        ELSE 'Low Volatility'
    END AS VOLATILITY_LABEL

FROM with_changes
ORDER BY WEEK_DATE
    )

/* {"app": "dbt", "dbt_version": "1.11.8", "profile_name": "fuel_analytics", "target_name": "dev", "node_id": "model.fuel_analytics.price_volatility"} */;
[0m00:40:33.599088 [debug] [Thread-2 (]: SQL status: SUCCESS 200 in 1.133 seconds
[0m00:40:33.604612 [debug] [Thread-2 (]: Sending event: {'category': 'dbt', 'action': 'run_model', 'label': '8fa0daea-2bea-4649-8629-ba4972c4a548', 'context': [<snowplow_tracker.self_describing_json.SelfDescribingJson object at 0x16a037290>]}
[0m00:40:33.605771 [info ] [Thread-2 (]: 3 of 4 OK created sql table model dbt.price_volatility ......................... [[32mSUCCESS 200[0m in 1.15s]
[0m00:40:33.606838 [debug] [Thread-2 (]: Finished running node model.fuel_analytics.price_volatility
[0m00:40:33.607535 [debug] [Thread-2 (]: Began running node model.fuel_analytics.regional_comparison
[0m00:40:33.608226 [info ] [Thread-2 (]: 4 of 4 START sql table model dbt.regional_comparison ........................... [RUN]
[0m00:40:33.608889 [debug] [Thread-2 (]: Re-using an available connection from the pool (formerly model.fuel_analytics.price_volatility, now model.fuel_analytics.regional_comparison)
[0m00:40:33.609326 [debug] [Thread-2 (]: Began compiling node model.fuel_analytics.regional_comparison
[0m00:40:33.615105 [debug] [Thread-2 (]: Writing injected SQL for node "model.fuel_analytics.regional_comparison"
[0m00:40:33.616348 [debug] [Thread-2 (]: Began executing node model.fuel_analytics.regional_comparison
[0m00:40:33.619344 [debug] [Thread-2 (]: Writing runtime sql for node "model.fuel_analytics.regional_comparison"
[0m00:40:33.621623 [debug] [Thread-2 (]: Using snowflake connection "model.fuel_analytics.regional_comparison"
[0m00:40:33.622100 [debug] [Thread-2 (]: On model.fuel_analytics.regional_comparison: create or replace transient table USER_DB_BOA.dbt.regional_comparison
    
    
    
    as (-- models/regional_comparison.sql
-- ================================================
-- PURPOSE:
--   Compares each PADD region's gasoline price
--   against the U.S. national average.
--   Shows which regions are cheapest/most expensive.
--
-- SOURCE TABLES:
--   USER_DB_FERRET.RAW.FUEL_PRICES           (national)
--   USER_DB_FERRET.RAW.REGIONAL_FUEL_PRICES  (regional)
-- OUTPUT TABLE:
--   USER_DB_FERRET.DBT.REGIONAL_COMPARISON
-- ================================================



WITH regional AS (
    SELECT
        WEEK_DATE,
        REGION,
        PRICE AS REGIONAL_PRICE
    FROM USER_DB_BOA.RAW.regional_fuel_prices
    WHERE FUEL_TYPE = 'REGULAR_GASOLINE'
      AND PRICE IS NOT NULL
),

national AS (
    SELECT
        WEEK_DATE,
        REGULAR_GASOLINE_PRICE AS NATIONAL_PRICE
    FROM USER_DB_BOA.RAW.fuel_prices
    WHERE REGION = 'US_NATIONAL'
      AND REGULAR_GASOLINE_PRICE IS NOT NULL
),

joined AS (
    SELECT
        r.WEEK_DATE,
        r.REGION,
        r.REGIONAL_PRICE,
        n.NATIONAL_PRICE,
        ROUND(r.REGIONAL_PRICE - n.NATIONAL_PRICE, 4) AS PRICE_SPREAD,
        CASE
            WHEN n.NATIONAL_PRICE > 0
            THEN ROUND(
                ((r.REGIONAL_PRICE - n.NATIONAL_PRICE) / n.NATIONAL_PRICE) * 100,
                2)
            ELSE NULL
        END AS PRICE_SPREAD_PCT
    FROM regional r
    LEFT JOIN national n ON r.WEEK_DATE = n.WEEK_DATE
)

SELECT
    WEEK_DATE,
    REGION,
    REGIONAL_PRICE,
    NATIONAL_PRICE,
    PRICE_SPREAD,
    PRICE_SPREAD_PCT,

    -- 4-week rolling average regional price
    ROUND(AVG(REGIONAL_PRICE) OVER (
        PARTITION BY REGION ORDER BY WEEK_DATE
        ROWS BETWEEN 3 PRECEDING AND CURRENT ROW
    ), 4) AS REGIONAL_4WK_AVG,

    -- Running maximum spread seen so far for this region
    ROUND(MAX(PRICE_SPREAD) OVER (
        PARTITION BY REGION ORDER BY WEEK_DATE
        ROWS BETWEEN UNBOUNDED PRECEDING AND CURRENT ROW
    ), 4) AS MAX_SPREAD_SEEN,

    -- Price category label
    CASE
        WHEN PRICE_SPREAD >  0.30 THEN 'Significantly Above Average'
        WHEN PRICE_SPREAD >  0.10 THEN 'Above Average'
        WHEN PRICE_SPREAD > -0.10 THEN 'Near National Average'
        WHEN PRICE_SPREAD > -0.30 THEN 'Below Average'
        ELSE 'Significantly Below Average'
    END AS PRICE_CATEGORY

FROM joined
ORDER BY WEEK_DATE, REGION
    )

/* {"app": "dbt", "dbt_version": "1.11.8", "profile_name": "fuel_analytics", "target_name": "dev", "node_id": "model.fuel_analytics.regional_comparison"} */;
[0m00:40:34.931547 [debug] [Thread-2 (]: SQL status: SUCCESS 624 in 1.309 seconds
[0m00:40:34.935968 [debug] [Thread-2 (]: Sending event: {'category': 'dbt', 'action': 'run_model', 'label': '8fa0daea-2bea-4649-8629-ba4972c4a548', 'context': [<snowplow_tracker.self_describing_json.SelfDescribingJson object at 0x13fbc5d30>]}
[0m00:40:34.936925 [info ] [Thread-2 (]: 4 of 4 OK created sql table model dbt.regional_comparison ...................... [[32mSUCCESS 624[0m in 1.33s]
[0m00:40:34.937673 [debug] [Thread-2 (]: Finished running node model.fuel_analytics.regional_comparison
[0m00:40:34.939540 [debug] [MainThread]: Connection 'master' was properly closed.
[0m00:40:34.940136 [debug] [MainThread]: Connection 'model.fuel_analytics.regional_comparison' was left open.
[0m00:40:34.940501 [debug] [MainThread]: On model.fuel_analytics.regional_comparison: Close
[0m00:40:35.057803 [info ] [MainThread]: 
[0m00:40:35.058774 [info ] [MainThread]: Finished running 4 table models in 0 hours 0 minutes and 7.31 seconds (7.31s).
[0m00:40:35.060887 [debug] [MainThread]: Command end result
[0m00:40:35.097783 [debug] [MainThread]: Wrote artifact WritableManifest to ./target/manifest.json
[0m00:40:35.098962 [debug] [MainThread]: Wrote artifact SemanticManifest to ./target/semantic_manifest.json
[0m00:40:35.102672 [debug] [MainThread]: Wrote artifact RunExecutionResult to ./target/run_results.json
[0m00:40:35.102875 [info ] [MainThread]: 
[0m00:40:35.103099 [info ] [MainThread]: [32mCompleted successfully[0m
[0m00:40:35.103270 [info ] [MainThread]: 
[0m00:40:35.103448 [info ] [MainThread]: Done. PASS=4 WARN=0 ERROR=0 SKIP=0 NO-OP=0 TOTAL=4
[0m00:40:35.103751 [warn ] [MainThread]: [[33mWARNING[0m][DeprecationsSummary]: Deprecated functionality
Summary of encountered deprecations:
- MissingArgumentsPropertyInGenericTestDeprecation: 9 occurrences
To see all deprecation instances instead of just the first occurrence of each,
run command again with the `--show-all-deprecations` flag. You may also need to
run with `--no-partial-parse` as some deprecations are only encountered during
parsing.
[0m00:40:35.108469 [debug] [MainThread]: Resource report: {"command_name": "run", "command_success": true, "command_wall_clock_time": 9.172816, "process_in_blocks": "0", "process_kernel_time": 0.796297, "process_mem_max_rss": "250855424", "process_out_blocks": "0", "process_user_time": 4.800199}
[0m00:40:35.108775 [debug] [MainThread]: Command `dbt run` succeeded at 00:40:35.108719 after 9.17 seconds
[0m00:40:35.108987 [debug] [MainThread]: Sending event: {'category': 'dbt', 'action': 'invocation', 'label': 'end', 'context': [<snowplow_tracker.self_describing_json.SelfDescribingJson object at 0x10a4f31d0>, <snowplow_tracker.self_describing_json.SelfDescribingJson object at 0x10a4f3200>, <snowplow_tracker.self_describing_json.SelfDescribingJson object at 0x10a4f31a0>]}
[0m00:40:35.109202 [debug] [MainThread]: Flushing usage events
[0m00:40:35.488270 [debug] [MainThread]: An error was encountered while trying to flush usage events
[0m00:40:55.899465 [debug] [MainThread]: Sending event: {'category': 'dbt', 'action': 'invocation', 'label': 'start', 'context': [<snowplow_tracker.self_describing_json.SelfDescribingJson object at 0x107e97a40>, <snowplow_tracker.self_describing_json.SelfDescribingJson object at 0x1098f3080>, <snowplow_tracker.self_describing_json.SelfDescribingJson object at 0x1098f2cf0>]}


============================== 00:40:55.902204 | e3c4cb0a-9542-45df-bc66-08dba52ffda6 ==============================
[0m00:40:55.902204 [info ] [MainThread]: Running with dbt=1.11.8
[0m00:40:55.902541 [debug] [MainThread]: running dbt with arguments {'version_check': 'True', 'profiles_dir': '.', 'static_parser': 'True', 'empty': 'None', 'log_format': 'default', 'use_experimental_parser': 'False', 'partial_parse': 'True', 'no_print': 'None', 'invocation_command': 'dbt test --profiles-dir . --project-dir .', 'indirect_selection': 'eager', 'write_json': 'True', 'printer_width': '80', 'log_path': 'logs', 'send_anonymous_usage_stats': 'True', 'log_cache_events': 'False', 'warn_error_options': 'WarnErrorOptionsV2(error=[], warn=[], silence=[])', 'fail_fast': 'False', 'debug': 'False', 'quiet': 'False', 'target_path': 'None', 'introspect': 'True', 'cache_selected_only': 'False', 'warn_error': 'None', 'use_colors': 'True'}
[0m00:40:56.637232 [debug] [MainThread]: Snowflake adapter: Setting snowflake.connector to ERROR (file logging only)
[0m00:40:56.637504 [debug] [MainThread]: Snowflake adapter: Setting botocore to ERROR (file logging only)
[0m00:40:56.637644 [debug] [MainThread]: Snowflake adapter: Setting boto3 to ERROR (file logging only)
[0m00:40:56.730249 [debug] [MainThread]: Sending event: {'category': 'dbt', 'action': 'project_id', 'label': 'e3c4cb0a-9542-45df-bc66-08dba52ffda6', 'context': [<snowplow_tracker.self_describing_json.SelfDescribingJson object at 0x15f9c8b30>]}
[0m00:40:56.759051 [debug] [MainThread]: Sending event: {'category': 'dbt', 'action': 'adapter_info', 'label': 'e3c4cb0a-9542-45df-bc66-08dba52ffda6', 'context': [<snowplow_tracker.self_describing_json.SelfDescribingJson object at 0x15fa408f0>]}
[0m00:40:56.759550 [info ] [MainThread]: Registered adapter: snowflake=1.11.4
[0m00:40:56.813517 [debug] [MainThread]: checksum: 7d524ac048c2100769df89d592e662e060a73ca564e31bd9c2a37efdfe8d8ab6, vars: {}, profile: , target: , version: 1.11.8
[0m00:40:56.932504 [debug] [MainThread]: Partial parsing enabled: 0 files deleted, 0 files added, 0 files changed.
[0m00:40:56.932739 [debug] [MainThread]: Nothing changed, skipping partial parsing.
[0m00:40:56.932867 [debug] [MainThread]: Partial parsing enabled, no changes found, skipping parsing
[0m00:40:56.955347 [debug] [MainThread]: Sending event: {'category': 'dbt', 'action': 'load_project', 'label': 'e3c4cb0a-9542-45df-bc66-08dba52ffda6', 'context': [<snowplow_tracker.self_describing_json.SelfDescribingJson object at 0x15fe2d8b0>]}
[0m00:40:56.997359 [debug] [MainThread]: Wrote artifact WritableManifest to ./target/manifest.json
[0m00:40:56.998318 [debug] [MainThread]: Wrote artifact SemanticManifest to ./target/semantic_manifest.json
[0m00:40:57.008239 [debug] [MainThread]: Sending event: {'category': 'dbt', 'action': 'resource_counts', 'label': 'e3c4cb0a-9542-45df-bc66-08dba52ffda6', 'context': [<snowplow_tracker.self_describing_json.SelfDescribingJson object at 0x160245b50>]}
[0m00:40:57.008459 [info ] [MainThread]: Found 4 models, 1 snapshot, 31 data tests, 3 sources, 523 macros
[0m00:40:57.008618 [debug] [MainThread]: Sending event: {'category': 'dbt', 'action': 'runnable_timing', 'label': 'e3c4cb0a-9542-45df-bc66-08dba52ffda6', 'context': [<snowplow_tracker.self_describing_json.SelfDescribingJson object at 0x15fb55c10>]}
[0m00:40:57.009836 [info ] [MainThread]: 
[0m00:40:57.009981 [info ] [MainThread]: Concurrency: 1 threads (target='dev')
[0m00:40:57.010096 [info ] [MainThread]: 
[0m00:40:57.010304 [debug] [MainThread]: Acquiring new snowflake connection 'master'
[0m00:40:57.012046 [debug] [ThreadPool]: Acquiring new snowflake connection 'list_USER_DB_FERRET_DBT'
[0m00:40:57.042670 [debug] [ThreadPool]: Using snowflake connection "list_USER_DB_FERRET_DBT"
[0m00:40:57.042859 [debug] [ThreadPool]: On list_USER_DB_FERRET_DBT: show objects in USER_DB_FERRET.DBT
    limit 10000
    

/* {"app": "dbt", "dbt_version": "1.11.8", "profile_name": "fuel_analytics", "target_name": "dev", "connection_name": "list_USER_DB_FERRET_DBT"} */;
[0m00:40:57.042974 [debug] [ThreadPool]: Opening a new connection, currently in state init
[0m00:40:57.853820 [debug] [ThreadPool]: SQL status: SUCCESS 10 in 0.811 seconds
[0m00:40:57.857603 [debug] [ThreadPool]: Re-using an available connection from the pool (formerly list_USER_DB_FERRET_DBT, now list_USER_DB_BOA_dbt)
[0m00:40:57.862242 [debug] [ThreadPool]: Using snowflake connection "list_USER_DB_BOA_dbt"
[0m00:40:57.862637 [debug] [ThreadPool]: On list_USER_DB_BOA_dbt: show objects in USER_DB_BOA.dbt
    limit 10000
    

/* {"app": "dbt", "dbt_version": "1.11.8", "profile_name": "fuel_analytics", "target_name": "dev", "connection_name": "list_USER_DB_BOA_dbt"} */;
[0m00:40:58.091621 [debug] [ThreadPool]: SQL status: SUCCESS 4 in 0.228 seconds
[0m00:40:58.096180 [debug] [MainThread]: Sending event: {'category': 'dbt', 'action': 'runnable_timing', 'label': 'e3c4cb0a-9542-45df-bc66-08dba52ffda6', 'context': [<snowplow_tracker.self_describing_json.SelfDescribingJson object at 0x160203dd0>]}
[0m00:40:58.100929 [debug] [Thread-2 (]: Began running node test.fuel_analytics.accepted_values_crude_correlation_MARGIN_CATEGORY__Wide_Margin__Normal_Margin__Tight_Margin.d5d2a31d93
[0m00:40:58.101454 [info ] [Thread-2 (]: 1 of 31 START test accepted_values_crude_correlation_MARGIN_CATEGORY__Wide_Margin__Normal_Margin__Tight_Margin  [RUN]
[0m00:40:58.101988 [debug] [Thread-2 (]: Re-using an available connection from the pool (formerly list_USER_DB_BOA_dbt, now test.fuel_analytics.accepted_values_crude_correlation_MARGIN_CATEGORY__Wide_Margin__Normal_Margin__Tight_Margin.d5d2a31d93)
[0m00:40:58.102387 [debug] [Thread-2 (]: Began compiling node test.fuel_analytics.accepted_values_crude_correlation_MARGIN_CATEGORY__Wide_Margin__Normal_Margin__Tight_Margin.d5d2a31d93
[0m00:40:58.119214 [debug] [Thread-2 (]: Writing injected SQL for node "test.fuel_analytics.accepted_values_crude_correlation_MARGIN_CATEGORY__Wide_Margin__Normal_Margin__Tight_Margin.d5d2a31d93"
[0m00:40:58.120379 [debug] [Thread-2 (]: Began executing node test.fuel_analytics.accepted_values_crude_correlation_MARGIN_CATEGORY__Wide_Margin__Normal_Margin__Tight_Margin.d5d2a31d93
[0m00:40:58.135893 [debug] [Thread-2 (]: Writing runtime sql for node "test.fuel_analytics.accepted_values_crude_correlation_MARGIN_CATEGORY__Wide_Margin__Normal_Margin__Tight_Margin.d5d2a31d93"
[0m00:40:58.137179 [debug] [Thread-2 (]: Using snowflake connection "test.fuel_analytics.accepted_values_crude_correlation_MARGIN_CATEGORY__Wide_Margin__Normal_Margin__Tight_Margin.d5d2a31d93"
[0m00:40:58.137389 [debug] [Thread-2 (]: On test.fuel_analytics.accepted_values_crude_correlation_MARGIN_CATEGORY__Wide_Margin__Normal_Margin__Tight_Margin.d5d2a31d93: select
      count(*) as failures,
      count(*) != 0 as should_warn,
      count(*) != 0 as should_error
    from (
      
    
  
    
    

with all_values as (

    select
        MARGIN_CATEGORY as value_field,
        count(*) as n_records

    from USER_DB_BOA.dbt.crude_correlation
    group by MARGIN_CATEGORY

)

select *
from all_values
where value_field not in (
    'Wide Margin','Normal Margin','Tight Margin'
)



  
  
      
    ) dbt_internal_test
/* {"app": "dbt", "dbt_version": "1.11.8", "profile_name": "fuel_analytics", "target_name": "dev", "node_id": "test.fuel_analytics.accepted_values_crude_correlation_MARGIN_CATEGORY__Wide_Margin__Normal_Margin__Tight_Margin.d5d2a31d93"} */
[0m00:40:58.584612 [debug] [Thread-2 (]: SQL status: SUCCESS 1 in 0.446 seconds
[0m00:40:58.597349 [info ] [Thread-2 (]: 1 of 31 PASS accepted_values_crude_correlation_MARGIN_CATEGORY__Wide_Margin__Normal_Margin__Tight_Margin  [[32mPASS[0m in 0.50s]
[0m00:40:58.598025 [debug] [Thread-2 (]: Finished running node test.fuel_analytics.accepted_values_crude_correlation_MARGIN_CATEGORY__Wide_Margin__Normal_Margin__Tight_Margin.d5d2a31d93
[0m00:40:58.598376 [debug] [Thread-2 (]: Began running node test.fuel_analytics.accepted_values_price_volatility_PRICE_DIRECTION__Rising__Falling__Stable.8f45404212
[0m00:40:58.598780 [info ] [Thread-2 (]: 2 of 31 START test accepted_values_price_volatility_PRICE_DIRECTION__Rising__Falling__Stable  [RUN]
[0m00:40:58.599260 [debug] [Thread-2 (]: Re-using an available connection from the pool (formerly test.fuel_analytics.accepted_values_crude_correlation_MARGIN_CATEGORY__Wide_Margin__Normal_Margin__Tight_Margin.d5d2a31d93, now test.fuel_analytics.accepted_values_price_volatility_PRICE_DIRECTION__Rising__Falling__Stable.8f45404212)
[0m00:40:58.599587 [debug] [Thread-2 (]: Began compiling node test.fuel_analytics.accepted_values_price_volatility_PRICE_DIRECTION__Rising__Falling__Stable.8f45404212
[0m00:40:58.604464 [debug] [Thread-2 (]: Writing injected SQL for node "test.fuel_analytics.accepted_values_price_volatility_PRICE_DIRECTION__Rising__Falling__Stable.8f45404212"
[0m00:40:58.605265 [debug] [Thread-2 (]: Began executing node test.fuel_analytics.accepted_values_price_volatility_PRICE_DIRECTION__Rising__Falling__Stable.8f45404212
[0m00:40:58.607196 [debug] [Thread-2 (]: Writing runtime sql for node "test.fuel_analytics.accepted_values_price_volatility_PRICE_DIRECTION__Rising__Falling__Stable.8f45404212"
[0m00:40:58.608199 [debug] [Thread-2 (]: Using snowflake connection "test.fuel_analytics.accepted_values_price_volatility_PRICE_DIRECTION__Rising__Falling__Stable.8f45404212"
[0m00:40:58.608473 [debug] [Thread-2 (]: On test.fuel_analytics.accepted_values_price_volatility_PRICE_DIRECTION__Rising__Falling__Stable.8f45404212: select
      count(*) as failures,
      count(*) != 0 as should_warn,
      count(*) != 0 as should_error
    from (
      
    
  
    
    

with all_values as (

    select
        PRICE_DIRECTION as value_field,
        count(*) as n_records

    from USER_DB_BOA.dbt.price_volatility
    group by PRICE_DIRECTION

)

select *
from all_values
where value_field not in (
    'Rising','Falling','Stable'
)



  
  
      
    ) dbt_internal_test
/* {"app": "dbt", "dbt_version": "1.11.8", "profile_name": "fuel_analytics", "target_name": "dev", "node_id": "test.fuel_analytics.accepted_values_price_volatility_PRICE_DIRECTION__Rising__Falling__Stable.8f45404212"} */
[0m00:40:58.980862 [debug] [Thread-2 (]: SQL status: SUCCESS 1 in 0.372 seconds
[0m00:40:58.985654 [info ] [Thread-2 (]: 2 of 31 PASS accepted_values_price_volatility_PRICE_DIRECTION__Rising__Falling__Stable  [[32mPASS[0m in 0.39s]
[0m00:40:58.986761 [debug] [Thread-2 (]: Finished running node test.fuel_analytics.accepted_values_price_volatility_PRICE_DIRECTION__Rising__Falling__Stable.8f45404212
[0m00:40:58.987464 [debug] [Thread-2 (]: Began running node test.fuel_analytics.accepted_values_price_volatility_VOLATILITY_LABEL__High_Volatility__Moderate_Volatility__Low_Volatility.33b49ee868
[0m00:40:58.988205 [info ] [Thread-2 (]: 3 of 31 START test accepted_values_price_volatility_VOLATILITY_LABEL__High_Volatility__Moderate_Volatility__Low_Volatility  [RUN]
[0m00:40:58.988850 [debug] [Thread-2 (]: Re-using an available connection from the pool (formerly test.fuel_analytics.accepted_values_price_volatility_PRICE_DIRECTION__Rising__Falling__Stable.8f45404212, now test.fuel_analytics.accepted_values_price_volatility_VOLATILITY_LABEL__High_Volatility__Moderate_Volatility__Low_Volatility.33b49ee868)
[0m00:40:58.989335 [debug] [Thread-2 (]: Began compiling node test.fuel_analytics.accepted_values_price_volatility_VOLATILITY_LABEL__High_Volatility__Moderate_Volatility__Low_Volatility.33b49ee868
[0m00:40:59.000744 [debug] [Thread-2 (]: Writing injected SQL for node "test.fuel_analytics.accepted_values_price_volatility_VOLATILITY_LABEL__High_Volatility__Moderate_Volatility__Low_Volatility.33b49ee868"
[0m00:40:59.002869 [debug] [Thread-2 (]: Began executing node test.fuel_analytics.accepted_values_price_volatility_VOLATILITY_LABEL__High_Volatility__Moderate_Volatility__Low_Volatility.33b49ee868
[0m00:40:59.006022 [debug] [Thread-2 (]: Writing runtime sql for node "test.fuel_analytics.accepted_values_price_volatility_VOLATILITY_LABEL__High_Volatility__Moderate_Volatility__Low_Volatility.33b49ee868"
[0m00:40:59.007441 [debug] [Thread-2 (]: Using snowflake connection "test.fuel_analytics.accepted_values_price_volatility_VOLATILITY_LABEL__High_Volatility__Moderate_Volatility__Low_Volatility.33b49ee868"
[0m00:40:59.007799 [debug] [Thread-2 (]: On test.fuel_analytics.accepted_values_price_volatility_VOLATILITY_LABEL__High_Volatility__Moderate_Volatility__Low_Volatility.33b49ee868: select
      count(*) as failures,
      count(*) != 0 as should_warn,
      count(*) != 0 as should_error
    from (
      
    
  
    
    

with all_values as (

    select
        VOLATILITY_LABEL as value_field,
        count(*) as n_records

    from USER_DB_BOA.dbt.price_volatility
    group by VOLATILITY_LABEL

)

select *
from all_values
where value_field not in (
    'High Volatility','Moderate Volatility','Low Volatility'
)



  
  
      
    ) dbt_internal_test
/* {"app": "dbt", "dbt_version": "1.11.8", "profile_name": "fuel_analytics", "target_name": "dev", "node_id": "test.fuel_analytics.accepted_values_price_volatility_VOLATILITY_LABEL__High_Volatility__Moderate_Volatility__Low_Volatility.33b49ee868"} */
[0m00:40:59.301383 [debug] [Thread-2 (]: SQL status: SUCCESS 1 in 0.293 seconds
[0m00:40:59.305924 [info ] [Thread-2 (]: 3 of 31 PASS accepted_values_price_volatility_VOLATILITY_LABEL__High_Volatility__Moderate_Volatility__Low_Volatility  [[32mPASS[0m in 0.32s]
[0m00:40:59.306629 [debug] [Thread-2 (]: Finished running node test.fuel_analytics.accepted_values_price_volatility_VOLATILITY_LABEL__High_Volatility__Moderate_Volatility__Low_Volatility.33b49ee868
[0m00:40:59.307020 [debug] [Thread-2 (]: Began running node test.fuel_analytics.accepted_values_regional_comparison_PRICE_CATEGORY__Significantly_Above_Average__Above_Average__Near_National_Average__Below_Average__Significantly_Below_Average.e2dd40c6cf
[0m00:40:59.307507 [info ] [Thread-2 (]: 4 of 31 START test accepted_values_regional_comparison_PRICE_CATEGORY__Significantly_Above_Average__Above_Average__Near_National_Average__Below_Average__Significantly_Below_Average  [RUN]
[0m00:40:59.308042 [debug] [Thread-2 (]: Re-using an available connection from the pool (formerly test.fuel_analytics.accepted_values_price_volatility_VOLATILITY_LABEL__High_Volatility__Moderate_Volatility__Low_Volatility.33b49ee868, now test.fuel_analytics.accepted_values_regional_comparison_PRICE_CATEGORY__Significantly_Above_Average__Above_Average__Near_National_Average__Below_Average__Significantly_Below_Average.e2dd40c6cf)
[0m00:40:59.308436 [debug] [Thread-2 (]: Began compiling node test.fuel_analytics.accepted_values_regional_comparison_PRICE_CATEGORY__Significantly_Above_Average__Above_Average__Near_National_Average__Below_Average__Significantly_Below_Average.e2dd40c6cf
[0m00:40:59.314920 [debug] [Thread-2 (]: Writing injected SQL for node "test.fuel_analytics.accepted_values_regional_comparison_PRICE_CATEGORY__Significantly_Above_Average__Above_Average__Near_National_Average__Below_Average__Significantly_Below_Average.e2dd40c6cf"
[0m00:40:59.315818 [debug] [Thread-2 (]: Began executing node test.fuel_analytics.accepted_values_regional_comparison_PRICE_CATEGORY__Significantly_Above_Average__Above_Average__Near_National_Average__Below_Average__Significantly_Below_Average.e2dd40c6cf
[0m00:40:59.318093 [debug] [Thread-2 (]: Writing runtime sql for node "test.fuel_analytics.accepted_values_regional_comparison_PRICE_CATEGORY__Significantly_Above_Average__Above_Average__Near_National_Average__Below_Average__Significantly_Below_Average.e2dd40c6cf"
[0m00:40:59.318949 [debug] [Thread-2 (]: Using snowflake connection "test.fuel_analytics.accepted_values_regional_comparison_PRICE_CATEGORY__Significantly_Above_Average__Above_Average__Near_National_Average__Below_Average__Significantly_Below_Average.e2dd40c6cf"
[0m00:40:59.319527 [debug] [Thread-2 (]: On test.fuel_analytics.accepted_values_regional_comparison_PRICE_CATEGORY__Significantly_Above_Average__Above_Average__Near_National_Average__Below_Average__Significantly_Below_Average.e2dd40c6cf: select
      count(*) as failures,
      count(*) != 0 as should_warn,
      count(*) != 0 as should_error
    from (
      
    
  
    
    

with all_values as (

    select
        PRICE_CATEGORY as value_field,
        count(*) as n_records

    from USER_DB_BOA.dbt.regional_comparison
    group by PRICE_CATEGORY

)

select *
from all_values
where value_field not in (
    'Significantly Above Average','Above Average','Near National Average','Below Average','Significantly Below Average'
)



  
  
      
    ) dbt_internal_test
/* {"app": "dbt", "dbt_version": "1.11.8", "profile_name": "fuel_analytics", "target_name": "dev", "node_id": "test.fuel_analytics.accepted_values_regional_comparison_PRICE_CATEGORY__Significantly_Above_Average__Above_Average__Near_National_Average__Below_Average__Significantly_Below_Average.e2dd40c6cf"} */
[0m00:40:59.675328 [debug] [Thread-2 (]: SQL status: SUCCESS 1 in 0.355 seconds
[0m00:40:59.678893 [info ] [Thread-2 (]: 4 of 31 PASS accepted_values_regional_comparison_PRICE_CATEGORY__Significantly_Above_Average__Above_Average__Near_National_Average__Below_Average__Significantly_Below_Average  [[32mPASS[0m in 0.37s]
[0m00:40:59.679596 [debug] [Thread-2 (]: Finished running node test.fuel_analytics.accepted_values_regional_comparison_PRICE_CATEGORY__Significantly_Above_Average__Above_Average__Near_National_Average__Below_Average__Significantly_Below_Average.e2dd40c6cf
[0m00:40:59.680036 [debug] [Thread-2 (]: Began running node test.fuel_analytics.not_null_crude_correlation_REGULAR_GASOLINE_PRICE.9a26d40959
[0m00:40:59.680523 [info ] [Thread-2 (]: 5 of 31 START test not_null_crude_correlation_REGULAR_GASOLINE_PRICE ........... [RUN]
[0m00:40:59.680997 [debug] [Thread-2 (]: Re-using an available connection from the pool (formerly test.fuel_analytics.accepted_values_regional_comparison_PRICE_CATEGORY__Significantly_Above_Average__Above_Average__Near_National_Average__Below_Average__Significantly_Below_Average.e2dd40c6cf, now test.fuel_analytics.not_null_crude_correlation_REGULAR_GASOLINE_PRICE.9a26d40959)
[0m00:40:59.681347 [debug] [Thread-2 (]: Began compiling node test.fuel_analytics.not_null_crude_correlation_REGULAR_GASOLINE_PRICE.9a26d40959
[0m00:40:59.688844 [debug] [Thread-2 (]: Writing injected SQL for node "test.fuel_analytics.not_null_crude_correlation_REGULAR_GASOLINE_PRICE.9a26d40959"
[0m00:40:59.689510 [debug] [Thread-2 (]: Began executing node test.fuel_analytics.not_null_crude_correlation_REGULAR_GASOLINE_PRICE.9a26d40959
[0m00:40:59.691676 [debug] [Thread-2 (]: Writing runtime sql for node "test.fuel_analytics.not_null_crude_correlation_REGULAR_GASOLINE_PRICE.9a26d40959"
[0m00:40:59.693055 [debug] [Thread-2 (]: Using snowflake connection "test.fuel_analytics.not_null_crude_correlation_REGULAR_GASOLINE_PRICE.9a26d40959"
[0m00:40:59.693342 [debug] [Thread-2 (]: On test.fuel_analytics.not_null_crude_correlation_REGULAR_GASOLINE_PRICE.9a26d40959: select
      count(*) as failures,
      count(*) != 0 as should_warn,
      count(*) != 0 as should_error
    from (
      
    
  
    
    



select REGULAR_GASOLINE_PRICE
from USER_DB_BOA.dbt.crude_correlation
where REGULAR_GASOLINE_PRICE is null



  
  
      
    ) dbt_internal_test
/* {"app": "dbt", "dbt_version": "1.11.8", "profile_name": "fuel_analytics", "target_name": "dev", "node_id": "test.fuel_analytics.not_null_crude_correlation_REGULAR_GASOLINE_PRICE.9a26d40959"} */
[0m00:40:59.902523 [debug] [Thread-2 (]: SQL status: SUCCESS 1 in 0.208 seconds
[0m00:40:59.905924 [info ] [Thread-2 (]: 5 of 31 PASS not_null_crude_correlation_REGULAR_GASOLINE_PRICE ................. [[32mPASS[0m in 0.22s]
[0m00:40:59.906625 [debug] [Thread-2 (]: Finished running node test.fuel_analytics.not_null_crude_correlation_REGULAR_GASOLINE_PRICE.9a26d40959
[0m00:40:59.906968 [debug] [Thread-2 (]: Began running node test.fuel_analytics.not_null_crude_correlation_WEEK_DATE.cb8c686171
[0m00:40:59.907444 [info ] [Thread-2 (]: 6 of 31 START test not_null_crude_correlation_WEEK_DATE ........................ [RUN]
[0m00:40:59.907986 [debug] [Thread-2 (]: Re-using an available connection from the pool (formerly test.fuel_analytics.not_null_crude_correlation_REGULAR_GASOLINE_PRICE.9a26d40959, now test.fuel_analytics.not_null_crude_correlation_WEEK_DATE.cb8c686171)
[0m00:40:59.908403 [debug] [Thread-2 (]: Began compiling node test.fuel_analytics.not_null_crude_correlation_WEEK_DATE.cb8c686171
[0m00:40:59.912749 [debug] [Thread-2 (]: Writing injected SQL for node "test.fuel_analytics.not_null_crude_correlation_WEEK_DATE.cb8c686171"
[0m00:40:59.913532 [debug] [Thread-2 (]: Began executing node test.fuel_analytics.not_null_crude_correlation_WEEK_DATE.cb8c686171
[0m00:40:59.915870 [debug] [Thread-2 (]: Writing runtime sql for node "test.fuel_analytics.not_null_crude_correlation_WEEK_DATE.cb8c686171"
[0m00:40:59.916664 [debug] [Thread-2 (]: Using snowflake connection "test.fuel_analytics.not_null_crude_correlation_WEEK_DATE.cb8c686171"
[0m00:40:59.916950 [debug] [Thread-2 (]: On test.fuel_analytics.not_null_crude_correlation_WEEK_DATE.cb8c686171: select
      count(*) as failures,
      count(*) != 0 as should_warn,
      count(*) != 0 as should_error
    from (
      
    
  
    
    



select WEEK_DATE
from USER_DB_BOA.dbt.crude_correlation
where WEEK_DATE is null



  
  
      
    ) dbt_internal_test
/* {"app": "dbt", "dbt_version": "1.11.8", "profile_name": "fuel_analytics", "target_name": "dev", "node_id": "test.fuel_analytics.not_null_crude_correlation_WEEK_DATE.cb8c686171"} */
[0m00:41:00.098399 [debug] [Thread-2 (]: SQL status: SUCCESS 1 in 0.181 seconds
[0m00:41:00.100572 [info ] [Thread-2 (]: 6 of 31 PASS not_null_crude_correlation_WEEK_DATE .............................. [[32mPASS[0m in 0.19s]
[0m00:41:00.101145 [debug] [Thread-2 (]: Finished running node test.fuel_analytics.not_null_crude_correlation_WEEK_DATE.cb8c686171
[0m00:41:00.101509 [debug] [Thread-2 (]: Began running node test.fuel_analytics.not_null_price_moving_avg_REGION.daece67b4a
[0m00:41:00.101929 [info ] [Thread-2 (]: 7 of 31 START test not_null_price_moving_avg_REGION ............................ [RUN]
[0m00:41:00.102419 [debug] [Thread-2 (]: Re-using an available connection from the pool (formerly test.fuel_analytics.not_null_crude_correlation_WEEK_DATE.cb8c686171, now test.fuel_analytics.not_null_price_moving_avg_REGION.daece67b4a)
[0m00:41:00.102756 [debug] [Thread-2 (]: Began compiling node test.fuel_analytics.not_null_price_moving_avg_REGION.daece67b4a
[0m00:41:00.106392 [debug] [Thread-2 (]: Writing injected SQL for node "test.fuel_analytics.not_null_price_moving_avg_REGION.daece67b4a"
[0m00:41:00.107086 [debug] [Thread-2 (]: Began executing node test.fuel_analytics.not_null_price_moving_avg_REGION.daece67b4a
[0m00:41:00.109216 [debug] [Thread-2 (]: Writing runtime sql for node "test.fuel_analytics.not_null_price_moving_avg_REGION.daece67b4a"
[0m00:41:00.109957 [debug] [Thread-2 (]: Using snowflake connection "test.fuel_analytics.not_null_price_moving_avg_REGION.daece67b4a"
[0m00:41:00.110205 [debug] [Thread-2 (]: On test.fuel_analytics.not_null_price_moving_avg_REGION.daece67b4a: select
      count(*) as failures,
      count(*) != 0 as should_warn,
      count(*) != 0 as should_error
    from (
      
    
  
    
    



select REGION
from USER_DB_BOA.dbt.price_moving_avg
where REGION is null



  
  
      
    ) dbt_internal_test
/* {"app": "dbt", "dbt_version": "1.11.8", "profile_name": "fuel_analytics", "target_name": "dev", "node_id": "test.fuel_analytics.not_null_price_moving_avg_REGION.daece67b4a"} */
[0m00:41:00.530720 [debug] [Thread-2 (]: SQL status: SUCCESS 1 in 0.420 seconds
[0m00:41:00.534292 [info ] [Thread-2 (]: 7 of 31 PASS not_null_price_moving_avg_REGION .................................. [[32mPASS[0m in 0.43s]
[0m00:41:00.535137 [debug] [Thread-2 (]: Finished running node test.fuel_analytics.not_null_price_moving_avg_REGION.daece67b4a
[0m00:41:00.535656 [debug] [Thread-2 (]: Began running node test.fuel_analytics.not_null_price_moving_avg_REGULAR_12WK_AVG.118c2ef321
[0m00:41:00.536168 [info ] [Thread-2 (]: 8 of 31 START test not_null_price_moving_avg_REGULAR_12WK_AVG .................. [RUN]
[0m00:41:00.536785 [debug] [Thread-2 (]: Re-using an available connection from the pool (formerly test.fuel_analytics.not_null_price_moving_avg_REGION.daece67b4a, now test.fuel_analytics.not_null_price_moving_avg_REGULAR_12WK_AVG.118c2ef321)
[0m00:41:00.537205 [debug] [Thread-2 (]: Began compiling node test.fuel_analytics.not_null_price_moving_avg_REGULAR_12WK_AVG.118c2ef321
[0m00:41:00.543488 [debug] [Thread-2 (]: Writing injected SQL for node "test.fuel_analytics.not_null_price_moving_avg_REGULAR_12WK_AVG.118c2ef321"
[0m00:41:00.545686 [debug] [Thread-2 (]: Began executing node test.fuel_analytics.not_null_price_moving_avg_REGULAR_12WK_AVG.118c2ef321
[0m00:41:00.548454 [debug] [Thread-2 (]: Writing runtime sql for node "test.fuel_analytics.not_null_price_moving_avg_REGULAR_12WK_AVG.118c2ef321"
[0m00:41:00.549357 [debug] [Thread-2 (]: Using snowflake connection "test.fuel_analytics.not_null_price_moving_avg_REGULAR_12WK_AVG.118c2ef321"
[0m00:41:00.550072 [debug] [Thread-2 (]: On test.fuel_analytics.not_null_price_moving_avg_REGULAR_12WK_AVG.118c2ef321: select
      count(*) as failures,
      count(*) != 0 as should_warn,
      count(*) != 0 as should_error
    from (
      
    
  
    
    



select REGULAR_12WK_AVG
from USER_DB_BOA.dbt.price_moving_avg
where REGULAR_12WK_AVG is null



  
  
      
    ) dbt_internal_test
/* {"app": "dbt", "dbt_version": "1.11.8", "profile_name": "fuel_analytics", "target_name": "dev", "node_id": "test.fuel_analytics.not_null_price_moving_avg_REGULAR_12WK_AVG.118c2ef321"} */
[0m00:41:00.735742 [debug] [Thread-2 (]: SQL status: SUCCESS 1 in 0.185 seconds
[0m00:41:00.740360 [info ] [Thread-2 (]: 8 of 31 PASS not_null_price_moving_avg_REGULAR_12WK_AVG ........................ [[32mPASS[0m in 0.20s]
[0m00:41:00.741450 [debug] [Thread-2 (]: Finished running node test.fuel_analytics.not_null_price_moving_avg_REGULAR_12WK_AVG.118c2ef321
[0m00:41:00.741950 [debug] [Thread-2 (]: Began running node test.fuel_analytics.not_null_price_moving_avg_REGULAR_4WK_AVG.cb68ef4e1b
[0m00:41:00.742380 [info ] [Thread-2 (]: 9 of 31 START test not_null_price_moving_avg_REGULAR_4WK_AVG ................... [RUN]
[0m00:41:00.743012 [debug] [Thread-2 (]: Re-using an available connection from the pool (formerly test.fuel_analytics.not_null_price_moving_avg_REGULAR_12WK_AVG.118c2ef321, now test.fuel_analytics.not_null_price_moving_avg_REGULAR_4WK_AVG.cb68ef4e1b)
[0m00:41:00.743396 [debug] [Thread-2 (]: Began compiling node test.fuel_analytics.not_null_price_moving_avg_REGULAR_4WK_AVG.cb68ef4e1b
[0m00:41:00.750337 [debug] [Thread-2 (]: Writing injected SQL for node "test.fuel_analytics.not_null_price_moving_avg_REGULAR_4WK_AVG.cb68ef4e1b"
[0m00:41:00.751440 [debug] [Thread-2 (]: Began executing node test.fuel_analytics.not_null_price_moving_avg_REGULAR_4WK_AVG.cb68ef4e1b
[0m00:41:00.754863 [debug] [Thread-2 (]: Writing runtime sql for node "test.fuel_analytics.not_null_price_moving_avg_REGULAR_4WK_AVG.cb68ef4e1b"
[0m00:41:00.755872 [debug] [Thread-2 (]: Using snowflake connection "test.fuel_analytics.not_null_price_moving_avg_REGULAR_4WK_AVG.cb68ef4e1b"
[0m00:41:00.756226 [debug] [Thread-2 (]: On test.fuel_analytics.not_null_price_moving_avg_REGULAR_4WK_AVG.cb68ef4e1b: select
      count(*) as failures,
      count(*) != 0 as should_warn,
      count(*) != 0 as should_error
    from (
      
    
  
    
    



select REGULAR_4WK_AVG
from USER_DB_BOA.dbt.price_moving_avg
where REGULAR_4WK_AVG is null



  
  
      
    ) dbt_internal_test
/* {"app": "dbt", "dbt_version": "1.11.8", "profile_name": "fuel_analytics", "target_name": "dev", "node_id": "test.fuel_analytics.not_null_price_moving_avg_REGULAR_4WK_AVG.cb68ef4e1b"} */
[0m00:41:01.040221 [debug] [Thread-2 (]: SQL status: SUCCESS 1 in 0.283 seconds
[0m00:41:01.044763 [info ] [Thread-2 (]: 9 of 31 PASS not_null_price_moving_avg_REGULAR_4WK_AVG ......................... [[32mPASS[0m in 0.30s]
[0m00:41:01.045885 [debug] [Thread-2 (]: Finished running node test.fuel_analytics.not_null_price_moving_avg_REGULAR_4WK_AVG.cb68ef4e1b
[0m00:41:01.046624 [debug] [Thread-2 (]: Began running node test.fuel_analytics.not_null_price_moving_avg_REGULAR_GASOLINE_PRICE.850a3d6917
[0m00:41:01.047358 [info ] [Thread-2 (]: 10 of 31 START test not_null_price_moving_avg_REGULAR_GASOLINE_PRICE ........... [RUN]
[0m00:41:01.048059 [debug] [Thread-2 (]: Re-using an available connection from the pool (formerly test.fuel_analytics.not_null_price_moving_avg_REGULAR_4WK_AVG.cb68ef4e1b, now test.fuel_analytics.not_null_price_moving_avg_REGULAR_GASOLINE_PRICE.850a3d6917)
[0m00:41:01.048577 [debug] [Thread-2 (]: Began compiling node test.fuel_analytics.not_null_price_moving_avg_REGULAR_GASOLINE_PRICE.850a3d6917
[0m00:41:01.056089 [debug] [Thread-2 (]: Writing injected SQL for node "test.fuel_analytics.not_null_price_moving_avg_REGULAR_GASOLINE_PRICE.850a3d6917"
[0m00:41:01.057379 [debug] [Thread-2 (]: Began executing node test.fuel_analytics.not_null_price_moving_avg_REGULAR_GASOLINE_PRICE.850a3d6917
[0m00:41:01.060567 [debug] [Thread-2 (]: Writing runtime sql for node "test.fuel_analytics.not_null_price_moving_avg_REGULAR_GASOLINE_PRICE.850a3d6917"
[0m00:41:01.061660 [debug] [Thread-2 (]: Using snowflake connection "test.fuel_analytics.not_null_price_moving_avg_REGULAR_GASOLINE_PRICE.850a3d6917"
[0m00:41:01.062043 [debug] [Thread-2 (]: On test.fuel_analytics.not_null_price_moving_avg_REGULAR_GASOLINE_PRICE.850a3d6917: select
      count(*) as failures,
      count(*) != 0 as should_warn,
      count(*) != 0 as should_error
    from (
      
    
  
    
    



select REGULAR_GASOLINE_PRICE
from USER_DB_BOA.dbt.price_moving_avg
where REGULAR_GASOLINE_PRICE is null



  
  
      
    ) dbt_internal_test
/* {"app": "dbt", "dbt_version": "1.11.8", "profile_name": "fuel_analytics", "target_name": "dev", "node_id": "test.fuel_analytics.not_null_price_moving_avg_REGULAR_GASOLINE_PRICE.850a3d6917"} */
[0m00:41:01.530065 [debug] [Thread-2 (]: SQL status: SUCCESS 1 in 0.467 seconds
[0m00:41:01.533921 [info ] [Thread-2 (]: 10 of 31 PASS not_null_price_moving_avg_REGULAR_GASOLINE_PRICE ................. [[32mPASS[0m in 0.49s]
[0m00:41:01.534895 [debug] [Thread-2 (]: Finished running node test.fuel_analytics.not_null_price_moving_avg_REGULAR_GASOLINE_PRICE.850a3d6917
[0m00:41:01.535463 [debug] [Thread-2 (]: Began running node test.fuel_analytics.not_null_price_moving_avg_WEEK_DATE.dbf45e3e5c
[0m00:41:01.535993 [info ] [Thread-2 (]: 11 of 31 START test not_null_price_moving_avg_WEEK_DATE ........................ [RUN]
[0m00:41:01.536627 [debug] [Thread-2 (]: Re-using an available connection from the pool (formerly test.fuel_analytics.not_null_price_moving_avg_REGULAR_GASOLINE_PRICE.850a3d6917, now test.fuel_analytics.not_null_price_moving_avg_WEEK_DATE.dbf45e3e5c)
[0m00:41:01.537102 [debug] [Thread-2 (]: Began compiling node test.fuel_analytics.not_null_price_moving_avg_WEEK_DATE.dbf45e3e5c
[0m00:41:01.543483 [debug] [Thread-2 (]: Writing injected SQL for node "test.fuel_analytics.not_null_price_moving_avg_WEEK_DATE.dbf45e3e5c"
[0m00:41:01.544594 [debug] [Thread-2 (]: Began executing node test.fuel_analytics.not_null_price_moving_avg_WEEK_DATE.dbf45e3e5c
[0m00:41:01.547700 [debug] [Thread-2 (]: Writing runtime sql for node "test.fuel_analytics.not_null_price_moving_avg_WEEK_DATE.dbf45e3e5c"
[0m00:41:01.548703 [debug] [Thread-2 (]: Using snowflake connection "test.fuel_analytics.not_null_price_moving_avg_WEEK_DATE.dbf45e3e5c"
[0m00:41:01.549045 [debug] [Thread-2 (]: On test.fuel_analytics.not_null_price_moving_avg_WEEK_DATE.dbf45e3e5c: select
      count(*) as failures,
      count(*) != 0 as should_warn,
      count(*) != 0 as should_error
    from (
      
    
  
    
    



select WEEK_DATE
from USER_DB_BOA.dbt.price_moving_avg
where WEEK_DATE is null



  
  
      
    ) dbt_internal_test
/* {"app": "dbt", "dbt_version": "1.11.8", "profile_name": "fuel_analytics", "target_name": "dev", "node_id": "test.fuel_analytics.not_null_price_moving_avg_WEEK_DATE.dbf45e3e5c"} */
[0m00:41:01.962535 [debug] [Thread-2 (]: SQL status: SUCCESS 1 in 0.413 seconds
[0m00:41:01.967711 [info ] [Thread-2 (]: 11 of 31 PASS not_null_price_moving_avg_WEEK_DATE .............................. [[32mPASS[0m in 0.43s]
[0m00:41:01.968958 [debug] [Thread-2 (]: Finished running node test.fuel_analytics.not_null_price_moving_avg_WEEK_DATE.dbf45e3e5c
[0m00:41:01.969749 [debug] [Thread-2 (]: Began running node test.fuel_analytics.not_null_price_volatility_REGION.7a6d63b30d
[0m00:41:01.970537 [info ] [Thread-2 (]: 12 of 31 START test not_null_price_volatility_REGION ........................... [RUN]
[0m00:41:01.971419 [debug] [Thread-2 (]: Re-using an available connection from the pool (formerly test.fuel_analytics.not_null_price_moving_avg_WEEK_DATE.dbf45e3e5c, now test.fuel_analytics.not_null_price_volatility_REGION.7a6d63b30d)
[0m00:41:01.971946 [debug] [Thread-2 (]: Began compiling node test.fuel_analytics.not_null_price_volatility_REGION.7a6d63b30d
[0m00:41:01.979926 [debug] [Thread-2 (]: Writing injected SQL for node "test.fuel_analytics.not_null_price_volatility_REGION.7a6d63b30d"
[0m00:41:01.981193 [debug] [Thread-2 (]: Began executing node test.fuel_analytics.not_null_price_volatility_REGION.7a6d63b30d
[0m00:41:01.985975 [debug] [Thread-2 (]: Writing runtime sql for node "test.fuel_analytics.not_null_price_volatility_REGION.7a6d63b30d"
[0m00:41:01.987032 [debug] [Thread-2 (]: Using snowflake connection "test.fuel_analytics.not_null_price_volatility_REGION.7a6d63b30d"
[0m00:41:01.987409 [debug] [Thread-2 (]: On test.fuel_analytics.not_null_price_volatility_REGION.7a6d63b30d: select
      count(*) as failures,
      count(*) != 0 as should_warn,
      count(*) != 0 as should_error
    from (
      
    
  
    
    



select REGION
from USER_DB_BOA.dbt.price_volatility
where REGION is null



  
  
      
    ) dbt_internal_test
/* {"app": "dbt", "dbt_version": "1.11.8", "profile_name": "fuel_analytics", "target_name": "dev", "node_id": "test.fuel_analytics.not_null_price_volatility_REGION.7a6d63b30d"} */
[0m00:41:02.151710 [debug] [Thread-2 (]: SQL status: SUCCESS 1 in 0.163 seconds
[0m00:41:02.156211 [info ] [Thread-2 (]: 12 of 31 PASS not_null_price_volatility_REGION ................................. [[32mPASS[0m in 0.18s]
[0m00:41:02.157462 [debug] [Thread-2 (]: Finished running node test.fuel_analytics.not_null_price_volatility_REGION.7a6d63b30d
[0m00:41:02.158187 [debug] [Thread-2 (]: Began running node test.fuel_analytics.not_null_price_volatility_REGULAR_GASOLINE_PRICE.42b9593977
[0m00:41:02.158882 [info ] [Thread-2 (]: 13 of 31 START test not_null_price_volatility_REGULAR_GASOLINE_PRICE ........... [RUN]
[0m00:41:02.159652 [debug] [Thread-2 (]: Re-using an available connection from the pool (formerly test.fuel_analytics.not_null_price_volatility_REGION.7a6d63b30d, now test.fuel_analytics.not_null_price_volatility_REGULAR_GASOLINE_PRICE.42b9593977)
[0m00:41:02.160163 [debug] [Thread-2 (]: Began compiling node test.fuel_analytics.not_null_price_volatility_REGULAR_GASOLINE_PRICE.42b9593977
[0m00:41:02.167220 [debug] [Thread-2 (]: Writing injected SQL for node "test.fuel_analytics.not_null_price_volatility_REGULAR_GASOLINE_PRICE.42b9593977"
[0m00:41:02.170218 [debug] [Thread-2 (]: Began executing node test.fuel_analytics.not_null_price_volatility_REGULAR_GASOLINE_PRICE.42b9593977
[0m00:41:02.173499 [debug] [Thread-2 (]: Writing runtime sql for node "test.fuel_analytics.not_null_price_volatility_REGULAR_GASOLINE_PRICE.42b9593977"
[0m00:41:02.176083 [debug] [Thread-2 (]: Using snowflake connection "test.fuel_analytics.not_null_price_volatility_REGULAR_GASOLINE_PRICE.42b9593977"
[0m00:41:02.179709 [debug] [Thread-2 (]: On test.fuel_analytics.not_null_price_volatility_REGULAR_GASOLINE_PRICE.42b9593977: select
      count(*) as failures,
      count(*) != 0 as should_warn,
      count(*) != 0 as should_error
    from (
      
    
  
    
    



select REGULAR_GASOLINE_PRICE
from USER_DB_BOA.dbt.price_volatility
where REGULAR_GASOLINE_PRICE is null



  
  
      
    ) dbt_internal_test
/* {"app": "dbt", "dbt_version": "1.11.8", "profile_name": "fuel_analytics", "target_name": "dev", "node_id": "test.fuel_analytics.not_null_price_volatility_REGULAR_GASOLINE_PRICE.42b9593977"} */
[0m00:41:02.753853 [debug] [Thread-2 (]: SQL status: SUCCESS 1 in 0.571 seconds
[0m00:41:02.758745 [info ] [Thread-2 (]: 13 of 31 PASS not_null_price_volatility_REGULAR_GASOLINE_PRICE ................. [[32mPASS[0m in 0.60s]
[0m00:41:02.759806 [debug] [Thread-2 (]: Finished running node test.fuel_analytics.not_null_price_volatility_REGULAR_GASOLINE_PRICE.42b9593977
[0m00:41:02.760326 [debug] [Thread-2 (]: Began running node test.fuel_analytics.not_null_price_volatility_WEEK_DATE.e0e4d3e492
[0m00:41:02.760968 [info ] [Thread-2 (]: 14 of 31 START test not_null_price_volatility_WEEK_DATE ........................ [RUN]
[0m00:41:02.761623 [debug] [Thread-2 (]: Re-using an available connection from the pool (formerly test.fuel_analytics.not_null_price_volatility_REGULAR_GASOLINE_PRICE.42b9593977, now test.fuel_analytics.not_null_price_volatility_WEEK_DATE.e0e4d3e492)
[0m00:41:02.762117 [debug] [Thread-2 (]: Began compiling node test.fuel_analytics.not_null_price_volatility_WEEK_DATE.e0e4d3e492
[0m00:41:02.768824 [debug] [Thread-2 (]: Writing injected SQL for node "test.fuel_analytics.not_null_price_volatility_WEEK_DATE.e0e4d3e492"
[0m00:41:02.770226 [debug] [Thread-2 (]: Began executing node test.fuel_analytics.not_null_price_volatility_WEEK_DATE.e0e4d3e492
[0m00:41:02.773563 [debug] [Thread-2 (]: Writing runtime sql for node "test.fuel_analytics.not_null_price_volatility_WEEK_DATE.e0e4d3e492"
[0m00:41:02.774981 [debug] [Thread-2 (]: Using snowflake connection "test.fuel_analytics.not_null_price_volatility_WEEK_DATE.e0e4d3e492"
[0m00:41:02.775366 [debug] [Thread-2 (]: On test.fuel_analytics.not_null_price_volatility_WEEK_DATE.e0e4d3e492: select
      count(*) as failures,
      count(*) != 0 as should_warn,
      count(*) != 0 as should_error
    from (
      
    
  
    
    



select WEEK_DATE
from USER_DB_BOA.dbt.price_volatility
where WEEK_DATE is null



  
  
      
    ) dbt_internal_test
/* {"app": "dbt", "dbt_version": "1.11.8", "profile_name": "fuel_analytics", "target_name": "dev", "node_id": "test.fuel_analytics.not_null_price_volatility_WEEK_DATE.e0e4d3e492"} */
[0m00:41:02.932300 [debug] [Thread-2 (]: SQL status: SUCCESS 1 in 0.156 seconds
[0m00:41:02.936575 [info ] [Thread-2 (]: 14 of 31 PASS not_null_price_volatility_WEEK_DATE .............................. [[32mPASS[0m in 0.17s]
[0m00:41:02.937707 [debug] [Thread-2 (]: Finished running node test.fuel_analytics.not_null_price_volatility_WEEK_DATE.e0e4d3e492
[0m00:41:02.938407 [debug] [Thread-2 (]: Began running node test.fuel_analytics.not_null_regional_comparison_REGION.8aa08dd4fd
[0m00:41:02.939091 [info ] [Thread-2 (]: 15 of 31 START test not_null_regional_comparison_REGION ........................ [RUN]
[0m00:41:02.939896 [debug] [Thread-2 (]: Re-using an available connection from the pool (formerly test.fuel_analytics.not_null_price_volatility_WEEK_DATE.e0e4d3e492, now test.fuel_analytics.not_null_regional_comparison_REGION.8aa08dd4fd)
[0m00:41:02.940398 [debug] [Thread-2 (]: Began compiling node test.fuel_analytics.not_null_regional_comparison_REGION.8aa08dd4fd
[0m00:41:02.947045 [debug] [Thread-2 (]: Writing injected SQL for node "test.fuel_analytics.not_null_regional_comparison_REGION.8aa08dd4fd"
[0m00:41:02.948228 [debug] [Thread-2 (]: Began executing node test.fuel_analytics.not_null_regional_comparison_REGION.8aa08dd4fd
[0m00:41:02.951064 [debug] [Thread-2 (]: Writing runtime sql for node "test.fuel_analytics.not_null_regional_comparison_REGION.8aa08dd4fd"
[0m00:41:02.952381 [debug] [Thread-2 (]: Using snowflake connection "test.fuel_analytics.not_null_regional_comparison_REGION.8aa08dd4fd"
[0m00:41:02.952668 [debug] [Thread-2 (]: On test.fuel_analytics.not_null_regional_comparison_REGION.8aa08dd4fd: select
      count(*) as failures,
      count(*) != 0 as should_warn,
      count(*) != 0 as should_error
    from (
      
    
  
    
    



select REGION
from USER_DB_BOA.dbt.regional_comparison
where REGION is null



  
  
      
    ) dbt_internal_test
/* {"app": "dbt", "dbt_version": "1.11.8", "profile_name": "fuel_analytics", "target_name": "dev", "node_id": "test.fuel_analytics.not_null_regional_comparison_REGION.8aa08dd4fd"} */
[0m00:41:03.153788 [debug] [Thread-2 (]: SQL status: SUCCESS 1 in 0.200 seconds
[0m00:41:03.157725 [info ] [Thread-2 (]: 15 of 31 PASS not_null_regional_comparison_REGION .............................. [[32mPASS[0m in 0.22s]
[0m00:41:03.158594 [debug] [Thread-2 (]: Finished running node test.fuel_analytics.not_null_regional_comparison_REGION.8aa08dd4fd
[0m00:41:03.159106 [debug] [Thread-2 (]: Began running node test.fuel_analytics.not_null_regional_comparison_REGIONAL_PRICE.ba7292316c
[0m00:41:03.159570 [info ] [Thread-2 (]: 16 of 31 START test not_null_regional_comparison_REGIONAL_PRICE ................ [RUN]
[0m00:41:03.160115 [debug] [Thread-2 (]: Re-using an available connection from the pool (formerly test.fuel_analytics.not_null_regional_comparison_REGION.8aa08dd4fd, now test.fuel_analytics.not_null_regional_comparison_REGIONAL_PRICE.ba7292316c)
[0m00:41:03.160525 [debug] [Thread-2 (]: Began compiling node test.fuel_analytics.not_null_regional_comparison_REGIONAL_PRICE.ba7292316c
[0m00:41:03.166382 [debug] [Thread-2 (]: Writing injected SQL for node "test.fuel_analytics.not_null_regional_comparison_REGIONAL_PRICE.ba7292316c"
[0m00:41:03.167560 [debug] [Thread-2 (]: Began executing node test.fuel_analytics.not_null_regional_comparison_REGIONAL_PRICE.ba7292316c
[0m00:41:03.170820 [debug] [Thread-2 (]: Writing runtime sql for node "test.fuel_analytics.not_null_regional_comparison_REGIONAL_PRICE.ba7292316c"
[0m00:41:03.171864 [debug] [Thread-2 (]: Using snowflake connection "test.fuel_analytics.not_null_regional_comparison_REGIONAL_PRICE.ba7292316c"
[0m00:41:03.172129 [debug] [Thread-2 (]: On test.fuel_analytics.not_null_regional_comparison_REGIONAL_PRICE.ba7292316c: select
      count(*) as failures,
      count(*) != 0 as should_warn,
      count(*) != 0 as should_error
    from (
      
    
  
    
    



select REGIONAL_PRICE
from USER_DB_BOA.dbt.regional_comparison
where REGIONAL_PRICE is null



  
  
      
    ) dbt_internal_test
/* {"app": "dbt", "dbt_version": "1.11.8", "profile_name": "fuel_analytics", "target_name": "dev", "node_id": "test.fuel_analytics.not_null_regional_comparison_REGIONAL_PRICE.ba7292316c"} */
[0m00:41:03.350969 [debug] [Thread-2 (]: SQL status: SUCCESS 1 in 0.178 seconds
[0m00:41:03.355608 [info ] [Thread-2 (]: 16 of 31 PASS not_null_regional_comparison_REGIONAL_PRICE ...................... [[32mPASS[0m in 0.20s]
[0m00:41:03.356787 [debug] [Thread-2 (]: Finished running node test.fuel_analytics.not_null_regional_comparison_REGIONAL_PRICE.ba7292316c
[0m00:41:03.357523 [debug] [Thread-2 (]: Began running node test.fuel_analytics.not_null_regional_comparison_WEEK_DATE.24e345e688
[0m00:41:03.358155 [info ] [Thread-2 (]: 17 of 31 START test not_null_regional_comparison_WEEK_DATE ..................... [RUN]
[0m00:41:03.358863 [debug] [Thread-2 (]: Re-using an available connection from the pool (formerly test.fuel_analytics.not_null_regional_comparison_REGIONAL_PRICE.ba7292316c, now test.fuel_analytics.not_null_regional_comparison_WEEK_DATE.24e345e688)
[0m00:41:03.359366 [debug] [Thread-2 (]: Began compiling node test.fuel_analytics.not_null_regional_comparison_WEEK_DATE.24e345e688
[0m00:41:03.369163 [debug] [Thread-2 (]: Writing injected SQL for node "test.fuel_analytics.not_null_regional_comparison_WEEK_DATE.24e345e688"
[0m00:41:03.370457 [debug] [Thread-2 (]: Began executing node test.fuel_analytics.not_null_regional_comparison_WEEK_DATE.24e345e688
[0m00:41:03.373250 [debug] [Thread-2 (]: Writing runtime sql for node "test.fuel_analytics.not_null_regional_comparison_WEEK_DATE.24e345e688"
[0m00:41:03.374325 [debug] [Thread-2 (]: Using snowflake connection "test.fuel_analytics.not_null_regional_comparison_WEEK_DATE.24e345e688"
[0m00:41:03.374706 [debug] [Thread-2 (]: On test.fuel_analytics.not_null_regional_comparison_WEEK_DATE.24e345e688: select
      count(*) as failures,
      count(*) != 0 as should_warn,
      count(*) != 0 as should_error
    from (
      
    
  
    
    



select WEEK_DATE
from USER_DB_BOA.dbt.regional_comparison
where WEEK_DATE is null



  
  
      
    ) dbt_internal_test
/* {"app": "dbt", "dbt_version": "1.11.8", "profile_name": "fuel_analytics", "target_name": "dev", "node_id": "test.fuel_analytics.not_null_regional_comparison_WEEK_DATE.24e345e688"} */
[0m00:41:03.574867 [debug] [Thread-2 (]: SQL status: SUCCESS 1 in 0.199 seconds
[0m00:41:03.580038 [info ] [Thread-2 (]: 17 of 31 PASS not_null_regional_comparison_WEEK_DATE ........................... [[32mPASS[0m in 0.22s]
[0m00:41:03.581049 [debug] [Thread-2 (]: Finished running node test.fuel_analytics.not_null_regional_comparison_WEEK_DATE.24e345e688
[0m00:41:03.581679 [debug] [Thread-2 (]: Began running node test.fuel_analytics.source_accepted_values_raw_energy_market_prices_TICKER__CL_F__BZ_F__XLE__UGA.401cd46daf
[0m00:41:03.582384 [info ] [Thread-2 (]: 18 of 31 START test source_accepted_values_raw_energy_market_prices_TICKER__CL_F__BZ_F__XLE__UGA  [RUN]
[0m00:41:03.583162 [debug] [Thread-2 (]: Re-using an available connection from the pool (formerly test.fuel_analytics.not_null_regional_comparison_WEEK_DATE.24e345e688, now test.fuel_analytics.source_accepted_values_raw_energy_market_prices_TICKER__CL_F__BZ_F__XLE__UGA.401cd46daf)
[0m00:41:03.583697 [debug] [Thread-2 (]: Began compiling node test.fuel_analytics.source_accepted_values_raw_energy_market_prices_TICKER__CL_F__BZ_F__XLE__UGA.401cd46daf
[0m00:41:03.593661 [debug] [Thread-2 (]: Writing injected SQL for node "test.fuel_analytics.source_accepted_values_raw_energy_market_prices_TICKER__CL_F__BZ_F__XLE__UGA.401cd46daf"
[0m00:41:03.594935 [debug] [Thread-2 (]: Began executing node test.fuel_analytics.source_accepted_values_raw_energy_market_prices_TICKER__CL_F__BZ_F__XLE__UGA.401cd46daf
[0m00:41:03.597819 [debug] [Thread-2 (]: Writing runtime sql for node "test.fuel_analytics.source_accepted_values_raw_energy_market_prices_TICKER__CL_F__BZ_F__XLE__UGA.401cd46daf"
[0m00:41:03.598838 [debug] [Thread-2 (]: Using snowflake connection "test.fuel_analytics.source_accepted_values_raw_energy_market_prices_TICKER__CL_F__BZ_F__XLE__UGA.401cd46daf"
[0m00:41:03.599165 [debug] [Thread-2 (]: On test.fuel_analytics.source_accepted_values_raw_energy_market_prices_TICKER__CL_F__BZ_F__XLE__UGA.401cd46daf: select
      count(*) as failures,
      count(*) != 0 as should_warn,
      count(*) != 0 as should_error
    from (
      
    
  
    
    

with all_values as (

    select
        TICKER as value_field,
        count(*) as n_records

    from USER_DB_BOA.RAW.energy_market_prices
    group by TICKER

)

select *
from all_values
where value_field not in (
    'CL=F','BZ=F','XLE','UGA'
)



  
  
      
    ) dbt_internal_test
/* {"app": "dbt", "dbt_version": "1.11.8", "profile_name": "fuel_analytics", "target_name": "dev", "node_id": "test.fuel_analytics.source_accepted_values_raw_energy_market_prices_TICKER__CL_F__BZ_F__XLE__UGA.401cd46daf"} */
[0m00:41:04.011740 [debug] [Thread-2 (]: SQL status: SUCCESS 1 in 0.412 seconds
[0m00:41:04.016531 [info ] [Thread-2 (]: 18 of 31 PASS source_accepted_values_raw_energy_market_prices_TICKER__CL_F__BZ_F__XLE__UGA  [[32mPASS[0m in 0.43s]
[0m00:41:04.017463 [debug] [Thread-2 (]: Finished running node test.fuel_analytics.source_accepted_values_raw_energy_market_prices_TICKER__CL_F__BZ_F__XLE__UGA.401cd46daf
[0m00:41:04.018037 [debug] [Thread-2 (]: Began running node test.fuel_analytics.source_accepted_values_raw_fuel_prices_REGION__US_NATIONAL.bc8541f77d
[0m00:41:04.018631 [info ] [Thread-2 (]: 19 of 31 START test source_accepted_values_raw_fuel_prices_REGION__US_NATIONAL . [RUN]
[0m00:41:04.019338 [debug] [Thread-2 (]: Re-using an available connection from the pool (formerly test.fuel_analytics.source_accepted_values_raw_energy_market_prices_TICKER__CL_F__BZ_F__XLE__UGA.401cd46daf, now test.fuel_analytics.source_accepted_values_raw_fuel_prices_REGION__US_NATIONAL.bc8541f77d)
[0m00:41:04.019854 [debug] [Thread-2 (]: Began compiling node test.fuel_analytics.source_accepted_values_raw_fuel_prices_REGION__US_NATIONAL.bc8541f77d
[0m00:41:04.027950 [debug] [Thread-2 (]: Writing injected SQL for node "test.fuel_analytics.source_accepted_values_raw_fuel_prices_REGION__US_NATIONAL.bc8541f77d"
[0m00:41:04.029048 [debug] [Thread-2 (]: Began executing node test.fuel_analytics.source_accepted_values_raw_fuel_prices_REGION__US_NATIONAL.bc8541f77d
[0m00:41:04.032204 [debug] [Thread-2 (]: Writing runtime sql for node "test.fuel_analytics.source_accepted_values_raw_fuel_prices_REGION__US_NATIONAL.bc8541f77d"
[0m00:41:04.033414 [debug] [Thread-2 (]: Using snowflake connection "test.fuel_analytics.source_accepted_values_raw_fuel_prices_REGION__US_NATIONAL.bc8541f77d"
[0m00:41:04.033793 [debug] [Thread-2 (]: On test.fuel_analytics.source_accepted_values_raw_fuel_prices_REGION__US_NATIONAL.bc8541f77d: select
      count(*) as failures,
      count(*) != 0 as should_warn,
      count(*) != 0 as should_error
    from (
      
    
  
    
    

with all_values as (

    select
        REGION as value_field,
        count(*) as n_records

    from USER_DB_BOA.RAW.fuel_prices
    group by REGION

)

select *
from all_values
where value_field not in (
    'US_NATIONAL'
)



  
  
      
    ) dbt_internal_test
/* {"app": "dbt", "dbt_version": "1.11.8", "profile_name": "fuel_analytics", "target_name": "dev", "node_id": "test.fuel_analytics.source_accepted_values_raw_fuel_prices_REGION__US_NATIONAL.bc8541f77d"} */
[0m00:41:04.271515 [debug] [Thread-2 (]: SQL status: SUCCESS 1 in 0.237 seconds
[0m00:41:04.274911 [info ] [Thread-2 (]: 19 of 31 PASS source_accepted_values_raw_fuel_prices_REGION__US_NATIONAL ....... [[32mPASS[0m in 0.26s]
[0m00:41:04.275659 [debug] [Thread-2 (]: Finished running node test.fuel_analytics.source_accepted_values_raw_fuel_prices_REGION__US_NATIONAL.bc8541f77d
[0m00:41:04.276635 [debug] [Thread-2 (]: Began running node test.fuel_analytics.source_accepted_values_raw_fuel_prices_SOURCE__EIA_WEEKLY.9ee4079dce
[0m00:41:04.277209 [info ] [Thread-2 (]: 20 of 31 START test source_accepted_values_raw_fuel_prices_SOURCE__EIA_WEEKLY .. [RUN]
[0m00:41:04.277888 [debug] [Thread-2 (]: Re-using an available connection from the pool (formerly test.fuel_analytics.source_accepted_values_raw_fuel_prices_REGION__US_NATIONAL.bc8541f77d, now test.fuel_analytics.source_accepted_values_raw_fuel_prices_SOURCE__EIA_WEEKLY.9ee4079dce)
[0m00:41:04.278342 [debug] [Thread-2 (]: Began compiling node test.fuel_analytics.source_accepted_values_raw_fuel_prices_SOURCE__EIA_WEEKLY.9ee4079dce
[0m00:41:04.282867 [debug] [Thread-2 (]: Writing injected SQL for node "test.fuel_analytics.source_accepted_values_raw_fuel_prices_SOURCE__EIA_WEEKLY.9ee4079dce"
[0m00:41:04.283719 [debug] [Thread-2 (]: Began executing node test.fuel_analytics.source_accepted_values_raw_fuel_prices_SOURCE__EIA_WEEKLY.9ee4079dce
[0m00:41:04.286250 [debug] [Thread-2 (]: Writing runtime sql for node "test.fuel_analytics.source_accepted_values_raw_fuel_prices_SOURCE__EIA_WEEKLY.9ee4079dce"
[0m00:41:04.287293 [debug] [Thread-2 (]: Using snowflake connection "test.fuel_analytics.source_accepted_values_raw_fuel_prices_SOURCE__EIA_WEEKLY.9ee4079dce"
[0m00:41:04.287522 [debug] [Thread-2 (]: On test.fuel_analytics.source_accepted_values_raw_fuel_prices_SOURCE__EIA_WEEKLY.9ee4079dce: select
      count(*) as failures,
      count(*) != 0 as should_warn,
      count(*) != 0 as should_error
    from (
      
    
  
    
    

with all_values as (

    select
        SOURCE as value_field,
        count(*) as n_records

    from USER_DB_BOA.RAW.fuel_prices
    group by SOURCE

)

select *
from all_values
where value_field not in (
    'EIA_WEEKLY'
)



  
  
      
    ) dbt_internal_test
/* {"app": "dbt", "dbt_version": "1.11.8", "profile_name": "fuel_analytics", "target_name": "dev", "node_id": "test.fuel_analytics.source_accepted_values_raw_fuel_prices_SOURCE__EIA_WEEKLY.9ee4079dce"} */
[0m00:41:04.515048 [debug] [Thread-2 (]: SQL status: SUCCESS 1 in 0.227 seconds
[0m00:41:04.518797 [info ] [Thread-2 (]: 20 of 31 PASS source_accepted_values_raw_fuel_prices_SOURCE__EIA_WEEKLY ........ [[32mPASS[0m in 0.24s]
[0m00:41:04.519956 [debug] [Thread-2 (]: Finished running node test.fuel_analytics.source_accepted_values_raw_fuel_prices_SOURCE__EIA_WEEKLY.9ee4079dce
[0m00:41:04.520832 [debug] [Thread-2 (]: Began running node test.fuel_analytics.source_accepted_values_raw_regional_fuel_prices_FUEL_TYPE__REGULAR_GASOLINE.62c36508d5
[0m00:41:04.521568 [info ] [Thread-2 (]: 21 of 31 START test source_accepted_values_raw_regional_fuel_prices_FUEL_TYPE__REGULAR_GASOLINE  [RUN]
[0m00:41:04.522403 [debug] [Thread-2 (]: Re-using an available connection from the pool (formerly test.fuel_analytics.source_accepted_values_raw_fuel_prices_SOURCE__EIA_WEEKLY.9ee4079dce, now test.fuel_analytics.source_accepted_values_raw_regional_fuel_prices_FUEL_TYPE__REGULAR_GASOLINE.62c36508d5)
[0m00:41:04.523054 [debug] [Thread-2 (]: Began compiling node test.fuel_analytics.source_accepted_values_raw_regional_fuel_prices_FUEL_TYPE__REGULAR_GASOLINE.62c36508d5
[0m00:41:04.530290 [debug] [Thread-2 (]: Writing injected SQL for node "test.fuel_analytics.source_accepted_values_raw_regional_fuel_prices_FUEL_TYPE__REGULAR_GASOLINE.62c36508d5"
[0m00:41:04.531429 [debug] [Thread-2 (]: Began executing node test.fuel_analytics.source_accepted_values_raw_regional_fuel_prices_FUEL_TYPE__REGULAR_GASOLINE.62c36508d5
[0m00:41:04.535386 [debug] [Thread-2 (]: Writing runtime sql for node "test.fuel_analytics.source_accepted_values_raw_regional_fuel_prices_FUEL_TYPE__REGULAR_GASOLINE.62c36508d5"
[0m00:41:04.536385 [debug] [Thread-2 (]: Using snowflake connection "test.fuel_analytics.source_accepted_values_raw_regional_fuel_prices_FUEL_TYPE__REGULAR_GASOLINE.62c36508d5"
[0m00:41:04.536653 [debug] [Thread-2 (]: On test.fuel_analytics.source_accepted_values_raw_regional_fuel_prices_FUEL_TYPE__REGULAR_GASOLINE.62c36508d5: select
      count(*) as failures,
      count(*) != 0 as should_warn,
      count(*) != 0 as should_error
    from (
      
    
  
    
    

with all_values as (

    select
        FUEL_TYPE as value_field,
        count(*) as n_records

    from USER_DB_BOA.RAW.regional_fuel_prices
    group by FUEL_TYPE

)

select *
from all_values
where value_field not in (
    'REGULAR_GASOLINE'
)



  
  
      
    ) dbt_internal_test
/* {"app": "dbt", "dbt_version": "1.11.8", "profile_name": "fuel_analytics", "target_name": "dev", "node_id": "test.fuel_analytics.source_accepted_values_raw_regional_fuel_prices_FUEL_TYPE__REGULAR_GASOLINE.62c36508d5"} */
[0m00:41:04.933155 [debug] [Thread-2 (]: SQL status: SUCCESS 1 in 0.396 seconds
[0m00:41:04.936777 [info ] [Thread-2 (]: 21 of 31 PASS source_accepted_values_raw_regional_fuel_prices_FUEL_TYPE__REGULAR_GASOLINE  [[32mPASS[0m in 0.41s]
[0m00:41:04.937666 [debug] [Thread-2 (]: Finished running node test.fuel_analytics.source_accepted_values_raw_regional_fuel_prices_FUEL_TYPE__REGULAR_GASOLINE.62c36508d5
[0m00:41:04.938226 [debug] [Thread-2 (]: Began running node test.fuel_analytics.source_accepted_values_raw_regional_fuel_prices_REGION__EAST_COAST__MIDWEST__GULF_COAST__ROCKY_MOUNTAIN__WEST_COAST__CALIFORNIA.5219d58b40
[0m00:41:04.938782 [info ] [Thread-2 (]: 22 of 31 START test source_accepted_values_raw_regional_fuel_prices_REGION__EAST_COAST__MIDWEST__GULF_COAST__ROCKY_MOUNTAIN__WEST_COAST__CALIFORNIA  [RUN]
[0m00:41:04.939460 [debug] [Thread-2 (]: Re-using an available connection from the pool (formerly test.fuel_analytics.source_accepted_values_raw_regional_fuel_prices_FUEL_TYPE__REGULAR_GASOLINE.62c36508d5, now test.fuel_analytics.source_accepted_values_raw_regional_fuel_prices_REGION__EAST_COAST__MIDWEST__GULF_COAST__ROCKY_MOUNTAIN__WEST_COAST__CALIFORNIA.5219d58b40)
[0m00:41:04.939992 [debug] [Thread-2 (]: Began compiling node test.fuel_analytics.source_accepted_values_raw_regional_fuel_prices_REGION__EAST_COAST__MIDWEST__GULF_COAST__ROCKY_MOUNTAIN__WEST_COAST__CALIFORNIA.5219d58b40
[0m00:41:04.949485 [debug] [Thread-2 (]: Writing injected SQL for node "test.fuel_analytics.source_accepted_values_raw_regional_fuel_prices_REGION__EAST_COAST__MIDWEST__GULF_COAST__ROCKY_MOUNTAIN__WEST_COAST__CALIFORNIA.5219d58b40"
[0m00:41:04.950720 [debug] [Thread-2 (]: Began executing node test.fuel_analytics.source_accepted_values_raw_regional_fuel_prices_REGION__EAST_COAST__MIDWEST__GULF_COAST__ROCKY_MOUNTAIN__WEST_COAST__CALIFORNIA.5219d58b40
[0m00:41:04.953103 [debug] [Thread-2 (]: Writing runtime sql for node "test.fuel_analytics.source_accepted_values_raw_regional_fuel_prices_REGION__EAST_COAST__MIDWEST__GULF_COAST__ROCKY_MOUNTAIN__WEST_COAST__CALIFORNIA.5219d58b40"
[0m00:41:04.954106 [debug] [Thread-2 (]: Using snowflake connection "test.fuel_analytics.source_accepted_values_raw_regional_fuel_prices_REGION__EAST_COAST__MIDWEST__GULF_COAST__ROCKY_MOUNTAIN__WEST_COAST__CALIFORNIA.5219d58b40"
[0m00:41:04.954443 [debug] [Thread-2 (]: On test.fuel_analytics.source_accepted_values_raw_regional_fuel_prices_REGION__EAST_COAST__MIDWEST__GULF_COAST__ROCKY_MOUNTAIN__WEST_COAST__CALIFORNIA.5219d58b40: select
      count(*) as failures,
      count(*) != 0 as should_warn,
      count(*) != 0 as should_error
    from (
      
    
  
    
    

with all_values as (

    select
        REGION as value_field,
        count(*) as n_records

    from USER_DB_BOA.RAW.regional_fuel_prices
    group by REGION

)

select *
from all_values
where value_field not in (
    'EAST_COAST','MIDWEST','GULF_COAST','ROCKY_MOUNTAIN','WEST_COAST','CALIFORNIA'
)



  
  
      
    ) dbt_internal_test
/* {"app": "dbt", "dbt_version": "1.11.8", "profile_name": "fuel_analytics", "target_name": "dev", "node_id": "test.fuel_analytics.source_accepted_values_raw_regional_fuel_prices_REGION__EAST_COAST__MIDWEST__GULF_COAST__ROCKY_MOUNTAIN__WEST_COAST__CALIFORNIA.5219d58b40"} */
[0m00:41:05.183461 [debug] [Thread-2 (]: SQL status: SUCCESS 1 in 0.228 seconds
[0m00:41:05.187705 [info ] [Thread-2 (]: 22 of 31 PASS source_accepted_values_raw_regional_fuel_prices_REGION__EAST_COAST__MIDWEST__GULF_COAST__ROCKY_MOUNTAIN__WEST_COAST__CALIFORNIA  [[32mPASS[0m in 0.25s]
[0m00:41:05.188908 [debug] [Thread-2 (]: Finished running node test.fuel_analytics.source_accepted_values_raw_regional_fuel_prices_REGION__EAST_COAST__MIDWEST__GULF_COAST__ROCKY_MOUNTAIN__WEST_COAST__CALIFORNIA.5219d58b40
[0m00:41:05.189707 [debug] [Thread-2 (]: Began running node test.fuel_analytics.source_not_null_raw_energy_market_prices_CLOSE_PRICE.df0315335a
[0m00:41:05.190455 [info ] [Thread-2 (]: 23 of 31 START test source_not_null_raw_energy_market_prices_CLOSE_PRICE ....... [RUN]
[0m00:41:05.191389 [debug] [Thread-2 (]: Re-using an available connection from the pool (formerly test.fuel_analytics.source_accepted_values_raw_regional_fuel_prices_REGION__EAST_COAST__MIDWEST__GULF_COAST__ROCKY_MOUNTAIN__WEST_COAST__CALIFORNIA.5219d58b40, now test.fuel_analytics.source_not_null_raw_energy_market_prices_CLOSE_PRICE.df0315335a)
[0m00:41:05.192177 [debug] [Thread-2 (]: Began compiling node test.fuel_analytics.source_not_null_raw_energy_market_prices_CLOSE_PRICE.df0315335a
[0m00:41:05.199878 [debug] [Thread-2 (]: Writing injected SQL for node "test.fuel_analytics.source_not_null_raw_energy_market_prices_CLOSE_PRICE.df0315335a"
[0m00:41:05.201125 [debug] [Thread-2 (]: Began executing node test.fuel_analytics.source_not_null_raw_energy_market_prices_CLOSE_PRICE.df0315335a
[0m00:41:05.204593 [debug] [Thread-2 (]: Writing runtime sql for node "test.fuel_analytics.source_not_null_raw_energy_market_prices_CLOSE_PRICE.df0315335a"
[0m00:41:05.205683 [debug] [Thread-2 (]: Using snowflake connection "test.fuel_analytics.source_not_null_raw_energy_market_prices_CLOSE_PRICE.df0315335a"
[0m00:41:05.206051 [debug] [Thread-2 (]: On test.fuel_analytics.source_not_null_raw_energy_market_prices_CLOSE_PRICE.df0315335a: select
      count(*) as failures,
      count(*) != 0 as should_warn,
      count(*) != 0 as should_error
    from (
      
    
  
    
    



select CLOSE_PRICE
from USER_DB_BOA.RAW.energy_market_prices
where CLOSE_PRICE is null



  
  
      
    ) dbt_internal_test
/* {"app": "dbt", "dbt_version": "1.11.8", "profile_name": "fuel_analytics", "target_name": "dev", "node_id": "test.fuel_analytics.source_not_null_raw_energy_market_prices_CLOSE_PRICE.df0315335a"} */
[0m00:41:05.451147 [debug] [Thread-2 (]: SQL status: SUCCESS 1 in 0.244 seconds
[0m00:41:05.455600 [info ] [Thread-2 (]: 23 of 31 PASS source_not_null_raw_energy_market_prices_CLOSE_PRICE ............. [[32mPASS[0m in 0.26s]
[0m00:41:05.457449 [debug] [Thread-2 (]: Finished running node test.fuel_analytics.source_not_null_raw_energy_market_prices_CLOSE_PRICE.df0315335a
[0m00:41:05.458076 [debug] [Thread-2 (]: Began running node test.fuel_analytics.source_not_null_raw_energy_market_prices_TICKER.bda3993d31
[0m00:41:05.458614 [info ] [Thread-2 (]: 24 of 31 START test source_not_null_raw_energy_market_prices_TICKER ............ [RUN]
[0m00:41:05.459282 [debug] [Thread-2 (]: Re-using an available connection from the pool (formerly test.fuel_analytics.source_not_null_raw_energy_market_prices_CLOSE_PRICE.df0315335a, now test.fuel_analytics.source_not_null_raw_energy_market_prices_TICKER.bda3993d31)
[0m00:41:05.459745 [debug] [Thread-2 (]: Began compiling node test.fuel_analytics.source_not_null_raw_energy_market_prices_TICKER.bda3993d31
[0m00:41:05.465554 [debug] [Thread-2 (]: Writing injected SQL for node "test.fuel_analytics.source_not_null_raw_energy_market_prices_TICKER.bda3993d31"
[0m00:41:05.466453 [debug] [Thread-2 (]: Began executing node test.fuel_analytics.source_not_null_raw_energy_market_prices_TICKER.bda3993d31
[0m00:41:05.469075 [debug] [Thread-2 (]: Writing runtime sql for node "test.fuel_analytics.source_not_null_raw_energy_market_prices_TICKER.bda3993d31"
[0m00:41:05.469988 [debug] [Thread-2 (]: Using snowflake connection "test.fuel_analytics.source_not_null_raw_energy_market_prices_TICKER.bda3993d31"
[0m00:41:05.470339 [debug] [Thread-2 (]: On test.fuel_analytics.source_not_null_raw_energy_market_prices_TICKER.bda3993d31: select
      count(*) as failures,
      count(*) != 0 as should_warn,
      count(*) != 0 as should_error
    from (
      
    
  
    
    



select TICKER
from USER_DB_BOA.RAW.energy_market_prices
where TICKER is null



  
  
      
    ) dbt_internal_test
/* {"app": "dbt", "dbt_version": "1.11.8", "profile_name": "fuel_analytics", "target_name": "dev", "node_id": "test.fuel_analytics.source_not_null_raw_energy_market_prices_TICKER.bda3993d31"} */
[0m00:41:05.569610 [debug] [Thread-2 (]: SQL status: SUCCESS 1 in 0.099 seconds
[0m00:41:05.573303 [info ] [Thread-2 (]: 24 of 31 PASS source_not_null_raw_energy_market_prices_TICKER .................. [[32mPASS[0m in 0.11s]
[0m00:41:05.574150 [debug] [Thread-2 (]: Finished running node test.fuel_analytics.source_not_null_raw_energy_market_prices_TICKER.bda3993d31
[0m00:41:05.574673 [debug] [Thread-2 (]: Began running node test.fuel_analytics.source_not_null_raw_energy_market_prices_WEEK_DATE.e031e6eb80
[0m00:41:05.575176 [info ] [Thread-2 (]: 25 of 31 START test source_not_null_raw_energy_market_prices_WEEK_DATE ......... [RUN]
[0m00:41:05.575716 [debug] [Thread-2 (]: Re-using an available connection from the pool (formerly test.fuel_analytics.source_not_null_raw_energy_market_prices_TICKER.bda3993d31, now test.fuel_analytics.source_not_null_raw_energy_market_prices_WEEK_DATE.e031e6eb80)
[0m00:41:05.576148 [debug] [Thread-2 (]: Began compiling node test.fuel_analytics.source_not_null_raw_energy_market_prices_WEEK_DATE.e031e6eb80
[0m00:41:05.582572 [debug] [Thread-2 (]: Writing injected SQL for node "test.fuel_analytics.source_not_null_raw_energy_market_prices_WEEK_DATE.e031e6eb80"
[0m00:41:05.583743 [debug] [Thread-2 (]: Began executing node test.fuel_analytics.source_not_null_raw_energy_market_prices_WEEK_DATE.e031e6eb80
[0m00:41:05.586759 [debug] [Thread-2 (]: Writing runtime sql for node "test.fuel_analytics.source_not_null_raw_energy_market_prices_WEEK_DATE.e031e6eb80"
[0m00:41:05.588000 [debug] [Thread-2 (]: Using snowflake connection "test.fuel_analytics.source_not_null_raw_energy_market_prices_WEEK_DATE.e031e6eb80"
[0m00:41:05.588398 [debug] [Thread-2 (]: On test.fuel_analytics.source_not_null_raw_energy_market_prices_WEEK_DATE.e031e6eb80: select
      count(*) as failures,
      count(*) != 0 as should_warn,
      count(*) != 0 as should_error
    from (
      
    
  
    
    



select WEEK_DATE
from USER_DB_BOA.RAW.energy_market_prices
where WEEK_DATE is null



  
  
      
    ) dbt_internal_test
/* {"app": "dbt", "dbt_version": "1.11.8", "profile_name": "fuel_analytics", "target_name": "dev", "node_id": "test.fuel_analytics.source_not_null_raw_energy_market_prices_WEEK_DATE.e031e6eb80"} */
[0m00:41:05.733956 [debug] [Thread-2 (]: SQL status: SUCCESS 1 in 0.145 seconds
[0m00:41:05.737847 [info ] [Thread-2 (]: 25 of 31 PASS source_not_null_raw_energy_market_prices_WEEK_DATE ............... [[32mPASS[0m in 0.16s]
[0m00:41:05.738884 [debug] [Thread-2 (]: Finished running node test.fuel_analytics.source_not_null_raw_energy_market_prices_WEEK_DATE.e031e6eb80
[0m00:41:05.739535 [debug] [Thread-2 (]: Began running node test.fuel_analytics.source_not_null_raw_fuel_prices_REGION.83fced813d
[0m00:41:05.740139 [info ] [Thread-2 (]: 26 of 31 START test source_not_null_raw_fuel_prices_REGION ..................... [RUN]
[0m00:41:05.740744 [debug] [Thread-2 (]: Re-using an available connection from the pool (formerly test.fuel_analytics.source_not_null_raw_energy_market_prices_WEEK_DATE.e031e6eb80, now test.fuel_analytics.source_not_null_raw_fuel_prices_REGION.83fced813d)
[0m00:41:05.741189 [debug] [Thread-2 (]: Began compiling node test.fuel_analytics.source_not_null_raw_fuel_prices_REGION.83fced813d
[0m00:41:05.747108 [debug] [Thread-2 (]: Writing injected SQL for node "test.fuel_analytics.source_not_null_raw_fuel_prices_REGION.83fced813d"
[0m00:41:05.747806 [debug] [Thread-2 (]: Began executing node test.fuel_analytics.source_not_null_raw_fuel_prices_REGION.83fced813d
[0m00:41:05.751354 [debug] [Thread-2 (]: Writing runtime sql for node "test.fuel_analytics.source_not_null_raw_fuel_prices_REGION.83fced813d"
[0m00:41:05.752450 [debug] [Thread-2 (]: Using snowflake connection "test.fuel_analytics.source_not_null_raw_fuel_prices_REGION.83fced813d"
[0m00:41:05.752823 [debug] [Thread-2 (]: On test.fuel_analytics.source_not_null_raw_fuel_prices_REGION.83fced813d: select
      count(*) as failures,
      count(*) != 0 as should_warn,
      count(*) != 0 as should_error
    from (
      
    
  
    
    



select REGION
from USER_DB_BOA.RAW.fuel_prices
where REGION is null



  
  
      
    ) dbt_internal_test
/* {"app": "dbt", "dbt_version": "1.11.8", "profile_name": "fuel_analytics", "target_name": "dev", "node_id": "test.fuel_analytics.source_not_null_raw_fuel_prices_REGION.83fced813d"} */
[0m00:41:05.853518 [debug] [Thread-2 (]: SQL status: SUCCESS 1 in 0.100 seconds
[0m00:41:05.858621 [info ] [Thread-2 (]: 26 of 31 PASS source_not_null_raw_fuel_prices_REGION ........................... [[32mPASS[0m in 0.12s]
[0m00:41:05.859987 [debug] [Thread-2 (]: Finished running node test.fuel_analytics.source_not_null_raw_fuel_prices_REGION.83fced813d
[0m00:41:05.860710 [debug] [Thread-2 (]: Began running node test.fuel_analytics.source_not_null_raw_fuel_prices_REGULAR_GASOLINE_PRICE.44dd59ebfc
[0m00:41:05.861313 [info ] [Thread-2 (]: 27 of 31 START test source_not_null_raw_fuel_prices_REGULAR_GASOLINE_PRICE ..... [RUN]
[0m00:41:05.862359 [debug] [Thread-2 (]: Re-using an available connection from the pool (formerly test.fuel_analytics.source_not_null_raw_fuel_prices_REGION.83fced813d, now test.fuel_analytics.source_not_null_raw_fuel_prices_REGULAR_GASOLINE_PRICE.44dd59ebfc)
[0m00:41:05.863003 [debug] [Thread-2 (]: Began compiling node test.fuel_analytics.source_not_null_raw_fuel_prices_REGULAR_GASOLINE_PRICE.44dd59ebfc
[0m00:41:05.871050 [debug] [Thread-2 (]: Writing injected SQL for node "test.fuel_analytics.source_not_null_raw_fuel_prices_REGULAR_GASOLINE_PRICE.44dd59ebfc"
[0m00:41:05.872090 [debug] [Thread-2 (]: Began executing node test.fuel_analytics.source_not_null_raw_fuel_prices_REGULAR_GASOLINE_PRICE.44dd59ebfc
[0m00:41:05.875930 [debug] [Thread-2 (]: Writing runtime sql for node "test.fuel_analytics.source_not_null_raw_fuel_prices_REGULAR_GASOLINE_PRICE.44dd59ebfc"
[0m00:41:05.877092 [debug] [Thread-2 (]: Using snowflake connection "test.fuel_analytics.source_not_null_raw_fuel_prices_REGULAR_GASOLINE_PRICE.44dd59ebfc"
[0m00:41:05.877440 [debug] [Thread-2 (]: On test.fuel_analytics.source_not_null_raw_fuel_prices_REGULAR_GASOLINE_PRICE.44dd59ebfc: select
      count(*) as failures,
      count(*) != 0 as should_warn,
      count(*) != 0 as should_error
    from (
      
    
  
    
    



select REGULAR_GASOLINE_PRICE
from USER_DB_BOA.RAW.fuel_prices
where REGULAR_GASOLINE_PRICE is null



  
  
      
    ) dbt_internal_test
/* {"app": "dbt", "dbt_version": "1.11.8", "profile_name": "fuel_analytics", "target_name": "dev", "node_id": "test.fuel_analytics.source_not_null_raw_fuel_prices_REGULAR_GASOLINE_PRICE.44dd59ebfc"} */
[0m00:41:06.007141 [debug] [Thread-2 (]: SQL status: SUCCESS 1 in 0.129 seconds
[0m00:41:06.010941 [info ] [Thread-2 (]: 27 of 31 PASS source_not_null_raw_fuel_prices_REGULAR_GASOLINE_PRICE ........... [[32mPASS[0m in 0.15s]
[0m00:41:06.011978 [debug] [Thread-2 (]: Finished running node test.fuel_analytics.source_not_null_raw_fuel_prices_REGULAR_GASOLINE_PRICE.44dd59ebfc
[0m00:41:06.012623 [debug] [Thread-2 (]: Began running node test.fuel_analytics.source_not_null_raw_fuel_prices_WEEK_DATE.d5d7761b87
[0m00:41:06.013309 [info ] [Thread-2 (]: 28 of 31 START test source_not_null_raw_fuel_prices_WEEK_DATE .................. [RUN]
[0m00:41:06.014204 [debug] [Thread-2 (]: Re-using an available connection from the pool (formerly test.fuel_analytics.source_not_null_raw_fuel_prices_REGULAR_GASOLINE_PRICE.44dd59ebfc, now test.fuel_analytics.source_not_null_raw_fuel_prices_WEEK_DATE.d5d7761b87)
[0m00:41:06.014980 [debug] [Thread-2 (]: Began compiling node test.fuel_analytics.source_not_null_raw_fuel_prices_WEEK_DATE.d5d7761b87
[0m00:41:06.020800 [debug] [Thread-2 (]: Writing injected SQL for node "test.fuel_analytics.source_not_null_raw_fuel_prices_WEEK_DATE.d5d7761b87"
[0m00:41:06.022082 [debug] [Thread-2 (]: Began executing node test.fuel_analytics.source_not_null_raw_fuel_prices_WEEK_DATE.d5d7761b87
[0m00:41:06.025142 [debug] [Thread-2 (]: Writing runtime sql for node "test.fuel_analytics.source_not_null_raw_fuel_prices_WEEK_DATE.d5d7761b87"
[0m00:41:06.026024 [debug] [Thread-2 (]: Using snowflake connection "test.fuel_analytics.source_not_null_raw_fuel_prices_WEEK_DATE.d5d7761b87"
[0m00:41:06.026285 [debug] [Thread-2 (]: On test.fuel_analytics.source_not_null_raw_fuel_prices_WEEK_DATE.d5d7761b87: select
      count(*) as failures,
      count(*) != 0 as should_warn,
      count(*) != 0 as should_error
    from (
      
    
  
    
    



select WEEK_DATE
from USER_DB_BOA.RAW.fuel_prices
where WEEK_DATE is null



  
  
      
    ) dbt_internal_test
/* {"app": "dbt", "dbt_version": "1.11.8", "profile_name": "fuel_analytics", "target_name": "dev", "node_id": "test.fuel_analytics.source_not_null_raw_fuel_prices_WEEK_DATE.d5d7761b87"} */
[0m00:41:06.153575 [debug] [Thread-2 (]: SQL status: SUCCESS 1 in 0.127 seconds
[0m00:41:06.157116 [info ] [Thread-2 (]: 28 of 31 PASS source_not_null_raw_fuel_prices_WEEK_DATE ........................ [[32mPASS[0m in 0.14s]
[0m00:41:06.158073 [debug] [Thread-2 (]: Finished running node test.fuel_analytics.source_not_null_raw_fuel_prices_WEEK_DATE.d5d7761b87
[0m00:41:06.158648 [debug] [Thread-2 (]: Began running node test.fuel_analytics.source_not_null_raw_regional_fuel_prices_PRICE.c255f134aa
[0m00:41:06.159362 [info ] [Thread-2 (]: 29 of 31 START test source_not_null_raw_regional_fuel_prices_PRICE ............. [RUN]
[0m00:41:06.160199 [debug] [Thread-2 (]: Re-using an available connection from the pool (formerly test.fuel_analytics.source_not_null_raw_fuel_prices_WEEK_DATE.d5d7761b87, now test.fuel_analytics.source_not_null_raw_regional_fuel_prices_PRICE.c255f134aa)
[0m00:41:06.160816 [debug] [Thread-2 (]: Began compiling node test.fuel_analytics.source_not_null_raw_regional_fuel_prices_PRICE.c255f134aa
[0m00:41:06.168106 [debug] [Thread-2 (]: Writing injected SQL for node "test.fuel_analytics.source_not_null_raw_regional_fuel_prices_PRICE.c255f134aa"
[0m00:41:06.169568 [debug] [Thread-2 (]: Began executing node test.fuel_analytics.source_not_null_raw_regional_fuel_prices_PRICE.c255f134aa
[0m00:41:06.173111 [debug] [Thread-2 (]: Writing runtime sql for node "test.fuel_analytics.source_not_null_raw_regional_fuel_prices_PRICE.c255f134aa"
[0m00:41:06.174292 [debug] [Thread-2 (]: Using snowflake connection "test.fuel_analytics.source_not_null_raw_regional_fuel_prices_PRICE.c255f134aa"
[0m00:41:06.174596 [debug] [Thread-2 (]: On test.fuel_analytics.source_not_null_raw_regional_fuel_prices_PRICE.c255f134aa: select
      count(*) as failures,
      count(*) != 0 as should_warn,
      count(*) != 0 as should_error
    from (
      
    
  
    
    



select PRICE
from USER_DB_BOA.RAW.regional_fuel_prices
where PRICE is null



  
  
      
    ) dbt_internal_test
/* {"app": "dbt", "dbt_version": "1.11.8", "profile_name": "fuel_analytics", "target_name": "dev", "node_id": "test.fuel_analytics.source_not_null_raw_regional_fuel_prices_PRICE.c255f134aa"} */
[0m00:41:06.286549 [debug] [Thread-2 (]: SQL status: SUCCESS 1 in 0.111 seconds
[0m00:41:06.290868 [info ] [Thread-2 (]: 29 of 31 PASS source_not_null_raw_regional_fuel_prices_PRICE ................... [[32mPASS[0m in 0.13s]
[0m00:41:06.292019 [debug] [Thread-2 (]: Finished running node test.fuel_analytics.source_not_null_raw_regional_fuel_prices_PRICE.c255f134aa
[0m00:41:06.292689 [debug] [Thread-2 (]: Began running node test.fuel_analytics.source_not_null_raw_regional_fuel_prices_REGION.1af3241c77
[0m00:41:06.293386 [info ] [Thread-2 (]: 30 of 31 START test source_not_null_raw_regional_fuel_prices_REGION ............ [RUN]
[0m00:41:06.294104 [debug] [Thread-2 (]: Re-using an available connection from the pool (formerly test.fuel_analytics.source_not_null_raw_regional_fuel_prices_PRICE.c255f134aa, now test.fuel_analytics.source_not_null_raw_regional_fuel_prices_REGION.1af3241c77)
[0m00:41:06.294570 [debug] [Thread-2 (]: Began compiling node test.fuel_analytics.source_not_null_raw_regional_fuel_prices_REGION.1af3241c77
[0m00:41:06.302014 [debug] [Thread-2 (]: Writing injected SQL for node "test.fuel_analytics.source_not_null_raw_regional_fuel_prices_REGION.1af3241c77"
[0m00:41:06.302958 [debug] [Thread-2 (]: Began executing node test.fuel_analytics.source_not_null_raw_regional_fuel_prices_REGION.1af3241c77
[0m00:41:06.306091 [debug] [Thread-2 (]: Writing runtime sql for node "test.fuel_analytics.source_not_null_raw_regional_fuel_prices_REGION.1af3241c77"
[0m00:41:06.306811 [debug] [Thread-2 (]: Using snowflake connection "test.fuel_analytics.source_not_null_raw_regional_fuel_prices_REGION.1af3241c77"
[0m00:41:06.307015 [debug] [Thread-2 (]: On test.fuel_analytics.source_not_null_raw_regional_fuel_prices_REGION.1af3241c77: select
      count(*) as failures,
      count(*) != 0 as should_warn,
      count(*) != 0 as should_error
    from (
      
    
  
    
    



select REGION
from USER_DB_BOA.RAW.regional_fuel_prices
where REGION is null



  
  
      
    ) dbt_internal_test
/* {"app": "dbt", "dbt_version": "1.11.8", "profile_name": "fuel_analytics", "target_name": "dev", "node_id": "test.fuel_analytics.source_not_null_raw_regional_fuel_prices_REGION.1af3241c77"} */
[0m00:41:06.531229 [debug] [Thread-2 (]: SQL status: SUCCESS 1 in 0.223 seconds
[0m00:41:06.535417 [info ] [Thread-2 (]: 30 of 31 PASS source_not_null_raw_regional_fuel_prices_REGION .................. [[32mPASS[0m in 0.24s]
[0m00:41:06.536462 [debug] [Thread-2 (]: Finished running node test.fuel_analytics.source_not_null_raw_regional_fuel_prices_REGION.1af3241c77
[0m00:41:06.537106 [debug] [Thread-2 (]: Began running node test.fuel_analytics.source_not_null_raw_regional_fuel_prices_WEEK_DATE.8c4a10038e
[0m00:41:06.537797 [info ] [Thread-2 (]: 31 of 31 START test source_not_null_raw_regional_fuel_prices_WEEK_DATE ......... [RUN]
[0m00:41:06.538621 [debug] [Thread-2 (]: Re-using an available connection from the pool (formerly test.fuel_analytics.source_not_null_raw_regional_fuel_prices_REGION.1af3241c77, now test.fuel_analytics.source_not_null_raw_regional_fuel_prices_WEEK_DATE.8c4a10038e)
[0m00:41:06.539246 [debug] [Thread-2 (]: Began compiling node test.fuel_analytics.source_not_null_raw_regional_fuel_prices_WEEK_DATE.8c4a10038e
[0m00:41:06.548643 [debug] [Thread-2 (]: Writing injected SQL for node "test.fuel_analytics.source_not_null_raw_regional_fuel_prices_WEEK_DATE.8c4a10038e"
[0m00:41:06.550167 [debug] [Thread-2 (]: Began executing node test.fuel_analytics.source_not_null_raw_regional_fuel_prices_WEEK_DATE.8c4a10038e
[0m00:41:06.553413 [debug] [Thread-2 (]: Writing runtime sql for node "test.fuel_analytics.source_not_null_raw_regional_fuel_prices_WEEK_DATE.8c4a10038e"
[0m00:41:06.554601 [debug] [Thread-2 (]: Using snowflake connection "test.fuel_analytics.source_not_null_raw_regional_fuel_prices_WEEK_DATE.8c4a10038e"
[0m00:41:06.554978 [debug] [Thread-2 (]: On test.fuel_analytics.source_not_null_raw_regional_fuel_prices_WEEK_DATE.8c4a10038e: select
      count(*) as failures,
      count(*) != 0 as should_warn,
      count(*) != 0 as should_error
    from (
      
    
  
    
    



select WEEK_DATE
from USER_DB_BOA.RAW.regional_fuel_prices
where WEEK_DATE is null



  
  
      
    ) dbt_internal_test
/* {"app": "dbt", "dbt_version": "1.11.8", "profile_name": "fuel_analytics", "target_name": "dev", "node_id": "test.fuel_analytics.source_not_null_raw_regional_fuel_prices_WEEK_DATE.8c4a10038e"} */
[0m00:41:06.762593 [debug] [Thread-2 (]: SQL status: SUCCESS 1 in 0.207 seconds
[0m00:41:06.766118 [info ] [Thread-2 (]: 31 of 31 PASS source_not_null_raw_regional_fuel_prices_WEEK_DATE ............... [[32mPASS[0m in 0.23s]
[0m00:41:06.767073 [debug] [Thread-2 (]: Finished running node test.fuel_analytics.source_not_null_raw_regional_fuel_prices_WEEK_DATE.8c4a10038e
[0m00:41:06.769316 [debug] [MainThread]: Connection 'master' was properly closed.
[0m00:41:06.769880 [debug] [MainThread]: Connection 'test.fuel_analytics.source_not_null_raw_regional_fuel_prices_WEEK_DATE.8c4a10038e' was left open.
[0m00:41:06.770332 [debug] [MainThread]: On test.fuel_analytics.source_not_null_raw_regional_fuel_prices_WEEK_DATE.8c4a10038e: Close
[0m00:41:06.891097 [info ] [MainThread]: 
[0m00:41:06.892059 [info ] [MainThread]: Finished running 31 data tests in 0 hours 0 minutes and 9.88 seconds (9.88s).
[0m00:41:06.897740 [debug] [MainThread]: Command end result
[0m00:41:06.930935 [debug] [MainThread]: Wrote artifact WritableManifest to ./target/manifest.json
[0m00:41:06.932362 [debug] [MainThread]: Wrote artifact SemanticManifest to ./target/semantic_manifest.json
[0m00:41:06.936981 [debug] [MainThread]: Wrote artifact RunExecutionResult to ./target/run_results.json
[0m00:41:06.937185 [info ] [MainThread]: 
[0m00:41:06.937408 [info ] [MainThread]: [32mCompleted successfully[0m
[0m00:41:06.937584 [info ] [MainThread]: 
[0m00:41:06.937766 [info ] [MainThread]: Done. PASS=31 WARN=0 ERROR=0 SKIP=0 NO-OP=0 TOTAL=31
[0m00:41:06.942619 [debug] [MainThread]: Resource report: {"command_name": "test", "command_success": true, "command_wall_clock_time": 11.08563, "process_in_blocks": "0", "process_kernel_time": 0.988024, "process_mem_max_rss": "235274240", "process_out_blocks": "0", "process_user_time": 4.576047}
[0m00:41:06.942914 [debug] [MainThread]: Command `dbt test` succeeded at 00:41:06.942859 after 11.09 seconds
[0m00:41:06.943140 [debug] [MainThread]: Sending event: {'category': 'dbt', 'action': 'invocation', 'label': 'end', 'context': [<snowplow_tracker.self_describing_json.SelfDescribingJson object at 0x1098f2fc0>, <snowplow_tracker.self_describing_json.SelfDescribingJson object at 0x1601d69f0>, <snowplow_tracker.self_describing_json.SelfDescribingJson object at 0x1601d6750>]}
[0m00:41:06.943344 [debug] [MainThread]: Flushing usage events
[0m00:41:07.298285 [debug] [MainThread]: An error was encountered while trying to flush usage events
[0m00:47:48.927211 [debug] [MainThread]: Sending event: {'category': 'dbt', 'action': 'invocation', 'label': 'start', 'context': [<snowplow_tracker.self_describing_json.SelfDescribingJson object at 0x108407380>, <snowplow_tracker.self_describing_json.SelfDescribingJson object at 0x10853f500>, <snowplow_tracker.self_describing_json.SelfDescribingJson object at 0x106d5acc0>]}


============================== 00:47:48.929571 | d6ce637b-4ff7-4fad-9428-f71f3f9f073c ==============================
[0m00:47:48.929571 [info ] [MainThread]: Running with dbt=1.11.8
[0m00:47:48.929844 [debug] [MainThread]: running dbt with arguments {'printer_width': '80', 'empty': 'None', 'static_parser': 'True', 'send_anonymous_usage_stats': 'True', 'debug': 'False', 'version_check': 'True', 'log_cache_events': 'False', 'log_path': 'logs', 'partial_parse': 'True', 'target_path': 'None', 'fail_fast': 'False', 'quiet': 'False', 'log_format': 'default', 'profiles_dir': '.', 'indirect_selection': 'eager', 'introspect': 'True', 'use_experimental_parser': 'False', 'warn_error_options': 'WarnErrorOptionsV2(error=[], warn=[], silence=[])', 'use_colors': 'True', 'warn_error': 'None', 'no_print': 'None', 'invocation_command': 'dbt debug --profiles-dir . --project-dir .', 'write_json': 'True', 'cache_selected_only': 'False'}
[0m00:47:48.938267 [info ] [MainThread]: dbt version: 1.11.8
[0m00:47:48.938482 [info ] [MainThread]: python version: 3.12.7
[0m00:47:48.938619 [info ] [MainThread]: python path: /opt/anaconda3/bin/python
[0m00:47:48.938821 [info ] [MainThread]: os info: macOS-26.3.1-arm64-arm-64bit
[0m00:47:49.692564 [debug] [MainThread]: Snowflake adapter: Setting snowflake.connector to ERROR (file logging only)
[0m00:47:49.692831 [debug] [MainThread]: Snowflake adapter: Setting botocore to ERROR (file logging only)
[0m00:47:49.692963 [debug] [MainThread]: Snowflake adapter: Setting boto3 to ERROR (file logging only)
[0m00:47:49.720294 [info ] [MainThread]: Using profiles dir at .
[0m00:47:49.720491 [info ] [MainThread]: Using profiles.yml file at ./profiles.yml
[0m00:47:49.720815 [info ] [MainThread]: Using dbt_project.yml file at ./dbt_project.yml
[0m00:47:49.721040 [info ] [MainThread]: adapter type: snowflake
[0m00:47:49.721161 [info ] [MainThread]: adapter version: 1.11.4
[0m00:47:49.767015 [info ] [MainThread]: Configuration:
[0m00:47:49.767286 [info ] [MainThread]:   profiles.yml file [[32mOK found and valid[0m]
[0m00:47:49.767414 [info ] [MainThread]:   dbt_project.yml file [[32mOK found and valid[0m]
[0m00:47:49.767532 [info ] [MainThread]: Required dependencies:
[0m00:47:49.767726 [debug] [MainThread]: Executing "git --help"
[0m00:47:49.783483 [debug] [MainThread]: STDOUT: "b"usage: git [-v | --version] [-h | --help] [-C <path>] [-c <name>=<value>]\n           [--exec-path[=<path>]] [--html-path] [--man-path] [--info-path]\n           [-p | --paginate | -P | --no-pager] [--no-replace-objects] [--no-lazy-fetch]\n           [--no-optional-locks] [--no-advice] [--bare] [--git-dir=<path>]\n           [--work-tree=<path>] [--namespace=<name>] [--config-env=<name>=<envvar>]\n           <command> [<args>]\n\nThese are common Git commands used in various situations:\n\nstart a working area (see also: git help tutorial)\n   clone      Clone a repository into a new directory\n   init       Create an empty Git repository or reinitialize an existing one\n\nwork on the current change (see also: git help everyday)\n   add        Add file contents to the index\n   mv         Move or rename a file, a directory, or a symlink\n   restore    Restore working tree files\n   rm         Remove files from the working tree and from the index\n\nexamine the history and state (see also: git help revisions)\n   bisect     Use binary search to find the commit that introduced a bug\n   diff       Show changes between commits, commit and working tree, etc\n   grep       Print lines matching a pattern\n   log        Show commit logs\n   show       Show various types of objects\n   status     Show the working tree status\n\ngrow, mark and tweak your common history\n   backfill   Download missing objects in a partial clone\n   branch     List, create, or delete branches\n   commit     Record changes to the repository\n   merge      Join two or more development histories together\n   rebase     Reapply commits on top of another base tip\n   reset      Reset current HEAD to the specified state\n   switch     Switch branches\n   tag        Create, list, delete or verify a tag object signed with GPG\n\ncollaborate (see also: git help workflows)\n   fetch      Download objects and refs from another repository\n   pull       Fetch from and integrate with another repository or a local branch\n   push       Update remote refs along with associated objects\n\n'git help -a' and 'git help -g' list available subcommands and some\nconcept guides. See 'git help <command>' or 'git help <concept>'\nto read about a specific subcommand or concept.\nSee 'git help git' for an overview of the system.\n""
[0m00:47:49.783970 [debug] [MainThread]: STDERR: "b''"
[0m00:47:49.784105 [info ] [MainThread]:  - git [[32mOK found[0m]

[0m00:47:49.784248 [info ] [MainThread]: Connection:
[0m00:47:49.784401 [info ] [MainThread]:   account: SFEDU02-EAB27764
[0m00:47:49.784518 [info ] [MainThread]:   user: BOA
[0m00:47:49.784639 [info ] [MainThread]:   database: USER_DB_BOA
[0m00:47:49.784748 [info ] [MainThread]:   warehouse: BOA_WH
[0m00:47:49.784852 [info ] [MainThread]:   role: TRAINING_ROLE
[0m00:47:49.784951 [info ] [MainThread]:   schema: dbt
[0m00:47:49.785059 [info ] [MainThread]:   authenticator: None
[0m00:47:49.785166 [info ] [MainThread]:   oauth_client_id: None
[0m00:47:49.785269 [info ] [MainThread]:   query_tag: None
[0m00:47:49.785374 [info ] [MainThread]:   client_session_keep_alive: False
[0m00:47:49.785474 [info ] [MainThread]:   host: None
[0m00:47:49.785578 [info ] [MainThread]:   port: None
[0m00:47:49.785676 [info ] [MainThread]:   proxy_host: None
[0m00:47:49.785777 [info ] [MainThread]:   proxy_port: None
[0m00:47:49.785875 [info ] [MainThread]:   protocol: None
[0m00:47:49.785976 [info ] [MainThread]:   connect_retries: 1
[0m00:47:49.786070 [info ] [MainThread]:   connect_timeout: None
[0m00:47:49.786175 [info ] [MainThread]:   retry_on_database_errors: False
[0m00:47:49.786272 [info ] [MainThread]:   retry_all: False
[0m00:47:49.786372 [info ] [MainThread]:   insecure_mode: False
[0m00:47:49.786478 [info ] [MainThread]:   reuse_connections: True
[0m00:47:49.786579 [info ] [MainThread]:   s3_stage_vpce_dns_name: None
[0m00:47:49.786680 [info ] [MainThread]:   platform_detection_timeout_seconds: 0.0
[0m00:47:49.786987 [info ] [MainThread]: Registered adapter: snowflake=1.11.4
[0m00:47:49.837984 [debug] [MainThread]: Acquiring new snowflake connection 'debug'
[0m00:47:49.884846 [debug] [MainThread]: Using snowflake connection "debug"
[0m00:47:49.885040 [debug] [MainThread]: On debug: select 1 as id
[0m00:47:49.885153 [debug] [MainThread]: Opening a new connection, currently in state init
[0m00:47:50.534545 [debug] [MainThread]: SQL status: SUCCESS 1 in 0.649 seconds
[0m00:47:50.535407 [info ] [MainThread]:   Connection test: [[32mOK connection ok[0m]

[0m00:47:50.535694 [info ] [MainThread]: [32mAll checks passed![0m
[0m00:47:50.542204 [debug] [MainThread]: Resource report: {"command_name": "debug", "command_success": true, "command_wall_clock_time": 1.6523601, "process_in_blocks": "0", "process_kernel_time": 0.965951, "process_mem_max_rss": "228573184", "process_out_blocks": "0", "process_user_time": 3.427779}
[0m00:47:50.542609 [debug] [MainThread]: Command `dbt debug` succeeded at 00:47:50.542533 after 1.65 seconds
[0m00:47:50.542848 [debug] [MainThread]: Connection 'debug' was left open.
[0m00:47:50.543034 [debug] [MainThread]: On debug: Close
[0m00:47:50.685128 [debug] [MainThread]: Sending event: {'category': 'dbt', 'action': 'invocation', 'label': 'end', 'context': [<snowplow_tracker.self_describing_json.SelfDescribingJson object at 0x107a41f40>, <snowplow_tracker.self_describing_json.SelfDescribingJson object at 0x12a02f2f0>, <snowplow_tracker.self_describing_json.SelfDescribingJson object at 0x13fc849b0>]}
[0m00:47:50.686316 [debug] [MainThread]: Flushing usage events
[0m00:47:51.048145 [debug] [MainThread]: An error was encountered while trying to flush usage events
[0m00:48:05.537820 [debug] [MainThread]: Sending event: {'category': 'dbt', 'action': 'invocation', 'label': 'start', 'context': [<snowplow_tracker.self_describing_json.SelfDescribingJson object at 0x106103020>, <snowplow_tracker.self_describing_json.SelfDescribingJson object at 0x107523170>, <snowplow_tracker.self_describing_json.SelfDescribingJson object at 0x107522db0>]}


============================== 00:48:05.540148 | 7f8a9822-3b4e-4db8-a382-9e78d52b2b3e ==============================
[0m00:48:05.540148 [info ] [MainThread]: Running with dbt=1.11.8
[0m00:48:05.540422 [debug] [MainThread]: running dbt with arguments {'debug': 'False', 'fail_fast': 'False', 'partial_parse': 'True', 'cache_selected_only': 'False', 'indirect_selection': 'eager', 'warn_error_options': 'WarnErrorOptionsV2(error=[], warn=[], silence=[])', 'log_cache_events': 'False', 'warn_error': 'None', 'send_anonymous_usage_stats': 'True', 'log_path': 'logs', 'empty': 'False', 'write_json': 'True', 'no_print': 'None', 'version_check': 'True', 'static_parser': 'True', 'use_experimental_parser': 'False', 'use_colors': 'True', 'invocation_command': 'dbt run --profiles-dir . --project-dir .', 'introspect': 'True', 'target_path': 'None', 'printer_width': '80', 'quiet': 'False', 'log_format': 'default', 'profiles_dir': '.'}
[0m00:48:06.233092 [debug] [MainThread]: Snowflake adapter: Setting snowflake.connector to ERROR (file logging only)
[0m00:48:06.233355 [debug] [MainThread]: Snowflake adapter: Setting botocore to ERROR (file logging only)
[0m00:48:06.233494 [debug] [MainThread]: Snowflake adapter: Setting boto3 to ERROR (file logging only)
[0m00:48:06.353288 [debug] [MainThread]: Sending event: {'category': 'dbt', 'action': 'project_id', 'label': '7f8a9822-3b4e-4db8-a382-9e78d52b2b3e', 'context': [<snowplow_tracker.self_describing_json.SelfDescribingJson object at 0x13f8115e0>]}
[0m00:48:06.382355 [debug] [MainThread]: Sending event: {'category': 'dbt', 'action': 'adapter_info', 'label': '7f8a9822-3b4e-4db8-a382-9e78d52b2b3e', 'context': [<snowplow_tracker.self_describing_json.SelfDescribingJson object at 0x1067aa480>]}
[0m00:48:06.382919 [info ] [MainThread]: Registered adapter: snowflake=1.11.4
[0m00:48:06.437279 [debug] [MainThread]: checksum: 7d524ac048c2100769df89d592e662e060a73ca564e31bd9c2a37efdfe8d8ab6, vars: {}, profile: , target: , version: 1.11.8
[0m00:48:06.557871 [debug] [MainThread]: Partial parsing enabled: 0 files deleted, 0 files added, 0 files changed.
[0m00:48:06.558080 [debug] [MainThread]: Nothing changed, skipping partial parsing.
[0m00:48:06.558197 [debug] [MainThread]: Partial parsing enabled, no changes found, skipping parsing
[0m00:48:06.579826 [debug] [MainThread]: Sending event: {'category': 'dbt', 'action': 'load_project', 'label': '7f8a9822-3b4e-4db8-a382-9e78d52b2b3e', 'context': [<snowplow_tracker.self_describing_json.SelfDescribingJson object at 0x13f92b1a0>]}
[0m00:48:06.623596 [debug] [MainThread]: Wrote artifact WritableManifest to ./target/manifest.json
[0m00:48:06.624542 [debug] [MainThread]: Wrote artifact SemanticManifest to ./target/semantic_manifest.json
[0m00:48:06.631139 [debug] [MainThread]: Sending event: {'category': 'dbt', 'action': 'resource_counts', 'label': '7f8a9822-3b4e-4db8-a382-9e78d52b2b3e', 'context': [<snowplow_tracker.self_describing_json.SelfDescribingJson object at 0x13fb65400>]}
[0m00:48:06.631390 [info ] [MainThread]: Found 4 models, 1 snapshot, 31 data tests, 3 sources, 523 macros
[0m00:48:06.631552 [debug] [MainThread]: Sending event: {'category': 'dbt', 'action': 'runnable_timing', 'label': '7f8a9822-3b4e-4db8-a382-9e78d52b2b3e', 'context': [<snowplow_tracker.self_describing_json.SelfDescribingJson object at 0x10dc3c740>]}
[0m00:48:06.632450 [info ] [MainThread]: 
[0m00:48:06.632597 [info ] [MainThread]: Concurrency: 1 threads (target='dev')
[0m00:48:06.632712 [info ] [MainThread]: 
[0m00:48:06.632916 [debug] [MainThread]: Acquiring new snowflake connection 'master'
[0m00:48:06.634690 [debug] [ThreadPool]: Acquiring new snowflake connection 'list_USER_DB_BOA'
[0m00:48:06.663442 [debug] [ThreadPool]: Using snowflake connection "list_USER_DB_BOA"
[0m00:48:06.663640 [debug] [ThreadPool]: On list_USER_DB_BOA: show terse schemas in database USER_DB_BOA
    limit 10000
/* {"app": "dbt", "dbt_version": "1.11.8", "profile_name": "fuel_analytics", "target_name": "dev", "connection_name": "list_USER_DB_BOA"} */
[0m00:48:06.663758 [debug] [ThreadPool]: Opening a new connection, currently in state init
[0m00:48:07.290183 [debug] [ThreadPool]: SQL status: SUCCESS 8 in 0.626 seconds
[0m00:48:07.296131 [debug] [ThreadPool]: Re-using an available connection from the pool (formerly list_USER_DB_BOA, now list_USER_DB_FERRET_DBT)
[0m00:48:07.313476 [debug] [ThreadPool]: Using snowflake connection "list_USER_DB_FERRET_DBT"
[0m00:48:07.314004 [debug] [ThreadPool]: On list_USER_DB_FERRET_DBT: show objects in USER_DB_FERRET.DBT
    limit 10000
    

/* {"app": "dbt", "dbt_version": "1.11.8", "profile_name": "fuel_analytics", "target_name": "dev", "connection_name": "list_USER_DB_FERRET_DBT"} */;
[0m00:48:07.482699 [debug] [ThreadPool]: SQL status: SUCCESS 10 in 0.168 seconds
[0m00:48:07.487551 [debug] [ThreadPool]: Re-using an available connection from the pool (formerly list_USER_DB_FERRET_DBT, now list_USER_DB_BOA_dbt)
[0m00:48:07.491385 [debug] [ThreadPool]: Using snowflake connection "list_USER_DB_BOA_dbt"
[0m00:48:07.491721 [debug] [ThreadPool]: On list_USER_DB_BOA_dbt: show objects in USER_DB_BOA.dbt
    limit 10000
    

/* {"app": "dbt", "dbt_version": "1.11.8", "profile_name": "fuel_analytics", "target_name": "dev", "connection_name": "list_USER_DB_BOA_dbt"} */;
[0m00:48:07.635915 [debug] [ThreadPool]: SQL status: SUCCESS 4 in 0.144 seconds
[0m00:48:07.640153 [debug] [MainThread]: Sending event: {'category': 'dbt', 'action': 'runnable_timing', 'label': '7f8a9822-3b4e-4db8-a382-9e78d52b2b3e', 'context': [<snowplow_tracker.self_describing_json.SelfDescribingJson object at 0x104b69f10>]}
[0m00:48:07.644277 [debug] [Thread-2 (]: Began running node model.fuel_analytics.crude_correlation
[0m00:48:07.644887 [info ] [Thread-2 (]: 1 of 4 START sql table model dbt.crude_correlation ............................. [RUN]
[0m00:48:07.645387 [debug] [Thread-2 (]: Re-using an available connection from the pool (formerly list_USER_DB_BOA_dbt, now model.fuel_analytics.crude_correlation)
[0m00:48:07.645794 [debug] [Thread-2 (]: Began compiling node model.fuel_analytics.crude_correlation
[0m00:48:07.656515 [debug] [Thread-2 (]: Writing injected SQL for node "model.fuel_analytics.crude_correlation"
[0m00:48:07.657894 [debug] [Thread-2 (]: Began executing node model.fuel_analytics.crude_correlation
[0m00:48:07.681104 [debug] [Thread-2 (]: Writing runtime sql for node "model.fuel_analytics.crude_correlation"
[0m00:48:07.682825 [debug] [Thread-2 (]: Using snowflake connection "model.fuel_analytics.crude_correlation"
[0m00:48:07.683118 [debug] [Thread-2 (]: On model.fuel_analytics.crude_correlation: create or replace transient table USER_DB_BOA.dbt.crude_correlation
    
    
    
    as (-- models/crude_correlation.sql
-- ================================================
-- PURPOSE:
--   Joins retail gasoline prices (EIA) with
--   crude oil futures prices (yfinance CL=F).
--   Shows how crude oil prices feed through to
--   the pump with a 2-week lag.
--
-- SOURCE TABLES:
--   USER_DB_FERRET.RAW.FUEL_PRICES           (EIA)
--   USER_DB_FERRET.RAW.ENERGY_MARKET_PRICES  (yfinance)
-- OUTPUT TABLE:
--   USER_DB_FERRET.DBT.CRUDE_CORRELATION
-- ================================================



WITH fuel AS (
    SELECT
        WEEK_DATE,
        REGULAR_GASOLINE_PRICE,
        DIESEL_PRICE
    FROM USER_DB_BOA.RAW.fuel_prices
    WHERE REGION = 'US_NATIONAL'
      AND REGULAR_GASOLINE_PRICE IS NOT NULL
),

-- Pull only WTI Crude Oil (CL=F) from energy market table
crude AS (
    SELECT
        WEEK_DATE,
        CLOSE_PRICE                          AS CRUDE_CLOSE_USD_BBL,
        -- Convert $/barrel to $/gallon (1 barrel = 42 gallons)
        ROUND(CLOSE_PRICE / 42.0, 4)         AS CRUDE_USD_PER_GALLON
    FROM USER_DB_BOA.RAW.energy_market_prices
    WHERE TICKER = 'CL=F'
      AND CLOSE_PRICE IS NOT NULL
),

-- Add a 2-week lag on crude price (typical refinery processing time)
crude_lagged AS (
    SELECT
        WEEK_DATE,
        CRUDE_CLOSE_USD_BBL,
        CRUDE_USD_PER_GALLON,
        LAG(CRUDE_CLOSE_USD_BBL,   2) OVER (ORDER BY WEEK_DATE) AS CRUDE_LAG2_BBL,
        LAG(CRUDE_USD_PER_GALLON,  2) OVER (ORDER BY WEEK_DATE) AS CRUDE_LAG2_GAL
    FROM crude
)

SELECT
    f.WEEK_DATE,
    f.REGULAR_GASOLINE_PRICE,
    f.DIESEL_PRICE,
    c.CRUDE_CLOSE_USD_BBL,
    c.CRUDE_USD_PER_GALLON,
    c.CRUDE_LAG2_BBL,
    c.CRUDE_LAG2_GAL,

    -- Pump-to-crude margin (retail price minus crude cost per gallon)
    ROUND(
        f.REGULAR_GASOLINE_PRICE
        - COALESCE(c.CRUDE_LAG2_GAL, c.CRUDE_USD_PER_GALLON),
        4
    ) AS PUMP_TO_CRUDE_MARGIN,

    -- Margin category
    CASE
        WHEN ROUND(f.REGULAR_GASOLINE_PRICE
             - COALESCE(c.CRUDE_LAG2_GAL, c.CRUDE_USD_PER_GALLON), 4) > 1.50
        THEN 'Wide Margin'
        WHEN ROUND(f.REGULAR_GASOLINE_PRICE
             - COALESCE(c.CRUDE_LAG2_GAL, c.CRUDE_USD_PER_GALLON), 4) > 0.80
        THEN 'Normal Margin'
        ELSE 'Tight Margin'
    END AS MARGIN_CATEGORY

FROM fuel f
LEFT JOIN crude_lagged c ON f.WEEK_DATE = c.WEEK_DATE
ORDER BY f.WEEK_DATE
    )

/* {"app": "dbt", "dbt_version": "1.11.8", "profile_name": "fuel_analytics", "target_name": "dev", "node_id": "model.fuel_analytics.crude_correlation"} */;
[0m00:48:09.790743 [debug] [Thread-2 (]: SQL status: SUCCESS 200 in 2.107 seconds
[0m00:48:09.818969 [debug] [Thread-2 (]: Sending event: {'category': 'dbt', 'action': 'run_model', 'label': '7f8a9822-3b4e-4db8-a382-9e78d52b2b3e', 'context': [<snowplow_tracker.self_describing_json.SelfDescribingJson object at 0x107543110>]}
[0m00:48:09.819509 [info ] [Thread-2 (]: 1 of 4 OK created sql table model dbt.crude_correlation ........................ [[32mSUCCESS 200[0m in 2.17s]
[0m00:48:09.819925 [debug] [Thread-2 (]: Finished running node model.fuel_analytics.crude_correlation
[0m00:48:09.820218 [debug] [Thread-2 (]: Began running node model.fuel_analytics.price_moving_avg
[0m00:48:09.820642 [info ] [Thread-2 (]: 2 of 4 START sql table model dbt.price_moving_avg .............................. [RUN]
[0m00:48:09.821046 [debug] [Thread-2 (]: Re-using an available connection from the pool (formerly model.fuel_analytics.crude_correlation, now model.fuel_analytics.price_moving_avg)
[0m00:48:09.821310 [debug] [Thread-2 (]: Began compiling node model.fuel_analytics.price_moving_avg
[0m00:48:09.823591 [debug] [Thread-2 (]: Writing injected SQL for node "model.fuel_analytics.price_moving_avg"
[0m00:48:09.824310 [debug] [Thread-2 (]: Began executing node model.fuel_analytics.price_moving_avg
[0m00:48:09.826167 [debug] [Thread-2 (]: Writing runtime sql for node "model.fuel_analytics.price_moving_avg"
[0m00:48:09.827786 [debug] [Thread-2 (]: Using snowflake connection "model.fuel_analytics.price_moving_avg"
[0m00:48:09.828070 [debug] [Thread-2 (]: On model.fuel_analytics.price_moving_avg: create or replace transient table USER_DB_BOA.dbt.price_moving_avg
    
    
    
    as (-- models/price_moving_avg.sql
-- ================================================
-- PURPOSE:
--   Computes 4-week, 12-week, and 52-week rolling
--   average prices for regular gasoline and diesel.
--   Also calculates premium and diesel spreads.
--
-- SOURCE TABLE: USER_DB_FERRET.RAW.FUEL_PRICES
-- OUTPUT TABLE: USER_DB_FERRET.DBT.PRICE_MOVING_AVG
-- ================================================



WITH base AS (
    SELECT
        WEEK_DATE,
        REGION,
        REGULAR_GASOLINE_PRICE,
        MIDGRADE_GASOLINE_PRICE,
        PREMIUM_GASOLINE_PRICE,
        DIESEL_PRICE
    FROM USER_DB_BOA.RAW.fuel_prices
    WHERE REGULAR_GASOLINE_PRICE IS NOT NULL
      AND REGION = 'US_NATIONAL'
)

SELECT
    WEEK_DATE,
    REGION,
    REGULAR_GASOLINE_PRICE,
    MIDGRADE_GASOLINE_PRICE,
    PREMIUM_GASOLINE_PRICE,
    DIESEL_PRICE,

    -- 4-week rolling averages (~1 month)
    ROUND(AVG(REGULAR_GASOLINE_PRICE) OVER (
        PARTITION BY REGION ORDER BY WEEK_DATE
        ROWS BETWEEN 3 PRECEDING AND CURRENT ROW
    ), 4) AS REGULAR_4WK_AVG,

    ROUND(AVG(DIESEL_PRICE) OVER (
        PARTITION BY REGION ORDER BY WEEK_DATE
        ROWS BETWEEN 3 PRECEDING AND CURRENT ROW
    ), 4) AS DIESEL_4WK_AVG,

    -- 12-week rolling averages (~3 months)
    ROUND(AVG(REGULAR_GASOLINE_PRICE) OVER (
        PARTITION BY REGION ORDER BY WEEK_DATE
        ROWS BETWEEN 11 PRECEDING AND CURRENT ROW
    ), 4) AS REGULAR_12WK_AVG,

    ROUND(AVG(DIESEL_PRICE) OVER (
        PARTITION BY REGION ORDER BY WEEK_DATE
        ROWS BETWEEN 11 PRECEDING AND CURRENT ROW
    ), 4) AS DIESEL_12WK_AVG,

    -- 52-week rolling averages (~1 year)
    ROUND(AVG(REGULAR_GASOLINE_PRICE) OVER (
        PARTITION BY REGION ORDER BY WEEK_DATE
        ROWS BETWEEN 51 PRECEDING AND CURRENT ROW
    ), 4) AS REGULAR_52WK_AVG,

    ROUND(AVG(DIESEL_PRICE) OVER (
        PARTITION BY REGION ORDER BY WEEK_DATE
        ROWS BETWEEN 51 PRECEDING AND CURRENT ROW
    ), 4) AS DIESEL_52WK_AVG,

    -- Price spreads
    ROUND(PREMIUM_GASOLINE_PRICE - REGULAR_GASOLINE_PRICE, 4) AS PREMIUM_SPREAD,
    ROUND(DIESEL_PRICE           - REGULAR_GASOLINE_PRICE, 4) AS DIESEL_SPREAD

FROM base
ORDER BY WEEK_DATE
    )

/* {"app": "dbt", "dbt_version": "1.11.8", "profile_name": "fuel_analytics", "target_name": "dev", "node_id": "model.fuel_analytics.price_moving_avg"} */;
[0m00:48:10.918186 [debug] [Thread-2 (]: SQL status: SUCCESS 200 in 1.089 seconds
[0m00:48:10.923220 [debug] [Thread-2 (]: Sending event: {'category': 'dbt', 'action': 'run_model', 'label': '7f8a9822-3b4e-4db8-a382-9e78d52b2b3e', 'context': [<snowplow_tracker.self_describing_json.SelfDescribingJson object at 0x14c493830>]}
[0m00:48:10.924455 [info ] [Thread-2 (]: 2 of 4 OK created sql table model dbt.price_moving_avg ......................... [[32mSUCCESS 200[0m in 1.10s]
[0m00:48:10.925501 [debug] [Thread-2 (]: Finished running node model.fuel_analytics.price_moving_avg
[0m00:48:10.926150 [debug] [Thread-2 (]: Began running node model.fuel_analytics.price_volatility
[0m00:48:10.926864 [info ] [Thread-2 (]: 3 of 4 START sql table model dbt.price_volatility .............................. [RUN]
[0m00:48:10.927524 [debug] [Thread-2 (]: Re-using an available connection from the pool (formerly model.fuel_analytics.price_moving_avg, now model.fuel_analytics.price_volatility)
[0m00:48:10.927999 [debug] [Thread-2 (]: Began compiling node model.fuel_analytics.price_volatility
[0m00:48:10.933721 [debug] [Thread-2 (]: Writing injected SQL for node "model.fuel_analytics.price_volatility"
[0m00:48:10.936100 [debug] [Thread-2 (]: Began executing node model.fuel_analytics.price_volatility
[0m00:48:10.939567 [debug] [Thread-2 (]: Writing runtime sql for node "model.fuel_analytics.price_volatility"
[0m00:48:10.942592 [debug] [Thread-2 (]: Using snowflake connection "model.fuel_analytics.price_volatility"
[0m00:48:10.943357 [debug] [Thread-2 (]: On model.fuel_analytics.price_volatility: create or replace transient table USER_DB_BOA.dbt.price_volatility
    
    
    
    as (-- models/price_volatility.sql
-- ================================================
-- PURPOSE:
--   Week-over-week price changes, % changes,
--   rolling standard deviation, price direction
--   and volatility labels.
--
-- SOURCE TABLE: USER_DB_FERRET.RAW.FUEL_PRICES
-- OUTPUT TABLE: USER_DB_FERRET.DBT.PRICE_VOLATILITY
-- ================================================



WITH base AS (
    SELECT
        WEEK_DATE,
        REGION,
        REGULAR_GASOLINE_PRICE,
        DIESEL_PRICE,
        LAG(REGULAR_GASOLINE_PRICE) OVER (
            PARTITION BY REGION ORDER BY WEEK_DATE
        ) AS PREV_WEEK_REGULAR,
        LAG(DIESEL_PRICE) OVER (
            PARTITION BY REGION ORDER BY WEEK_DATE
        ) AS PREV_WEEK_DIESEL
    FROM USER_DB_BOA.RAW.fuel_prices
    WHERE REGULAR_GASOLINE_PRICE IS NOT NULL
      AND REGION = 'US_NATIONAL'
),

with_changes AS (
    SELECT
        WEEK_DATE,
        REGION,
        REGULAR_GASOLINE_PRICE,
        DIESEL_PRICE,

        -- Dollar change week over week
        ROUND(REGULAR_GASOLINE_PRICE - PREV_WEEK_REGULAR, 4) AS REGULAR_WOW_CHANGE,
        ROUND(DIESEL_PRICE           - PREV_WEEK_DIESEL,  4) AS DIESEL_WOW_CHANGE,

        -- Percentage change week over week
        CASE
            WHEN PREV_WEEK_REGULAR > 0
            THEN ROUND(
                ((REGULAR_GASOLINE_PRICE - PREV_WEEK_REGULAR) / PREV_WEEK_REGULAR) * 100,
                4)
            ELSE NULL
        END AS REGULAR_WOW_PCT_CHANGE,

        -- All-time historical average for this region
        AVG(REGULAR_GASOLINE_PRICE) OVER (
            PARTITION BY REGION
        ) AS HIST_AVG_REGULAR,

        -- 12-week rolling standard deviation (volatility measure)
        STDDEV(REGULAR_GASOLINE_PRICE) OVER (
            PARTITION BY REGION ORDER BY WEEK_DATE
            ROWS BETWEEN 11 PRECEDING AND CURRENT ROW
        ) AS ROLLING_12WK_STDDEV

    FROM base
)

SELECT
    WEEK_DATE,
    REGION,
    REGULAR_GASOLINE_PRICE,
    DIESEL_PRICE,
    REGULAR_WOW_CHANGE,
    DIESEL_WOW_CHANGE,
    REGULAR_WOW_PCT_CHANGE,
    ROUND(HIST_AVG_REGULAR, 4) AS HIST_AVG_REGULAR,

    -- How far above/below the historical average
    ROUND(REGULAR_GASOLINE_PRICE - HIST_AVG_REGULAR, 4) AS PRICE_ANOMALY,

    ROUND(ROLLING_12WK_STDDEV, 4) AS ROLLING_12WK_STDDEV,

    -- Price direction label
    CASE
        WHEN REGULAR_WOW_CHANGE >  0.05 THEN 'Rising'
        WHEN REGULAR_WOW_CHANGE < -0.05 THEN 'Falling'
        ELSE 'Stable'
    END AS PRICE_DIRECTION,

    -- Volatility label
    CASE
        WHEN ROLLING_12WK_STDDEV > 0.30 THEN 'High Volatility'
        WHEN ROLLING_12WK_STDDEV > 0.15 THEN 'Moderate Volatility'
        ELSE 'Low Volatility'
    END AS VOLATILITY_LABEL

FROM with_changes
ORDER BY WEEK_DATE
    )

/* {"app": "dbt", "dbt_version": "1.11.8", "profile_name": "fuel_analytics", "target_name": "dev", "node_id": "model.fuel_analytics.price_volatility"} */;
[0m00:48:11.736116 [debug] [Thread-2 (]: SQL status: SUCCESS 200 in 0.792 seconds
[0m00:48:11.740839 [debug] [Thread-2 (]: Sending event: {'category': 'dbt', 'action': 'run_model', 'label': '7f8a9822-3b4e-4db8-a382-9e78d52b2b3e', 'context': [<snowplow_tracker.self_describing_json.SelfDescribingJson object at 0x14c493980>]}
[0m00:48:11.741990 [info ] [Thread-2 (]: 3 of 4 OK created sql table model dbt.price_volatility ......................... [[32mSUCCESS 200[0m in 0.81s]
[0m00:48:11.742975 [debug] [Thread-2 (]: Finished running node model.fuel_analytics.price_volatility
[0m00:48:11.743625 [debug] [Thread-2 (]: Began running node model.fuel_analytics.regional_comparison
[0m00:48:11.744317 [info ] [Thread-2 (]: 4 of 4 START sql table model dbt.regional_comparison ........................... [RUN]
[0m00:48:11.744922 [debug] [Thread-2 (]: Re-using an available connection from the pool (formerly model.fuel_analytics.price_volatility, now model.fuel_analytics.regional_comparison)
[0m00:48:11.745368 [debug] [Thread-2 (]: Began compiling node model.fuel_analytics.regional_comparison
[0m00:48:11.753070 [debug] [Thread-2 (]: Writing injected SQL for node "model.fuel_analytics.regional_comparison"
[0m00:48:11.757096 [debug] [Thread-2 (]: Began executing node model.fuel_analytics.regional_comparison
[0m00:48:11.763720 [debug] [Thread-2 (]: Writing runtime sql for node "model.fuel_analytics.regional_comparison"
[0m00:48:11.770970 [debug] [Thread-2 (]: Using snowflake connection "model.fuel_analytics.regional_comparison"
[0m00:48:11.774188 [debug] [Thread-2 (]: On model.fuel_analytics.regional_comparison: create or replace transient table USER_DB_BOA.dbt.regional_comparison
    
    
    
    as (-- models/regional_comparison.sql
-- ================================================
-- PURPOSE:
--   Compares each PADD region's gasoline price
--   against the U.S. national average.
--   Shows which regions are cheapest/most expensive.
--
-- SOURCE TABLES:
--   USER_DB_FERRET.RAW.FUEL_PRICES           (national)
--   USER_DB_FERRET.RAW.REGIONAL_FUEL_PRICES  (regional)
-- OUTPUT TABLE:
--   USER_DB_FERRET.DBT.REGIONAL_COMPARISON
-- ================================================



WITH regional AS (
    SELECT
        WEEK_DATE,
        REGION,
        PRICE AS REGIONAL_PRICE
    FROM USER_DB_BOA.RAW.regional_fuel_prices
    WHERE FUEL_TYPE = 'REGULAR_GASOLINE'
      AND PRICE IS NOT NULL
),

national AS (
    SELECT
        WEEK_DATE,
        REGULAR_GASOLINE_PRICE AS NATIONAL_PRICE
    FROM USER_DB_BOA.RAW.fuel_prices
    WHERE REGION = 'US_NATIONAL'
      AND REGULAR_GASOLINE_PRICE IS NOT NULL
),

joined AS (
    SELECT
        r.WEEK_DATE,
        r.REGION,
        r.REGIONAL_PRICE,
        n.NATIONAL_PRICE,
        ROUND(r.REGIONAL_PRICE - n.NATIONAL_PRICE, 4) AS PRICE_SPREAD,
        CASE
            WHEN n.NATIONAL_PRICE > 0
            THEN ROUND(
                ((r.REGIONAL_PRICE - n.NATIONAL_PRICE) / n.NATIONAL_PRICE) * 100,
                2)
            ELSE NULL
        END AS PRICE_SPREAD_PCT
    FROM regional r
    LEFT JOIN national n ON r.WEEK_DATE = n.WEEK_DATE
)

SELECT
    WEEK_DATE,
    REGION,
    REGIONAL_PRICE,
    NATIONAL_PRICE,
    PRICE_SPREAD,
    PRICE_SPREAD_PCT,

    -- 4-week rolling average regional price
    ROUND(AVG(REGIONAL_PRICE) OVER (
        PARTITION BY REGION ORDER BY WEEK_DATE
        ROWS BETWEEN 3 PRECEDING AND CURRENT ROW
    ), 4) AS REGIONAL_4WK_AVG,

    -- Running maximum spread seen so far for this region
    ROUND(MAX(PRICE_SPREAD) OVER (
        PARTITION BY REGION ORDER BY WEEK_DATE
        ROWS BETWEEN UNBOUNDED PRECEDING AND CURRENT ROW
    ), 4) AS MAX_SPREAD_SEEN,

    -- Price category label
    CASE
        WHEN PRICE_SPREAD >  0.30 THEN 'Significantly Above Average'
        WHEN PRICE_SPREAD >  0.10 THEN 'Above Average'
        WHEN PRICE_SPREAD > -0.10 THEN 'Near National Average'
        WHEN PRICE_SPREAD > -0.30 THEN 'Below Average'
        ELSE 'Significantly Below Average'
    END AS PRICE_CATEGORY

FROM joined
ORDER BY WEEK_DATE, REGION
    )

/* {"app": "dbt", "dbt_version": "1.11.8", "profile_name": "fuel_analytics", "target_name": "dev", "node_id": "model.fuel_analytics.regional_comparison"} */;
[0m00:48:13.168103 [debug] [Thread-2 (]: SQL status: SUCCESS 624 in 1.393 seconds
[0m00:48:13.172173 [debug] [Thread-2 (]: Sending event: {'category': 'dbt', 'action': 'run_model', 'label': '7f8a9822-3b4e-4db8-a382-9e78d52b2b3e', 'context': [<snowplow_tracker.self_describing_json.SelfDescribingJson object at 0x14c3c0b00>]}
[0m00:48:13.173241 [info ] [Thread-2 (]: 4 of 4 OK created sql table model dbt.regional_comparison ...................... [[32mSUCCESS 624[0m in 1.43s]
[0m00:48:13.174327 [debug] [Thread-2 (]: Finished running node model.fuel_analytics.regional_comparison
[0m00:48:13.176948 [debug] [MainThread]: Connection 'master' was properly closed.
[0m00:48:13.177449 [debug] [MainThread]: Connection 'model.fuel_analytics.regional_comparison' was left open.
[0m00:48:13.177904 [debug] [MainThread]: On model.fuel_analytics.regional_comparison: Close
[0m00:48:13.300605 [info ] [MainThread]: 
[0m00:48:13.301730 [info ] [MainThread]: Finished running 4 table models in 0 hours 0 minutes and 6.67 seconds (6.67s).
[0m00:48:13.303692 [debug] [MainThread]: Command end result
[0m00:48:13.338218 [debug] [MainThread]: Wrote artifact WritableManifest to ./target/manifest.json
[0m00:48:13.339398 [debug] [MainThread]: Wrote artifact SemanticManifest to ./target/semantic_manifest.json
[0m00:48:13.343336 [debug] [MainThread]: Wrote artifact RunExecutionResult to ./target/run_results.json
[0m00:48:13.343576 [info ] [MainThread]: 
[0m00:48:13.343801 [info ] [MainThread]: [32mCompleted successfully[0m
[0m00:48:13.343981 [info ] [MainThread]: 
[0m00:48:13.344163 [info ] [MainThread]: Done. PASS=4 WARN=0 ERROR=0 SKIP=0 NO-OP=0 TOTAL=4
[0m00:48:13.348965 [debug] [MainThread]: Resource report: {"command_name": "run", "command_success": true, "command_wall_clock_time": 7.8490434, "process_in_blocks": "0", "process_kernel_time": 1.733126, "process_mem_max_rss": "237699072", "process_out_blocks": "0", "process_user_time": 3.140784}
[0m00:48:13.349211 [debug] [MainThread]: Command `dbt run` succeeded at 00:48:13.349167 after 7.85 seconds
[0m00:48:13.349413 [debug] [MainThread]: Sending event: {'category': 'dbt', 'action': 'invocation', 'label': 'end', 'context': [<snowplow_tracker.self_describing_json.SelfDescribingJson object at 0x10694f830>, <snowplow_tracker.self_describing_json.SelfDescribingJson object at 0x106131be0>, <snowplow_tracker.self_describing_json.SelfDescribingJson object at 0x14c4cef30>]}
[0m00:48:13.349606 [debug] [MainThread]: Flushing usage events
[0m00:48:13.660511 [debug] [MainThread]: An error was encountered while trying to flush usage events
[0m00:48:28.940341 [debug] [MainThread]: Sending event: {'category': 'dbt', 'action': 'invocation', 'label': 'start', 'context': [<snowplow_tracker.self_describing_json.SelfDescribingJson object at 0x1102ae0c0>, <snowplow_tracker.self_describing_json.SelfDescribingJson object at 0x1123f3410>, <snowplow_tracker.self_describing_json.SelfDescribingJson object at 0x1123f2f30>]}


============================== 00:48:28.942625 | 6fa69004-b9a9-4d9b-b81f-a1513f1a6f1e ==============================
[0m00:48:28.942625 [info ] [MainThread]: Running with dbt=1.11.8
[0m00:48:28.942903 [debug] [MainThread]: running dbt with arguments {'warn_error_options': 'WarnErrorOptionsV2(error=[], warn=[], silence=[])', 'log_path': 'logs', 'indirect_selection': 'eager', 'introspect': 'True', 'printer_width': '80', 'version_check': 'True', 'target_path': 'None', 'partial_parse': 'True', 'empty': 'None', 'fail_fast': 'False', 'invocation_command': 'dbt test --profiles-dir . --project-dir .', 'use_colors': 'True', 'cache_selected_only': 'False', 'log_cache_events': 'False', 'no_print': 'None', 'warn_error': 'None', 'write_json': 'True', 'debug': 'False', 'quiet': 'False', 'send_anonymous_usage_stats': 'True', 'use_experimental_parser': 'False', 'profiles_dir': '.', 'log_format': 'default', 'static_parser': 'True'}
[0m00:48:29.504357 [debug] [MainThread]: Snowflake adapter: Setting snowflake.connector to ERROR (file logging only)
[0m00:48:29.504636 [debug] [MainThread]: Snowflake adapter: Setting botocore to ERROR (file logging only)
[0m00:48:29.504783 [debug] [MainThread]: Snowflake adapter: Setting boto3 to ERROR (file logging only)
[0m00:48:29.596136 [debug] [MainThread]: Sending event: {'category': 'dbt', 'action': 'project_id', 'label': '6fa69004-b9a9-4d9b-b81f-a1513f1a6f1e', 'context': [<snowplow_tracker.self_describing_json.SelfDescribingJson object at 0x106b2acf0>]}
[0m00:48:29.624400 [debug] [MainThread]: Sending event: {'category': 'dbt', 'action': 'adapter_info', 'label': '6fa69004-b9a9-4d9b-b81f-a1513f1a6f1e', 'context': [<snowplow_tracker.self_describing_json.SelfDescribingJson object at 0x15200f830>]}
[0m00:48:29.625090 [info ] [MainThread]: Registered adapter: snowflake=1.11.4
[0m00:48:29.682215 [debug] [MainThread]: checksum: 7d524ac048c2100769df89d592e662e060a73ca564e31bd9c2a37efdfe8d8ab6, vars: {}, profile: , target: , version: 1.11.8
[0m00:48:29.800952 [debug] [MainThread]: Partial parsing enabled: 0 files deleted, 0 files added, 0 files changed.
[0m00:48:29.801185 [debug] [MainThread]: Nothing changed, skipping partial parsing.
[0m00:48:29.801313 [debug] [MainThread]: Partial parsing enabled, no changes found, skipping parsing
[0m00:48:29.822832 [debug] [MainThread]: Sending event: {'category': 'dbt', 'action': 'load_project', 'label': '6fa69004-b9a9-4d9b-b81f-a1513f1a6f1e', 'context': [<snowplow_tracker.self_describing_json.SelfDescribingJson object at 0x157e29460>]}
[0m00:48:29.866159 [debug] [MainThread]: Wrote artifact WritableManifest to ./target/manifest.json
[0m00:48:29.867128 [debug] [MainThread]: Wrote artifact SemanticManifest to ./target/semantic_manifest.json
[0m00:48:29.877074 [debug] [MainThread]: Sending event: {'category': 'dbt', 'action': 'resource_counts', 'label': '6fa69004-b9a9-4d9b-b81f-a1513f1a6f1e', 'context': [<snowplow_tracker.self_describing_json.SelfDescribingJson object at 0x160241a60>]}
[0m00:48:29.877278 [info ] [MainThread]: Found 4 models, 1 snapshot, 31 data tests, 3 sources, 523 macros
[0m00:48:29.877432 [debug] [MainThread]: Sending event: {'category': 'dbt', 'action': 'runnable_timing', 'label': '6fa69004-b9a9-4d9b-b81f-a1513f1a6f1e', 'context': [<snowplow_tracker.self_describing_json.SelfDescribingJson object at 0x157c454f0>]}
[0m00:48:29.878635 [info ] [MainThread]: 
[0m00:48:29.878782 [info ] [MainThread]: Concurrency: 1 threads (target='dev')
[0m00:48:29.878900 [info ] [MainThread]: 
[0m00:48:29.879102 [debug] [MainThread]: Acquiring new snowflake connection 'master'
[0m00:48:29.880820 [debug] [ThreadPool]: Acquiring new snowflake connection 'list_USER_DB_BOA_dbt'
[0m00:48:29.911256 [debug] [ThreadPool]: Using snowflake connection "list_USER_DB_BOA_dbt"
[0m00:48:29.911454 [debug] [ThreadPool]: On list_USER_DB_BOA_dbt: show objects in USER_DB_BOA.dbt
    limit 10000
    

/* {"app": "dbt", "dbt_version": "1.11.8", "profile_name": "fuel_analytics", "target_name": "dev", "connection_name": "list_USER_DB_BOA_dbt"} */;
[0m00:48:29.911571 [debug] [ThreadPool]: Opening a new connection, currently in state init
[0m00:48:30.768544 [debug] [ThreadPool]: SQL status: SUCCESS 4 in 0.857 seconds
[0m00:48:30.773457 [debug] [ThreadPool]: Re-using an available connection from the pool (formerly list_USER_DB_BOA_dbt, now list_USER_DB_FERRET_DBT)
[0m00:48:30.779034 [debug] [ThreadPool]: Using snowflake connection "list_USER_DB_FERRET_DBT"
[0m00:48:30.779649 [debug] [ThreadPool]: On list_USER_DB_FERRET_DBT: show objects in USER_DB_FERRET.DBT
    limit 10000
    

/* {"app": "dbt", "dbt_version": "1.11.8", "profile_name": "fuel_analytics", "target_name": "dev", "connection_name": "list_USER_DB_FERRET_DBT"} */;
[0m00:48:30.936055 [debug] [ThreadPool]: SQL status: SUCCESS 10 in 0.156 seconds
[0m00:48:30.943338 [debug] [MainThread]: Sending event: {'category': 'dbt', 'action': 'runnable_timing', 'label': '6fa69004-b9a9-4d9b-b81f-a1513f1a6f1e', 'context': [<snowplow_tracker.self_describing_json.SelfDescribingJson object at 0x1579c83e0>]}
[0m00:48:30.949652 [debug] [Thread-2 (]: Began running node test.fuel_analytics.accepted_values_crude_correlation_MARGIN_CATEGORY__Wide_Margin__Normal_Margin__Tight_Margin.d5d2a31d93
[0m00:48:30.950305 [info ] [Thread-2 (]: 1 of 31 START test accepted_values_crude_correlation_MARGIN_CATEGORY__Wide_Margin__Normal_Margin__Tight_Margin  [RUN]
[0m00:48:30.950971 [debug] [Thread-2 (]: Acquiring new snowflake connection 'test.fuel_analytics.accepted_values_crude_correlation_MARGIN_CATEGORY__Wide_Margin__Normal_Margin__Tight_Margin.d5d2a31d93'
[0m00:48:30.951382 [debug] [Thread-2 (]: Began compiling node test.fuel_analytics.accepted_values_crude_correlation_MARGIN_CATEGORY__Wide_Margin__Normal_Margin__Tight_Margin.d5d2a31d93
[0m00:48:30.968216 [debug] [Thread-2 (]: Writing injected SQL for node "test.fuel_analytics.accepted_values_crude_correlation_MARGIN_CATEGORY__Wide_Margin__Normal_Margin__Tight_Margin.d5d2a31d93"
[0m00:48:30.969172 [debug] [Thread-2 (]: Began executing node test.fuel_analytics.accepted_values_crude_correlation_MARGIN_CATEGORY__Wide_Margin__Normal_Margin__Tight_Margin.d5d2a31d93
[0m00:48:30.984496 [debug] [Thread-2 (]: Writing runtime sql for node "test.fuel_analytics.accepted_values_crude_correlation_MARGIN_CATEGORY__Wide_Margin__Normal_Margin__Tight_Margin.d5d2a31d93"
[0m00:48:30.985510 [debug] [Thread-2 (]: Using snowflake connection "test.fuel_analytics.accepted_values_crude_correlation_MARGIN_CATEGORY__Wide_Margin__Normal_Margin__Tight_Margin.d5d2a31d93"
[0m00:48:30.985754 [debug] [Thread-2 (]: On test.fuel_analytics.accepted_values_crude_correlation_MARGIN_CATEGORY__Wide_Margin__Normal_Margin__Tight_Margin.d5d2a31d93: select
      count(*) as failures,
      count(*) != 0 as should_warn,
      count(*) != 0 as should_error
    from (
      
    
  
    
    

with all_values as (

    select
        MARGIN_CATEGORY as value_field,
        count(*) as n_records

    from USER_DB_BOA.dbt.crude_correlation
    group by MARGIN_CATEGORY

)

select *
from all_values
where value_field not in (
    'Wide Margin','Normal Margin','Tight Margin'
)



  
  
      
    ) dbt_internal_test
/* {"app": "dbt", "dbt_version": "1.11.8", "profile_name": "fuel_analytics", "target_name": "dev", "node_id": "test.fuel_analytics.accepted_values_crude_correlation_MARGIN_CATEGORY__Wide_Margin__Normal_Margin__Tight_Margin.d5d2a31d93"} */
[0m00:48:30.985960 [debug] [Thread-2 (]: Opening a new connection, currently in state init
[0m00:48:31.909526 [debug] [Thread-2 (]: SQL status: SUCCESS 1 in 0.923 seconds
[0m00:48:31.923016 [info ] [Thread-2 (]: 1 of 31 PASS accepted_values_crude_correlation_MARGIN_CATEGORY__Wide_Margin__Normal_Margin__Tight_Margin  [[32mPASS[0m in 0.97s]
[0m00:48:31.923676 [debug] [Thread-2 (]: Finished running node test.fuel_analytics.accepted_values_crude_correlation_MARGIN_CATEGORY__Wide_Margin__Normal_Margin__Tight_Margin.d5d2a31d93
[0m00:48:31.924021 [debug] [Thread-2 (]: Began running node test.fuel_analytics.accepted_values_price_volatility_PRICE_DIRECTION__Rising__Falling__Stable.8f45404212
[0m00:48:31.924460 [info ] [Thread-2 (]: 2 of 31 START test accepted_values_price_volatility_PRICE_DIRECTION__Rising__Falling__Stable  [RUN]
[0m00:48:31.924947 [debug] [Thread-2 (]: Re-using an available connection from the pool (formerly test.fuel_analytics.accepted_values_crude_correlation_MARGIN_CATEGORY__Wide_Margin__Normal_Margin__Tight_Margin.d5d2a31d93, now test.fuel_analytics.accepted_values_price_volatility_PRICE_DIRECTION__Rising__Falling__Stable.8f45404212)
[0m00:48:31.925286 [debug] [Thread-2 (]: Began compiling node test.fuel_analytics.accepted_values_price_volatility_PRICE_DIRECTION__Rising__Falling__Stable.8f45404212
[0m00:48:31.930544 [debug] [Thread-2 (]: Writing injected SQL for node "test.fuel_analytics.accepted_values_price_volatility_PRICE_DIRECTION__Rising__Falling__Stable.8f45404212"
[0m00:48:31.931347 [debug] [Thread-2 (]: Began executing node test.fuel_analytics.accepted_values_price_volatility_PRICE_DIRECTION__Rising__Falling__Stable.8f45404212
[0m00:48:31.933371 [debug] [Thread-2 (]: Writing runtime sql for node "test.fuel_analytics.accepted_values_price_volatility_PRICE_DIRECTION__Rising__Falling__Stable.8f45404212"
[0m00:48:31.934158 [debug] [Thread-2 (]: Using snowflake connection "test.fuel_analytics.accepted_values_price_volatility_PRICE_DIRECTION__Rising__Falling__Stable.8f45404212"
[0m00:48:31.934537 [debug] [Thread-2 (]: On test.fuel_analytics.accepted_values_price_volatility_PRICE_DIRECTION__Rising__Falling__Stable.8f45404212: select
      count(*) as failures,
      count(*) != 0 as should_warn,
      count(*) != 0 as should_error
    from (
      
    
  
    
    

with all_values as (

    select
        PRICE_DIRECTION as value_field,
        count(*) as n_records

    from USER_DB_BOA.dbt.price_volatility
    group by PRICE_DIRECTION

)

select *
from all_values
where value_field not in (
    'Rising','Falling','Stable'
)



  
  
      
    ) dbt_internal_test
/* {"app": "dbt", "dbt_version": "1.11.8", "profile_name": "fuel_analytics", "target_name": "dev", "node_id": "test.fuel_analytics.accepted_values_price_volatility_PRICE_DIRECTION__Rising__Falling__Stable.8f45404212"} */
[0m00:48:32.321298 [debug] [Thread-2 (]: SQL status: SUCCESS 1 in 0.386 seconds
[0m00:48:32.325616 [info ] [Thread-2 (]: 2 of 31 PASS accepted_values_price_volatility_PRICE_DIRECTION__Rising__Falling__Stable  [[32mPASS[0m in 0.40s]
[0m00:48:32.326697 [debug] [Thread-2 (]: Finished running node test.fuel_analytics.accepted_values_price_volatility_PRICE_DIRECTION__Rising__Falling__Stable.8f45404212
[0m00:48:32.327221 [debug] [Thread-2 (]: Began running node test.fuel_analytics.accepted_values_price_volatility_VOLATILITY_LABEL__High_Volatility__Moderate_Volatility__Low_Volatility.33b49ee868
[0m00:48:32.327761 [info ] [Thread-2 (]: 3 of 31 START test accepted_values_price_volatility_VOLATILITY_LABEL__High_Volatility__Moderate_Volatility__Low_Volatility  [RUN]
[0m00:48:32.328313 [debug] [Thread-2 (]: Re-using an available connection from the pool (formerly test.fuel_analytics.accepted_values_price_volatility_PRICE_DIRECTION__Rising__Falling__Stable.8f45404212, now test.fuel_analytics.accepted_values_price_volatility_VOLATILITY_LABEL__High_Volatility__Moderate_Volatility__Low_Volatility.33b49ee868)
[0m00:48:32.328720 [debug] [Thread-2 (]: Began compiling node test.fuel_analytics.accepted_values_price_volatility_VOLATILITY_LABEL__High_Volatility__Moderate_Volatility__Low_Volatility.33b49ee868
[0m00:48:32.336715 [debug] [Thread-2 (]: Writing injected SQL for node "test.fuel_analytics.accepted_values_price_volatility_VOLATILITY_LABEL__High_Volatility__Moderate_Volatility__Low_Volatility.33b49ee868"
[0m00:48:32.338470 [debug] [Thread-2 (]: Began executing node test.fuel_analytics.accepted_values_price_volatility_VOLATILITY_LABEL__High_Volatility__Moderate_Volatility__Low_Volatility.33b49ee868
[0m00:48:32.341096 [debug] [Thread-2 (]: Writing runtime sql for node "test.fuel_analytics.accepted_values_price_volatility_VOLATILITY_LABEL__High_Volatility__Moderate_Volatility__Low_Volatility.33b49ee868"
[0m00:48:32.342149 [debug] [Thread-2 (]: Using snowflake connection "test.fuel_analytics.accepted_values_price_volatility_VOLATILITY_LABEL__High_Volatility__Moderate_Volatility__Low_Volatility.33b49ee868"
[0m00:48:32.342475 [debug] [Thread-2 (]: On test.fuel_analytics.accepted_values_price_volatility_VOLATILITY_LABEL__High_Volatility__Moderate_Volatility__Low_Volatility.33b49ee868: select
      count(*) as failures,
      count(*) != 0 as should_warn,
      count(*) != 0 as should_error
    from (
      
    
  
    
    

with all_values as (

    select
        VOLATILITY_LABEL as value_field,
        count(*) as n_records

    from USER_DB_BOA.dbt.price_volatility
    group by VOLATILITY_LABEL

)

select *
from all_values
where value_field not in (
    'High Volatility','Moderate Volatility','Low Volatility'
)



  
  
      
    ) dbt_internal_test
/* {"app": "dbt", "dbt_version": "1.11.8", "profile_name": "fuel_analytics", "target_name": "dev", "node_id": "test.fuel_analytics.accepted_values_price_volatility_VOLATILITY_LABEL__High_Volatility__Moderate_Volatility__Low_Volatility.33b49ee868"} */
[0m00:48:32.585780 [debug] [Thread-2 (]: SQL status: SUCCESS 1 in 0.243 seconds
[0m00:48:32.589718 [info ] [Thread-2 (]: 3 of 31 PASS accepted_values_price_volatility_VOLATILITY_LABEL__High_Volatility__Moderate_Volatility__Low_Volatility  [[32mPASS[0m in 0.26s]
[0m00:48:32.590343 [debug] [Thread-2 (]: Finished running node test.fuel_analytics.accepted_values_price_volatility_VOLATILITY_LABEL__High_Volatility__Moderate_Volatility__Low_Volatility.33b49ee868
[0m00:48:32.590738 [debug] [Thread-2 (]: Began running node test.fuel_analytics.accepted_values_regional_comparison_PRICE_CATEGORY__Significantly_Above_Average__Above_Average__Near_National_Average__Below_Average__Significantly_Below_Average.e2dd40c6cf
[0m00:48:32.591203 [info ] [Thread-2 (]: 4 of 31 START test accepted_values_regional_comparison_PRICE_CATEGORY__Significantly_Above_Average__Above_Average__Near_National_Average__Below_Average__Significantly_Below_Average  [RUN]
[0m00:48:32.591715 [debug] [Thread-2 (]: Re-using an available connection from the pool (formerly test.fuel_analytics.accepted_values_price_volatility_VOLATILITY_LABEL__High_Volatility__Moderate_Volatility__Low_Volatility.33b49ee868, now test.fuel_analytics.accepted_values_regional_comparison_PRICE_CATEGORY__Significantly_Above_Average__Above_Average__Near_National_Average__Below_Average__Significantly_Below_Average.e2dd40c6cf)
[0m00:48:32.592106 [debug] [Thread-2 (]: Began compiling node test.fuel_analytics.accepted_values_regional_comparison_PRICE_CATEGORY__Significantly_Above_Average__Above_Average__Near_National_Average__Below_Average__Significantly_Below_Average.e2dd40c6cf
[0m00:48:32.598696 [debug] [Thread-2 (]: Writing injected SQL for node "test.fuel_analytics.accepted_values_regional_comparison_PRICE_CATEGORY__Significantly_Above_Average__Above_Average__Near_National_Average__Below_Average__Significantly_Below_Average.e2dd40c6cf"
[0m00:48:32.599548 [debug] [Thread-2 (]: Began executing node test.fuel_analytics.accepted_values_regional_comparison_PRICE_CATEGORY__Significantly_Above_Average__Above_Average__Near_National_Average__Below_Average__Significantly_Below_Average.e2dd40c6cf
[0m00:48:32.601625 [debug] [Thread-2 (]: Writing runtime sql for node "test.fuel_analytics.accepted_values_regional_comparison_PRICE_CATEGORY__Significantly_Above_Average__Above_Average__Near_National_Average__Below_Average__Significantly_Below_Average.e2dd40c6cf"
[0m00:48:32.602454 [debug] [Thread-2 (]: Using snowflake connection "test.fuel_analytics.accepted_values_regional_comparison_PRICE_CATEGORY__Significantly_Above_Average__Above_Average__Near_National_Average__Below_Average__Significantly_Below_Average.e2dd40c6cf"
[0m00:48:32.602755 [debug] [Thread-2 (]: On test.fuel_analytics.accepted_values_regional_comparison_PRICE_CATEGORY__Significantly_Above_Average__Above_Average__Near_National_Average__Below_Average__Significantly_Below_Average.e2dd40c6cf: select
      count(*) as failures,
      count(*) != 0 as should_warn,
      count(*) != 0 as should_error
    from (
      
    
  
    
    

with all_values as (

    select
        PRICE_CATEGORY as value_field,
        count(*) as n_records

    from USER_DB_BOA.dbt.regional_comparison
    group by PRICE_CATEGORY

)

select *
from all_values
where value_field not in (
    'Significantly Above Average','Above Average','Near National Average','Below Average','Significantly Below Average'
)



  
  
      
    ) dbt_internal_test
/* {"app": "dbt", "dbt_version": "1.11.8", "profile_name": "fuel_analytics", "target_name": "dev", "node_id": "test.fuel_analytics.accepted_values_regional_comparison_PRICE_CATEGORY__Significantly_Above_Average__Above_Average__Near_National_Average__Below_Average__Significantly_Below_Average.e2dd40c6cf"} */
[0m00:48:32.794387 [debug] [Thread-2 (]: SQL status: SUCCESS 1 in 0.191 seconds
[0m00:48:32.801446 [info ] [Thread-2 (]: 4 of 31 PASS accepted_values_regional_comparison_PRICE_CATEGORY__Significantly_Above_Average__Above_Average__Near_National_Average__Below_Average__Significantly_Below_Average  [[32mPASS[0m in 0.21s]
[0m00:48:32.802599 [debug] [Thread-2 (]: Finished running node test.fuel_analytics.accepted_values_regional_comparison_PRICE_CATEGORY__Significantly_Above_Average__Above_Average__Near_National_Average__Below_Average__Significantly_Below_Average.e2dd40c6cf
[0m00:48:32.803100 [debug] [Thread-2 (]: Began running node test.fuel_analytics.not_null_crude_correlation_REGULAR_GASOLINE_PRICE.9a26d40959
[0m00:48:32.803571 [info ] [Thread-2 (]: 5 of 31 START test not_null_crude_correlation_REGULAR_GASOLINE_PRICE ........... [RUN]
[0m00:48:32.804116 [debug] [Thread-2 (]: Re-using an available connection from the pool (formerly test.fuel_analytics.accepted_values_regional_comparison_PRICE_CATEGORY__Significantly_Above_Average__Above_Average__Near_National_Average__Below_Average__Significantly_Below_Average.e2dd40c6cf, now test.fuel_analytics.not_null_crude_correlation_REGULAR_GASOLINE_PRICE.9a26d40959)
[0m00:48:32.804495 [debug] [Thread-2 (]: Began compiling node test.fuel_analytics.not_null_crude_correlation_REGULAR_GASOLINE_PRICE.9a26d40959
[0m00:48:32.812983 [debug] [Thread-2 (]: Writing injected SQL for node "test.fuel_analytics.not_null_crude_correlation_REGULAR_GASOLINE_PRICE.9a26d40959"
[0m00:48:32.814763 [debug] [Thread-2 (]: Began executing node test.fuel_analytics.not_null_crude_correlation_REGULAR_GASOLINE_PRICE.9a26d40959
[0m00:48:32.817674 [debug] [Thread-2 (]: Writing runtime sql for node "test.fuel_analytics.not_null_crude_correlation_REGULAR_GASOLINE_PRICE.9a26d40959"
[0m00:48:32.818918 [debug] [Thread-2 (]: Using snowflake connection "test.fuel_analytics.not_null_crude_correlation_REGULAR_GASOLINE_PRICE.9a26d40959"
[0m00:48:32.819279 [debug] [Thread-2 (]: On test.fuel_analytics.not_null_crude_correlation_REGULAR_GASOLINE_PRICE.9a26d40959: select
      count(*) as failures,
      count(*) != 0 as should_warn,
      count(*) != 0 as should_error
    from (
      
    
  
    
    



select REGULAR_GASOLINE_PRICE
from USER_DB_BOA.dbt.crude_correlation
where REGULAR_GASOLINE_PRICE is null



  
  
      
    ) dbt_internal_test
/* {"app": "dbt", "dbt_version": "1.11.8", "profile_name": "fuel_analytics", "target_name": "dev", "node_id": "test.fuel_analytics.not_null_crude_correlation_REGULAR_GASOLINE_PRICE.9a26d40959"} */
[0m00:48:33.049245 [debug] [Thread-2 (]: SQL status: SUCCESS 1 in 0.229 seconds
[0m00:48:33.054865 [info ] [Thread-2 (]: 5 of 31 PASS not_null_crude_correlation_REGULAR_GASOLINE_PRICE ................. [[32mPASS[0m in 0.25s]
[0m00:48:33.055525 [debug] [Thread-2 (]: Finished running node test.fuel_analytics.not_null_crude_correlation_REGULAR_GASOLINE_PRICE.9a26d40959
[0m00:48:33.055860 [debug] [Thread-2 (]: Began running node test.fuel_analytics.not_null_crude_correlation_WEEK_DATE.cb8c686171
[0m00:48:33.056207 [info ] [Thread-2 (]: 6 of 31 START test not_null_crude_correlation_WEEK_DATE ........................ [RUN]
[0m00:48:33.056592 [debug] [Thread-2 (]: Re-using an available connection from the pool (formerly test.fuel_analytics.not_null_crude_correlation_REGULAR_GASOLINE_PRICE.9a26d40959, now test.fuel_analytics.not_null_crude_correlation_WEEK_DATE.cb8c686171)
[0m00:48:33.056875 [debug] [Thread-2 (]: Began compiling node test.fuel_analytics.not_null_crude_correlation_WEEK_DATE.cb8c686171
[0m00:48:33.060609 [debug] [Thread-2 (]: Writing injected SQL for node "test.fuel_analytics.not_null_crude_correlation_WEEK_DATE.cb8c686171"
[0m00:48:33.061332 [debug] [Thread-2 (]: Began executing node test.fuel_analytics.not_null_crude_correlation_WEEK_DATE.cb8c686171
[0m00:48:33.063230 [debug] [Thread-2 (]: Writing runtime sql for node "test.fuel_analytics.not_null_crude_correlation_WEEK_DATE.cb8c686171"
[0m00:48:33.063940 [debug] [Thread-2 (]: Using snowflake connection "test.fuel_analytics.not_null_crude_correlation_WEEK_DATE.cb8c686171"
[0m00:48:33.064199 [debug] [Thread-2 (]: On test.fuel_analytics.not_null_crude_correlation_WEEK_DATE.cb8c686171: select
      count(*) as failures,
      count(*) != 0 as should_warn,
      count(*) != 0 as should_error
    from (
      
    
  
    
    



select WEEK_DATE
from USER_DB_BOA.dbt.crude_correlation
where WEEK_DATE is null



  
  
      
    ) dbt_internal_test
/* {"app": "dbt", "dbt_version": "1.11.8", "profile_name": "fuel_analytics", "target_name": "dev", "node_id": "test.fuel_analytics.not_null_crude_correlation_WEEK_DATE.cb8c686171"} */
[0m00:48:33.293293 [debug] [Thread-2 (]: SQL status: SUCCESS 1 in 0.228 seconds
[0m00:48:33.297515 [info ] [Thread-2 (]: 6 of 31 PASS not_null_crude_correlation_WEEK_DATE .............................. [[32mPASS[0m in 0.24s]
[0m00:48:33.298295 [debug] [Thread-2 (]: Finished running node test.fuel_analytics.not_null_crude_correlation_WEEK_DATE.cb8c686171
[0m00:48:33.298760 [debug] [Thread-2 (]: Began running node test.fuel_analytics.not_null_price_moving_avg_REGION.daece67b4a
[0m00:48:33.299212 [info ] [Thread-2 (]: 7 of 31 START test not_null_price_moving_avg_REGION ............................ [RUN]
[0m00:48:33.299743 [debug] [Thread-2 (]: Re-using an available connection from the pool (formerly test.fuel_analytics.not_null_crude_correlation_WEEK_DATE.cb8c686171, now test.fuel_analytics.not_null_price_moving_avg_REGION.daece67b4a)
[0m00:48:33.300391 [debug] [Thread-2 (]: Began compiling node test.fuel_analytics.not_null_price_moving_avg_REGION.daece67b4a
[0m00:48:33.305599 [debug] [Thread-2 (]: Writing injected SQL for node "test.fuel_analytics.not_null_price_moving_avg_REGION.daece67b4a"
[0m00:48:33.306501 [debug] [Thread-2 (]: Began executing node test.fuel_analytics.not_null_price_moving_avg_REGION.daece67b4a
[0m00:48:33.311082 [debug] [Thread-2 (]: Writing runtime sql for node "test.fuel_analytics.not_null_price_moving_avg_REGION.daece67b4a"
[0m00:48:33.311904 [debug] [Thread-2 (]: Using snowflake connection "test.fuel_analytics.not_null_price_moving_avg_REGION.daece67b4a"
[0m00:48:33.312216 [debug] [Thread-2 (]: On test.fuel_analytics.not_null_price_moving_avg_REGION.daece67b4a: select
      count(*) as failures,
      count(*) != 0 as should_warn,
      count(*) != 0 as should_error
    from (
      
    
  
    
    



select REGION
from USER_DB_BOA.dbt.price_moving_avg
where REGION is null



  
  
      
    ) dbt_internal_test
/* {"app": "dbt", "dbt_version": "1.11.8", "profile_name": "fuel_analytics", "target_name": "dev", "node_id": "test.fuel_analytics.not_null_price_moving_avg_REGION.daece67b4a"} */
[0m00:48:33.589290 [debug] [Thread-2 (]: SQL status: SUCCESS 1 in 0.276 seconds
[0m00:48:33.593252 [info ] [Thread-2 (]: 7 of 31 PASS not_null_price_moving_avg_REGION .................................. [[32mPASS[0m in 0.29s]
[0m00:48:33.594376 [debug] [Thread-2 (]: Finished running node test.fuel_analytics.not_null_price_moving_avg_REGION.daece67b4a
[0m00:48:33.595073 [debug] [Thread-2 (]: Began running node test.fuel_analytics.not_null_price_moving_avg_REGULAR_12WK_AVG.118c2ef321
[0m00:48:33.595778 [info ] [Thread-2 (]: 8 of 31 START test not_null_price_moving_avg_REGULAR_12WK_AVG .................. [RUN]
[0m00:48:33.596608 [debug] [Thread-2 (]: Re-using an available connection from the pool (formerly test.fuel_analytics.not_null_price_moving_avg_REGION.daece67b4a, now test.fuel_analytics.not_null_price_moving_avg_REGULAR_12WK_AVG.118c2ef321)
[0m00:48:33.597275 [debug] [Thread-2 (]: Began compiling node test.fuel_analytics.not_null_price_moving_avg_REGULAR_12WK_AVG.118c2ef321
[0m00:48:33.603071 [debug] [Thread-2 (]: Writing injected SQL for node "test.fuel_analytics.not_null_price_moving_avg_REGULAR_12WK_AVG.118c2ef321"
[0m00:48:33.604965 [debug] [Thread-2 (]: Began executing node test.fuel_analytics.not_null_price_moving_avg_REGULAR_12WK_AVG.118c2ef321
[0m00:48:33.608084 [debug] [Thread-2 (]: Writing runtime sql for node "test.fuel_analytics.not_null_price_moving_avg_REGULAR_12WK_AVG.118c2ef321"
[0m00:48:33.609153 [debug] [Thread-2 (]: Using snowflake connection "test.fuel_analytics.not_null_price_moving_avg_REGULAR_12WK_AVG.118c2ef321"
[0m00:48:33.609499 [debug] [Thread-2 (]: On test.fuel_analytics.not_null_price_moving_avg_REGULAR_12WK_AVG.118c2ef321: select
      count(*) as failures,
      count(*) != 0 as should_warn,
      count(*) != 0 as should_error
    from (
      
    
  
    
    



select REGULAR_12WK_AVG
from USER_DB_BOA.dbt.price_moving_avg
where REGULAR_12WK_AVG is null



  
  
      
    ) dbt_internal_test
/* {"app": "dbt", "dbt_version": "1.11.8", "profile_name": "fuel_analytics", "target_name": "dev", "node_id": "test.fuel_analytics.not_null_price_moving_avg_REGULAR_12WK_AVG.118c2ef321"} */
[0m00:48:33.783375 [debug] [Thread-2 (]: SQL status: SUCCESS 1 in 0.173 seconds
[0m00:48:33.787479 [info ] [Thread-2 (]: 8 of 31 PASS not_null_price_moving_avg_REGULAR_12WK_AVG ........................ [[32mPASS[0m in 0.19s]
[0m00:48:33.788505 [debug] [Thread-2 (]: Finished running node test.fuel_analytics.not_null_price_moving_avg_REGULAR_12WK_AVG.118c2ef321
[0m00:48:33.789153 [debug] [Thread-2 (]: Began running node test.fuel_analytics.not_null_price_moving_avg_REGULAR_4WK_AVG.cb68ef4e1b
[0m00:48:33.789848 [info ] [Thread-2 (]: 9 of 31 START test not_null_price_moving_avg_REGULAR_4WK_AVG ................... [RUN]
[0m00:48:33.790641 [debug] [Thread-2 (]: Re-using an available connection from the pool (formerly test.fuel_analytics.not_null_price_moving_avg_REGULAR_12WK_AVG.118c2ef321, now test.fuel_analytics.not_null_price_moving_avg_REGULAR_4WK_AVG.cb68ef4e1b)
[0m00:48:33.791176 [debug] [Thread-2 (]: Began compiling node test.fuel_analytics.not_null_price_moving_avg_REGULAR_4WK_AVG.cb68ef4e1b
[0m00:48:33.797863 [debug] [Thread-2 (]: Writing injected SQL for node "test.fuel_analytics.not_null_price_moving_avg_REGULAR_4WK_AVG.cb68ef4e1b"
[0m00:48:33.798818 [debug] [Thread-2 (]: Began executing node test.fuel_analytics.not_null_price_moving_avg_REGULAR_4WK_AVG.cb68ef4e1b
[0m00:48:33.801200 [debug] [Thread-2 (]: Writing runtime sql for node "test.fuel_analytics.not_null_price_moving_avg_REGULAR_4WK_AVG.cb68ef4e1b"
[0m00:48:33.801950 [debug] [Thread-2 (]: Using snowflake connection "test.fuel_analytics.not_null_price_moving_avg_REGULAR_4WK_AVG.cb68ef4e1b"
[0m00:48:33.802204 [debug] [Thread-2 (]: On test.fuel_analytics.not_null_price_moving_avg_REGULAR_4WK_AVG.cb68ef4e1b: select
      count(*) as failures,
      count(*) != 0 as should_warn,
      count(*) != 0 as should_error
    from (
      
    
  
    
    



select REGULAR_4WK_AVG
from USER_DB_BOA.dbt.price_moving_avg
where REGULAR_4WK_AVG is null



  
  
      
    ) dbt_internal_test
/* {"app": "dbt", "dbt_version": "1.11.8", "profile_name": "fuel_analytics", "target_name": "dev", "node_id": "test.fuel_analytics.not_null_price_moving_avg_REGULAR_4WK_AVG.cb68ef4e1b"} */
[0m00:48:34.028974 [debug] [Thread-2 (]: SQL status: SUCCESS 1 in 0.226 seconds
[0m00:48:34.031672 [info ] [Thread-2 (]: 9 of 31 PASS not_null_price_moving_avg_REGULAR_4WK_AVG ......................... [[32mPASS[0m in 0.24s]
[0m00:48:34.032394 [debug] [Thread-2 (]: Finished running node test.fuel_analytics.not_null_price_moving_avg_REGULAR_4WK_AVG.cb68ef4e1b
[0m00:48:34.032882 [debug] [Thread-2 (]: Began running node test.fuel_analytics.not_null_price_moving_avg_REGULAR_GASOLINE_PRICE.850a3d6917
[0m00:48:34.033393 [info ] [Thread-2 (]: 10 of 31 START test not_null_price_moving_avg_REGULAR_GASOLINE_PRICE ........... [RUN]
[0m00:48:34.033966 [debug] [Thread-2 (]: Re-using an available connection from the pool (formerly test.fuel_analytics.not_null_price_moving_avg_REGULAR_4WK_AVG.cb68ef4e1b, now test.fuel_analytics.not_null_price_moving_avg_REGULAR_GASOLINE_PRICE.850a3d6917)
[0m00:48:34.034429 [debug] [Thread-2 (]: Began compiling node test.fuel_analytics.not_null_price_moving_avg_REGULAR_GASOLINE_PRICE.850a3d6917
[0m00:48:34.040185 [debug] [Thread-2 (]: Writing injected SQL for node "test.fuel_analytics.not_null_price_moving_avg_REGULAR_GASOLINE_PRICE.850a3d6917"
[0m00:48:34.041151 [debug] [Thread-2 (]: Began executing node test.fuel_analytics.not_null_price_moving_avg_REGULAR_GASOLINE_PRICE.850a3d6917
[0m00:48:34.043976 [debug] [Thread-2 (]: Writing runtime sql for node "test.fuel_analytics.not_null_price_moving_avg_REGULAR_GASOLINE_PRICE.850a3d6917"
[0m00:48:34.045009 [debug] [Thread-2 (]: Using snowflake connection "test.fuel_analytics.not_null_price_moving_avg_REGULAR_GASOLINE_PRICE.850a3d6917"
[0m00:48:34.045368 [debug] [Thread-2 (]: On test.fuel_analytics.not_null_price_moving_avg_REGULAR_GASOLINE_PRICE.850a3d6917: select
      count(*) as failures,
      count(*) != 0 as should_warn,
      count(*) != 0 as should_error
    from (
      
    
  
    
    



select REGULAR_GASOLINE_PRICE
from USER_DB_BOA.dbt.price_moving_avg
where REGULAR_GASOLINE_PRICE is null



  
  
      
    ) dbt_internal_test
/* {"app": "dbt", "dbt_version": "1.11.8", "profile_name": "fuel_analytics", "target_name": "dev", "node_id": "test.fuel_analytics.not_null_price_moving_avg_REGULAR_GASOLINE_PRICE.850a3d6917"} */
[0m00:48:34.182922 [debug] [Thread-2 (]: SQL status: SUCCESS 1 in 0.137 seconds
[0m00:48:34.187528 [info ] [Thread-2 (]: 10 of 31 PASS not_null_price_moving_avg_REGULAR_GASOLINE_PRICE ................. [[32mPASS[0m in 0.15s]
[0m00:48:34.188682 [debug] [Thread-2 (]: Finished running node test.fuel_analytics.not_null_price_moving_avg_REGULAR_GASOLINE_PRICE.850a3d6917
[0m00:48:34.189371 [debug] [Thread-2 (]: Began running node test.fuel_analytics.not_null_price_moving_avg_WEEK_DATE.dbf45e3e5c
[0m00:48:34.190120 [info ] [Thread-2 (]: 11 of 31 START test not_null_price_moving_avg_WEEK_DATE ........................ [RUN]
[0m00:48:34.190959 [debug] [Thread-2 (]: Re-using an available connection from the pool (formerly test.fuel_analytics.not_null_price_moving_avg_REGULAR_GASOLINE_PRICE.850a3d6917, now test.fuel_analytics.not_null_price_moving_avg_WEEK_DATE.dbf45e3e5c)
[0m00:48:34.191492 [debug] [Thread-2 (]: Began compiling node test.fuel_analytics.not_null_price_moving_avg_WEEK_DATE.dbf45e3e5c
[0m00:48:34.198660 [debug] [Thread-2 (]: Writing injected SQL for node "test.fuel_analytics.not_null_price_moving_avg_WEEK_DATE.dbf45e3e5c"
[0m00:48:34.200694 [debug] [Thread-2 (]: Began executing node test.fuel_analytics.not_null_price_moving_avg_WEEK_DATE.dbf45e3e5c
[0m00:48:34.204067 [debug] [Thread-2 (]: Writing runtime sql for node "test.fuel_analytics.not_null_price_moving_avg_WEEK_DATE.dbf45e3e5c"
[0m00:48:34.207166 [debug] [Thread-2 (]: Using snowflake connection "test.fuel_analytics.not_null_price_moving_avg_WEEK_DATE.dbf45e3e5c"
[0m00:48:34.207788 [debug] [Thread-2 (]: On test.fuel_analytics.not_null_price_moving_avg_WEEK_DATE.dbf45e3e5c: select
      count(*) as failures,
      count(*) != 0 as should_warn,
      count(*) != 0 as should_error
    from (
      
    
  
    
    



select WEEK_DATE
from USER_DB_BOA.dbt.price_moving_avg
where WEEK_DATE is null



  
  
      
    ) dbt_internal_test
/* {"app": "dbt", "dbt_version": "1.11.8", "profile_name": "fuel_analytics", "target_name": "dev", "node_id": "test.fuel_analytics.not_null_price_moving_avg_WEEK_DATE.dbf45e3e5c"} */
[0m00:48:34.379823 [debug] [Thread-2 (]: SQL status: SUCCESS 1 in 0.171 seconds
[0m00:48:34.383631 [info ] [Thread-2 (]: 11 of 31 PASS not_null_price_moving_avg_WEEK_DATE .............................. [[32mPASS[0m in 0.19s]
[0m00:48:34.384395 [debug] [Thread-2 (]: Finished running node test.fuel_analytics.not_null_price_moving_avg_WEEK_DATE.dbf45e3e5c
[0m00:48:34.384872 [debug] [Thread-2 (]: Began running node test.fuel_analytics.not_null_price_volatility_REGION.7a6d63b30d
[0m00:48:34.385370 [info ] [Thread-2 (]: 12 of 31 START test not_null_price_volatility_REGION ........................... [RUN]
[0m00:48:34.385934 [debug] [Thread-2 (]: Re-using an available connection from the pool (formerly test.fuel_analytics.not_null_price_moving_avg_WEEK_DATE.dbf45e3e5c, now test.fuel_analytics.not_null_price_volatility_REGION.7a6d63b30d)
[0m00:48:34.386426 [debug] [Thread-2 (]: Began compiling node test.fuel_analytics.not_null_price_volatility_REGION.7a6d63b30d
[0m00:48:34.392096 [debug] [Thread-2 (]: Writing injected SQL for node "test.fuel_analytics.not_null_price_volatility_REGION.7a6d63b30d"
[0m00:48:34.394136 [debug] [Thread-2 (]: Began executing node test.fuel_analytics.not_null_price_volatility_REGION.7a6d63b30d
[0m00:48:34.399377 [debug] [Thread-2 (]: Writing runtime sql for node "test.fuel_analytics.not_null_price_volatility_REGION.7a6d63b30d"
[0m00:48:34.400658 [debug] [Thread-2 (]: Using snowflake connection "test.fuel_analytics.not_null_price_volatility_REGION.7a6d63b30d"
[0m00:48:34.401024 [debug] [Thread-2 (]: On test.fuel_analytics.not_null_price_volatility_REGION.7a6d63b30d: select
      count(*) as failures,
      count(*) != 0 as should_warn,
      count(*) != 0 as should_error
    from (
      
    
  
    
    



select REGION
from USER_DB_BOA.dbt.price_volatility
where REGION is null



  
  
      
    ) dbt_internal_test
/* {"app": "dbt", "dbt_version": "1.11.8", "profile_name": "fuel_analytics", "target_name": "dev", "node_id": "test.fuel_analytics.not_null_price_volatility_REGION.7a6d63b30d"} */
[0m00:48:34.562088 [debug] [Thread-2 (]: SQL status: SUCCESS 1 in 0.160 seconds
[0m00:48:34.566708 [info ] [Thread-2 (]: 12 of 31 PASS not_null_price_volatility_REGION ................................. [[32mPASS[0m in 0.18s]
[0m00:48:34.567883 [debug] [Thread-2 (]: Finished running node test.fuel_analytics.not_null_price_volatility_REGION.7a6d63b30d
[0m00:48:34.568621 [debug] [Thread-2 (]: Began running node test.fuel_analytics.not_null_price_volatility_REGULAR_GASOLINE_PRICE.42b9593977
[0m00:48:34.569322 [info ] [Thread-2 (]: 13 of 31 START test not_null_price_volatility_REGULAR_GASOLINE_PRICE ........... [RUN]
[0m00:48:34.570041 [debug] [Thread-2 (]: Re-using an available connection from the pool (formerly test.fuel_analytics.not_null_price_volatility_REGION.7a6d63b30d, now test.fuel_analytics.not_null_price_volatility_REGULAR_GASOLINE_PRICE.42b9593977)
[0m00:48:34.570580 [debug] [Thread-2 (]: Began compiling node test.fuel_analytics.not_null_price_volatility_REGULAR_GASOLINE_PRICE.42b9593977
[0m00:48:34.578082 [debug] [Thread-2 (]: Writing injected SQL for node "test.fuel_analytics.not_null_price_volatility_REGULAR_GASOLINE_PRICE.42b9593977"
[0m00:48:34.579216 [debug] [Thread-2 (]: Began executing node test.fuel_analytics.not_null_price_volatility_REGULAR_GASOLINE_PRICE.42b9593977
[0m00:48:34.582206 [debug] [Thread-2 (]: Writing runtime sql for node "test.fuel_analytics.not_null_price_volatility_REGULAR_GASOLINE_PRICE.42b9593977"
[0m00:48:34.583150 [debug] [Thread-2 (]: Using snowflake connection "test.fuel_analytics.not_null_price_volatility_REGULAR_GASOLINE_PRICE.42b9593977"
[0m00:48:34.583516 [debug] [Thread-2 (]: On test.fuel_analytics.not_null_price_volatility_REGULAR_GASOLINE_PRICE.42b9593977: select
      count(*) as failures,
      count(*) != 0 as should_warn,
      count(*) != 0 as should_error
    from (
      
    
  
    
    



select REGULAR_GASOLINE_PRICE
from USER_DB_BOA.dbt.price_volatility
where REGULAR_GASOLINE_PRICE is null



  
  
      
    ) dbt_internal_test
/* {"app": "dbt", "dbt_version": "1.11.8", "profile_name": "fuel_analytics", "target_name": "dev", "node_id": "test.fuel_analytics.not_null_price_volatility_REGULAR_GASOLINE_PRICE.42b9593977"} */
[0m00:48:34.796953 [debug] [Thread-2 (]: SQL status: SUCCESS 1 in 0.213 seconds
[0m00:48:34.803894 [info ] [Thread-2 (]: 13 of 31 PASS not_null_price_volatility_REGULAR_GASOLINE_PRICE ................. [[32mPASS[0m in 0.23s]
[0m00:48:34.804893 [debug] [Thread-2 (]: Finished running node test.fuel_analytics.not_null_price_volatility_REGULAR_GASOLINE_PRICE.42b9593977
[0m00:48:34.805447 [debug] [Thread-2 (]: Began running node test.fuel_analytics.not_null_price_volatility_WEEK_DATE.e0e4d3e492
[0m00:48:34.805956 [info ] [Thread-2 (]: 14 of 31 START test not_null_price_volatility_WEEK_DATE ........................ [RUN]
[0m00:48:34.806604 [debug] [Thread-2 (]: Re-using an available connection from the pool (formerly test.fuel_analytics.not_null_price_volatility_REGULAR_GASOLINE_PRICE.42b9593977, now test.fuel_analytics.not_null_price_volatility_WEEK_DATE.e0e4d3e492)
[0m00:48:34.807124 [debug] [Thread-2 (]: Began compiling node test.fuel_analytics.not_null_price_volatility_WEEK_DATE.e0e4d3e492
[0m00:48:34.813431 [debug] [Thread-2 (]: Writing injected SQL for node "test.fuel_analytics.not_null_price_volatility_WEEK_DATE.e0e4d3e492"
[0m00:48:34.814410 [debug] [Thread-2 (]: Began executing node test.fuel_analytics.not_null_price_volatility_WEEK_DATE.e0e4d3e492
[0m00:48:34.817311 [debug] [Thread-2 (]: Writing runtime sql for node "test.fuel_analytics.not_null_price_volatility_WEEK_DATE.e0e4d3e492"
[0m00:48:34.818238 [debug] [Thread-2 (]: Using snowflake connection "test.fuel_analytics.not_null_price_volatility_WEEK_DATE.e0e4d3e492"
[0m00:48:34.818591 [debug] [Thread-2 (]: On test.fuel_analytics.not_null_price_volatility_WEEK_DATE.e0e4d3e492: select
      count(*) as failures,
      count(*) != 0 as should_warn,
      count(*) != 0 as should_error
    from (
      
    
  
    
    



select WEEK_DATE
from USER_DB_BOA.dbt.price_volatility
where WEEK_DATE is null



  
  
      
    ) dbt_internal_test
/* {"app": "dbt", "dbt_version": "1.11.8", "profile_name": "fuel_analytics", "target_name": "dev", "node_id": "test.fuel_analytics.not_null_price_volatility_WEEK_DATE.e0e4d3e492"} */
[0m00:48:34.995728 [debug] [Thread-2 (]: SQL status: SUCCESS 1 in 0.176 seconds
[0m00:48:35.001201 [info ] [Thread-2 (]: 14 of 31 PASS not_null_price_volatility_WEEK_DATE .............................. [[32mPASS[0m in 0.19s]
[0m00:48:35.001894 [debug] [Thread-2 (]: Finished running node test.fuel_analytics.not_null_price_volatility_WEEK_DATE.e0e4d3e492
[0m00:48:35.002232 [debug] [Thread-2 (]: Began running node test.fuel_analytics.not_null_regional_comparison_REGION.8aa08dd4fd
[0m00:48:35.002524 [info ] [Thread-2 (]: 15 of 31 START test not_null_regional_comparison_REGION ........................ [RUN]
[0m00:48:35.002938 [debug] [Thread-2 (]: Re-using an available connection from the pool (formerly test.fuel_analytics.not_null_price_volatility_WEEK_DATE.e0e4d3e492, now test.fuel_analytics.not_null_regional_comparison_REGION.8aa08dd4fd)
[0m00:48:35.003255 [debug] [Thread-2 (]: Began compiling node test.fuel_analytics.not_null_regional_comparison_REGION.8aa08dd4fd
[0m00:48:35.006811 [debug] [Thread-2 (]: Writing injected SQL for node "test.fuel_analytics.not_null_regional_comparison_REGION.8aa08dd4fd"
[0m00:48:35.007455 [debug] [Thread-2 (]: Began executing node test.fuel_analytics.not_null_regional_comparison_REGION.8aa08dd4fd
[0m00:48:35.009300 [debug] [Thread-2 (]: Writing runtime sql for node "test.fuel_analytics.not_null_regional_comparison_REGION.8aa08dd4fd"
[0m00:48:35.009971 [debug] [Thread-2 (]: Using snowflake connection "test.fuel_analytics.not_null_regional_comparison_REGION.8aa08dd4fd"
[0m00:48:35.010219 [debug] [Thread-2 (]: On test.fuel_analytics.not_null_regional_comparison_REGION.8aa08dd4fd: select
      count(*) as failures,
      count(*) != 0 as should_warn,
      count(*) != 0 as should_error
    from (
      
    
  
    
    



select REGION
from USER_DB_BOA.dbt.regional_comparison
where REGION is null



  
  
      
    ) dbt_internal_test
/* {"app": "dbt", "dbt_version": "1.11.8", "profile_name": "fuel_analytics", "target_name": "dev", "node_id": "test.fuel_analytics.not_null_regional_comparison_REGION.8aa08dd4fd"} */
[0m00:48:35.197760 [debug] [Thread-2 (]: SQL status: SUCCESS 1 in 0.187 seconds
[0m00:48:35.200958 [info ] [Thread-2 (]: 15 of 31 PASS not_null_regional_comparison_REGION .............................. [[32mPASS[0m in 0.20s]
[0m00:48:35.201891 [debug] [Thread-2 (]: Finished running node test.fuel_analytics.not_null_regional_comparison_REGION.8aa08dd4fd
[0m00:48:35.202637 [debug] [Thread-2 (]: Began running node test.fuel_analytics.not_null_regional_comparison_REGIONAL_PRICE.ba7292316c
[0m00:48:35.203386 [info ] [Thread-2 (]: 16 of 31 START test not_null_regional_comparison_REGIONAL_PRICE ................ [RUN]
[0m00:48:35.204260 [debug] [Thread-2 (]: Re-using an available connection from the pool (formerly test.fuel_analytics.not_null_regional_comparison_REGION.8aa08dd4fd, now test.fuel_analytics.not_null_regional_comparison_REGIONAL_PRICE.ba7292316c)
[0m00:48:35.204927 [debug] [Thread-2 (]: Began compiling node test.fuel_analytics.not_null_regional_comparison_REGIONAL_PRICE.ba7292316c
[0m00:48:35.212085 [debug] [Thread-2 (]: Writing injected SQL for node "test.fuel_analytics.not_null_regional_comparison_REGIONAL_PRICE.ba7292316c"
[0m00:48:35.213673 [debug] [Thread-2 (]: Began executing node test.fuel_analytics.not_null_regional_comparison_REGIONAL_PRICE.ba7292316c
[0m00:48:35.217242 [debug] [Thread-2 (]: Writing runtime sql for node "test.fuel_analytics.not_null_regional_comparison_REGIONAL_PRICE.ba7292316c"
[0m00:48:35.218537 [debug] [Thread-2 (]: Using snowflake connection "test.fuel_analytics.not_null_regional_comparison_REGIONAL_PRICE.ba7292316c"
[0m00:48:35.218956 [debug] [Thread-2 (]: On test.fuel_analytics.not_null_regional_comparison_REGIONAL_PRICE.ba7292316c: select
      count(*) as failures,
      count(*) != 0 as should_warn,
      count(*) != 0 as should_error
    from (
      
    
  
    
    



select REGIONAL_PRICE
from USER_DB_BOA.dbt.regional_comparison
where REGIONAL_PRICE is null



  
  
      
    ) dbt_internal_test
/* {"app": "dbt", "dbt_version": "1.11.8", "profile_name": "fuel_analytics", "target_name": "dev", "node_id": "test.fuel_analytics.not_null_regional_comparison_REGIONAL_PRICE.ba7292316c"} */
[0m00:48:35.382680 [debug] [Thread-2 (]: SQL status: SUCCESS 1 in 0.163 seconds
[0m00:48:35.386822 [info ] [Thread-2 (]: 16 of 31 PASS not_null_regional_comparison_REGIONAL_PRICE ...................... [[32mPASS[0m in 0.18s]
[0m00:48:35.387604 [debug] [Thread-2 (]: Finished running node test.fuel_analytics.not_null_regional_comparison_REGIONAL_PRICE.ba7292316c
[0m00:48:35.388069 [debug] [Thread-2 (]: Began running node test.fuel_analytics.not_null_regional_comparison_WEEK_DATE.24e345e688
[0m00:48:35.388485 [info ] [Thread-2 (]: 17 of 31 START test not_null_regional_comparison_WEEK_DATE ..................... [RUN]
[0m00:48:35.388942 [debug] [Thread-2 (]: Re-using an available connection from the pool (formerly test.fuel_analytics.not_null_regional_comparison_REGIONAL_PRICE.ba7292316c, now test.fuel_analytics.not_null_regional_comparison_WEEK_DATE.24e345e688)
[0m00:48:35.389294 [debug] [Thread-2 (]: Began compiling node test.fuel_analytics.not_null_regional_comparison_WEEK_DATE.24e345e688
[0m00:48:35.397132 [debug] [Thread-2 (]: Writing injected SQL for node "test.fuel_analytics.not_null_regional_comparison_WEEK_DATE.24e345e688"
[0m00:48:35.398092 [debug] [Thread-2 (]: Began executing node test.fuel_analytics.not_null_regional_comparison_WEEK_DATE.24e345e688
[0m00:48:35.400621 [debug] [Thread-2 (]: Writing runtime sql for node "test.fuel_analytics.not_null_regional_comparison_WEEK_DATE.24e345e688"
[0m00:48:35.401436 [debug] [Thread-2 (]: Using snowflake connection "test.fuel_analytics.not_null_regional_comparison_WEEK_DATE.24e345e688"
[0m00:48:35.401758 [debug] [Thread-2 (]: On test.fuel_analytics.not_null_regional_comparison_WEEK_DATE.24e345e688: select
      count(*) as failures,
      count(*) != 0 as should_warn,
      count(*) != 0 as should_error
    from (
      
    
  
    
    



select WEEK_DATE
from USER_DB_BOA.dbt.regional_comparison
where WEEK_DATE is null



  
  
      
    ) dbt_internal_test
/* {"app": "dbt", "dbt_version": "1.11.8", "profile_name": "fuel_analytics", "target_name": "dev", "node_id": "test.fuel_analytics.not_null_regional_comparison_WEEK_DATE.24e345e688"} */
[0m00:48:35.800480 [debug] [Thread-2 (]: SQL status: SUCCESS 1 in 0.398 seconds
[0m00:48:35.809846 [info ] [Thread-2 (]: 17 of 31 PASS not_null_regional_comparison_WEEK_DATE ........................... [[32mPASS[0m in 0.42s]
[0m00:48:35.810906 [debug] [Thread-2 (]: Finished running node test.fuel_analytics.not_null_regional_comparison_WEEK_DATE.24e345e688
[0m00:48:35.811477 [debug] [Thread-2 (]: Began running node test.fuel_analytics.source_accepted_values_raw_energy_market_prices_TICKER__CL_F__BZ_F__XLE__UGA.401cd46daf
[0m00:48:35.812006 [info ] [Thread-2 (]: 18 of 31 START test source_accepted_values_raw_energy_market_prices_TICKER__CL_F__BZ_F__XLE__UGA  [RUN]
[0m00:48:35.812675 [debug] [Thread-2 (]: Re-using an available connection from the pool (formerly test.fuel_analytics.not_null_regional_comparison_WEEK_DATE.24e345e688, now test.fuel_analytics.source_accepted_values_raw_energy_market_prices_TICKER__CL_F__BZ_F__XLE__UGA.401cd46daf)
[0m00:48:35.813107 [debug] [Thread-2 (]: Began compiling node test.fuel_analytics.source_accepted_values_raw_energy_market_prices_TICKER__CL_F__BZ_F__XLE__UGA.401cd46daf
[0m00:48:35.821029 [debug] [Thread-2 (]: Writing injected SQL for node "test.fuel_analytics.source_accepted_values_raw_energy_market_prices_TICKER__CL_F__BZ_F__XLE__UGA.401cd46daf"
[0m00:48:35.822232 [debug] [Thread-2 (]: Began executing node test.fuel_analytics.source_accepted_values_raw_energy_market_prices_TICKER__CL_F__BZ_F__XLE__UGA.401cd46daf
[0m00:48:35.825674 [debug] [Thread-2 (]: Writing runtime sql for node "test.fuel_analytics.source_accepted_values_raw_energy_market_prices_TICKER__CL_F__BZ_F__XLE__UGA.401cd46daf"
[0m00:48:35.827201 [debug] [Thread-2 (]: Using snowflake connection "test.fuel_analytics.source_accepted_values_raw_energy_market_prices_TICKER__CL_F__BZ_F__XLE__UGA.401cd46daf"
[0m00:48:35.827701 [debug] [Thread-2 (]: On test.fuel_analytics.source_accepted_values_raw_energy_market_prices_TICKER__CL_F__BZ_F__XLE__UGA.401cd46daf: select
      count(*) as failures,
      count(*) != 0 as should_warn,
      count(*) != 0 as should_error
    from (
      
    
  
    
    

with all_values as (

    select
        TICKER as value_field,
        count(*) as n_records

    from USER_DB_BOA.RAW.energy_market_prices
    group by TICKER

)

select *
from all_values
where value_field not in (
    'CL=F','BZ=F','XLE','UGA'
)



  
  
      
    ) dbt_internal_test
/* {"app": "dbt", "dbt_version": "1.11.8", "profile_name": "fuel_analytics", "target_name": "dev", "node_id": "test.fuel_analytics.source_accepted_values_raw_energy_market_prices_TICKER__CL_F__BZ_F__XLE__UGA.401cd46daf"} */
[0m00:48:35.968075 [debug] [Thread-2 (]: SQL status: SUCCESS 1 in 0.139 seconds
[0m00:48:35.972380 [info ] [Thread-2 (]: 18 of 31 PASS source_accepted_values_raw_energy_market_prices_TICKER__CL_F__BZ_F__XLE__UGA  [[32mPASS[0m in 0.16s]
[0m00:48:35.973166 [debug] [Thread-2 (]: Finished running node test.fuel_analytics.source_accepted_values_raw_energy_market_prices_TICKER__CL_F__BZ_F__XLE__UGA.401cd46daf
[0m00:48:35.973623 [debug] [Thread-2 (]: Began running node test.fuel_analytics.source_accepted_values_raw_fuel_prices_REGION__US_NATIONAL.bc8541f77d
[0m00:48:35.974549 [info ] [Thread-2 (]: 19 of 31 START test source_accepted_values_raw_fuel_prices_REGION__US_NATIONAL . [RUN]
[0m00:48:35.975195 [debug] [Thread-2 (]: Re-using an available connection from the pool (formerly test.fuel_analytics.source_accepted_values_raw_energy_market_prices_TICKER__CL_F__BZ_F__XLE__UGA.401cd46daf, now test.fuel_analytics.source_accepted_values_raw_fuel_prices_REGION__US_NATIONAL.bc8541f77d)
[0m00:48:35.975624 [debug] [Thread-2 (]: Began compiling node test.fuel_analytics.source_accepted_values_raw_fuel_prices_REGION__US_NATIONAL.bc8541f77d
[0m00:48:35.981177 [debug] [Thread-2 (]: Writing injected SQL for node "test.fuel_analytics.source_accepted_values_raw_fuel_prices_REGION__US_NATIONAL.bc8541f77d"
[0m00:48:35.982006 [debug] [Thread-2 (]: Began executing node test.fuel_analytics.source_accepted_values_raw_fuel_prices_REGION__US_NATIONAL.bc8541f77d
[0m00:48:35.984436 [debug] [Thread-2 (]: Writing runtime sql for node "test.fuel_analytics.source_accepted_values_raw_fuel_prices_REGION__US_NATIONAL.bc8541f77d"
[0m00:48:35.985348 [debug] [Thread-2 (]: Using snowflake connection "test.fuel_analytics.source_accepted_values_raw_fuel_prices_REGION__US_NATIONAL.bc8541f77d"
[0m00:48:35.985650 [debug] [Thread-2 (]: On test.fuel_analytics.source_accepted_values_raw_fuel_prices_REGION__US_NATIONAL.bc8541f77d: select
      count(*) as failures,
      count(*) != 0 as should_warn,
      count(*) != 0 as should_error
    from (
      
    
  
    
    

with all_values as (

    select
        REGION as value_field,
        count(*) as n_records

    from USER_DB_BOA.RAW.fuel_prices
    group by REGION

)

select *
from all_values
where value_field not in (
    'US_NATIONAL'
)



  
  
      
    ) dbt_internal_test
/* {"app": "dbt", "dbt_version": "1.11.8", "profile_name": "fuel_analytics", "target_name": "dev", "node_id": "test.fuel_analytics.source_accepted_values_raw_fuel_prices_REGION__US_NATIONAL.bc8541f77d"} */
[0m00:48:36.087802 [debug] [Thread-2 (]: SQL status: SUCCESS 1 in 0.102 seconds
[0m00:48:36.091340 [info ] [Thread-2 (]: 19 of 31 PASS source_accepted_values_raw_fuel_prices_REGION__US_NATIONAL ....... [[32mPASS[0m in 0.12s]
[0m00:48:36.092361 [debug] [Thread-2 (]: Finished running node test.fuel_analytics.source_accepted_values_raw_fuel_prices_REGION__US_NATIONAL.bc8541f77d
[0m00:48:36.092913 [debug] [Thread-2 (]: Began running node test.fuel_analytics.source_accepted_values_raw_fuel_prices_SOURCE__EIA_WEEKLY.9ee4079dce
[0m00:48:36.093494 [info ] [Thread-2 (]: 20 of 31 START test source_accepted_values_raw_fuel_prices_SOURCE__EIA_WEEKLY .. [RUN]
[0m00:48:36.094066 [debug] [Thread-2 (]: Re-using an available connection from the pool (formerly test.fuel_analytics.source_accepted_values_raw_fuel_prices_REGION__US_NATIONAL.bc8541f77d, now test.fuel_analytics.source_accepted_values_raw_fuel_prices_SOURCE__EIA_WEEKLY.9ee4079dce)
[0m00:48:36.094483 [debug] [Thread-2 (]: Began compiling node test.fuel_analytics.source_accepted_values_raw_fuel_prices_SOURCE__EIA_WEEKLY.9ee4079dce
[0m00:48:36.101113 [debug] [Thread-2 (]: Writing injected SQL for node "test.fuel_analytics.source_accepted_values_raw_fuel_prices_SOURCE__EIA_WEEKLY.9ee4079dce"
[0m00:48:36.102149 [debug] [Thread-2 (]: Began executing node test.fuel_analytics.source_accepted_values_raw_fuel_prices_SOURCE__EIA_WEEKLY.9ee4079dce
[0m00:48:36.104966 [debug] [Thread-2 (]: Writing runtime sql for node "test.fuel_analytics.source_accepted_values_raw_fuel_prices_SOURCE__EIA_WEEKLY.9ee4079dce"
[0m00:48:36.106054 [debug] [Thread-2 (]: Using snowflake connection "test.fuel_analytics.source_accepted_values_raw_fuel_prices_SOURCE__EIA_WEEKLY.9ee4079dce"
[0m00:48:36.106419 [debug] [Thread-2 (]: On test.fuel_analytics.source_accepted_values_raw_fuel_prices_SOURCE__EIA_WEEKLY.9ee4079dce: select
      count(*) as failures,
      count(*) != 0 as should_warn,
      count(*) != 0 as should_error
    from (
      
    
  
    
    

with all_values as (

    select
        SOURCE as value_field,
        count(*) as n_records

    from USER_DB_BOA.RAW.fuel_prices
    group by SOURCE

)

select *
from all_values
where value_field not in (
    'EIA_WEEKLY'
)



  
  
      
    ) dbt_internal_test
/* {"app": "dbt", "dbt_version": "1.11.8", "profile_name": "fuel_analytics", "target_name": "dev", "node_id": "test.fuel_analytics.source_accepted_values_raw_fuel_prices_SOURCE__EIA_WEEKLY.9ee4079dce"} */
[0m00:48:36.235292 [debug] [Thread-2 (]: SQL status: SUCCESS 1 in 0.128 seconds
[0m00:48:36.239869 [info ] [Thread-2 (]: 20 of 31 PASS source_accepted_values_raw_fuel_prices_SOURCE__EIA_WEEKLY ........ [[32mPASS[0m in 0.15s]
[0m00:48:36.241013 [debug] [Thread-2 (]: Finished running node test.fuel_analytics.source_accepted_values_raw_fuel_prices_SOURCE__EIA_WEEKLY.9ee4079dce
[0m00:48:36.241746 [debug] [Thread-2 (]: Began running node test.fuel_analytics.source_accepted_values_raw_regional_fuel_prices_FUEL_TYPE__REGULAR_GASOLINE.62c36508d5
[0m00:48:36.242481 [info ] [Thread-2 (]: 21 of 31 START test source_accepted_values_raw_regional_fuel_prices_FUEL_TYPE__REGULAR_GASOLINE  [RUN]
[0m00:48:36.243183 [debug] [Thread-2 (]: Re-using an available connection from the pool (formerly test.fuel_analytics.source_accepted_values_raw_fuel_prices_SOURCE__EIA_WEEKLY.9ee4079dce, now test.fuel_analytics.source_accepted_values_raw_regional_fuel_prices_FUEL_TYPE__REGULAR_GASOLINE.62c36508d5)
[0m00:48:36.243676 [debug] [Thread-2 (]: Began compiling node test.fuel_analytics.source_accepted_values_raw_regional_fuel_prices_FUEL_TYPE__REGULAR_GASOLINE.62c36508d5
[0m00:48:36.251265 [debug] [Thread-2 (]: Writing injected SQL for node "test.fuel_analytics.source_accepted_values_raw_regional_fuel_prices_FUEL_TYPE__REGULAR_GASOLINE.62c36508d5"
[0m00:48:36.252260 [debug] [Thread-2 (]: Began executing node test.fuel_analytics.source_accepted_values_raw_regional_fuel_prices_FUEL_TYPE__REGULAR_GASOLINE.62c36508d5
[0m00:48:36.257694 [debug] [Thread-2 (]: Writing runtime sql for node "test.fuel_analytics.source_accepted_values_raw_regional_fuel_prices_FUEL_TYPE__REGULAR_GASOLINE.62c36508d5"
[0m00:48:36.259249 [debug] [Thread-2 (]: Using snowflake connection "test.fuel_analytics.source_accepted_values_raw_regional_fuel_prices_FUEL_TYPE__REGULAR_GASOLINE.62c36508d5"
[0m00:48:36.259799 [debug] [Thread-2 (]: On test.fuel_analytics.source_accepted_values_raw_regional_fuel_prices_FUEL_TYPE__REGULAR_GASOLINE.62c36508d5: select
      count(*) as failures,
      count(*) != 0 as should_warn,
      count(*) != 0 as should_error
    from (
      
    
  
    
    

with all_values as (

    select
        FUEL_TYPE as value_field,
        count(*) as n_records

    from USER_DB_BOA.RAW.regional_fuel_prices
    group by FUEL_TYPE

)

select *
from all_values
where value_field not in (
    'REGULAR_GASOLINE'
)



  
  
      
    ) dbt_internal_test
/* {"app": "dbt", "dbt_version": "1.11.8", "profile_name": "fuel_analytics", "target_name": "dev", "node_id": "test.fuel_analytics.source_accepted_values_raw_regional_fuel_prices_FUEL_TYPE__REGULAR_GASOLINE.62c36508d5"} */
[0m00:48:36.388537 [debug] [Thread-2 (]: SQL status: SUCCESS 1 in 0.128 seconds
[0m00:48:36.393468 [info ] [Thread-2 (]: 21 of 31 PASS source_accepted_values_raw_regional_fuel_prices_FUEL_TYPE__REGULAR_GASOLINE  [[32mPASS[0m in 0.15s]
[0m00:48:36.394797 [debug] [Thread-2 (]: Finished running node test.fuel_analytics.source_accepted_values_raw_regional_fuel_prices_FUEL_TYPE__REGULAR_GASOLINE.62c36508d5
[0m00:48:36.395579 [debug] [Thread-2 (]: Began running node test.fuel_analytics.source_accepted_values_raw_regional_fuel_prices_REGION__EAST_COAST__MIDWEST__GULF_COAST__ROCKY_MOUNTAIN__WEST_COAST__CALIFORNIA.5219d58b40
[0m00:48:36.396258 [info ] [Thread-2 (]: 22 of 31 START test source_accepted_values_raw_regional_fuel_prices_REGION__EAST_COAST__MIDWEST__GULF_COAST__ROCKY_MOUNTAIN__WEST_COAST__CALIFORNIA  [RUN]
[0m00:48:36.397052 [debug] [Thread-2 (]: Re-using an available connection from the pool (formerly test.fuel_analytics.source_accepted_values_raw_regional_fuel_prices_FUEL_TYPE__REGULAR_GASOLINE.62c36508d5, now test.fuel_analytics.source_accepted_values_raw_regional_fuel_prices_REGION__EAST_COAST__MIDWEST__GULF_COAST__ROCKY_MOUNTAIN__WEST_COAST__CALIFORNIA.5219d58b40)
[0m00:48:36.397607 [debug] [Thread-2 (]: Began compiling node test.fuel_analytics.source_accepted_values_raw_regional_fuel_prices_REGION__EAST_COAST__MIDWEST__GULF_COAST__ROCKY_MOUNTAIN__WEST_COAST__CALIFORNIA.5219d58b40
[0m00:48:36.408799 [debug] [Thread-2 (]: Writing injected SQL for node "test.fuel_analytics.source_accepted_values_raw_regional_fuel_prices_REGION__EAST_COAST__MIDWEST__GULF_COAST__ROCKY_MOUNTAIN__WEST_COAST__CALIFORNIA.5219d58b40"
[0m00:48:36.409899 [debug] [Thread-2 (]: Began executing node test.fuel_analytics.source_accepted_values_raw_regional_fuel_prices_REGION__EAST_COAST__MIDWEST__GULF_COAST__ROCKY_MOUNTAIN__WEST_COAST__CALIFORNIA.5219d58b40
[0m00:48:36.413172 [debug] [Thread-2 (]: Writing runtime sql for node "test.fuel_analytics.source_accepted_values_raw_regional_fuel_prices_REGION__EAST_COAST__MIDWEST__GULF_COAST__ROCKY_MOUNTAIN__WEST_COAST__CALIFORNIA.5219d58b40"
[0m00:48:36.414464 [debug] [Thread-2 (]: Using snowflake connection "test.fuel_analytics.source_accepted_values_raw_regional_fuel_prices_REGION__EAST_COAST__MIDWEST__GULF_COAST__ROCKY_MOUNTAIN__WEST_COAST__CALIFORNIA.5219d58b40"
[0m00:48:36.414812 [debug] [Thread-2 (]: On test.fuel_analytics.source_accepted_values_raw_regional_fuel_prices_REGION__EAST_COAST__MIDWEST__GULF_COAST__ROCKY_MOUNTAIN__WEST_COAST__CALIFORNIA.5219d58b40: select
      count(*) as failures,
      count(*) != 0 as should_warn,
      count(*) != 0 as should_error
    from (
      
    
  
    
    

with all_values as (

    select
        REGION as value_field,
        count(*) as n_records

    from USER_DB_BOA.RAW.regional_fuel_prices
    group by REGION

)

select *
from all_values
where value_field not in (
    'EAST_COAST','MIDWEST','GULF_COAST','ROCKY_MOUNTAIN','WEST_COAST','CALIFORNIA'
)



  
  
      
    ) dbt_internal_test
/* {"app": "dbt", "dbt_version": "1.11.8", "profile_name": "fuel_analytics", "target_name": "dev", "node_id": "test.fuel_analytics.source_accepted_values_raw_regional_fuel_prices_REGION__EAST_COAST__MIDWEST__GULF_COAST__ROCKY_MOUNTAIN__WEST_COAST__CALIFORNIA.5219d58b40"} */
[0m00:48:36.506220 [debug] [Thread-2 (]: SQL status: SUCCESS 1 in 0.091 seconds
[0m00:48:36.510435 [info ] [Thread-2 (]: 22 of 31 PASS source_accepted_values_raw_regional_fuel_prices_REGION__EAST_COAST__MIDWEST__GULF_COAST__ROCKY_MOUNTAIN__WEST_COAST__CALIFORNIA  [[32mPASS[0m in 0.11s]
[0m00:48:36.511576 [debug] [Thread-2 (]: Finished running node test.fuel_analytics.source_accepted_values_raw_regional_fuel_prices_REGION__EAST_COAST__MIDWEST__GULF_COAST__ROCKY_MOUNTAIN__WEST_COAST__CALIFORNIA.5219d58b40
[0m00:48:36.512290 [debug] [Thread-2 (]: Began running node test.fuel_analytics.source_not_null_raw_energy_market_prices_CLOSE_PRICE.df0315335a
[0m00:48:36.513031 [info ] [Thread-2 (]: 23 of 31 START test source_not_null_raw_energy_market_prices_CLOSE_PRICE ....... [RUN]
[0m00:48:36.513874 [debug] [Thread-2 (]: Re-using an available connection from the pool (formerly test.fuel_analytics.source_accepted_values_raw_regional_fuel_prices_REGION__EAST_COAST__MIDWEST__GULF_COAST__ROCKY_MOUNTAIN__WEST_COAST__CALIFORNIA.5219d58b40, now test.fuel_analytics.source_not_null_raw_energy_market_prices_CLOSE_PRICE.df0315335a)
[0m00:48:36.514424 [debug] [Thread-2 (]: Began compiling node test.fuel_analytics.source_not_null_raw_energy_market_prices_CLOSE_PRICE.df0315335a
[0m00:48:36.521460 [debug] [Thread-2 (]: Writing injected SQL for node "test.fuel_analytics.source_not_null_raw_energy_market_prices_CLOSE_PRICE.df0315335a"
[0m00:48:36.522346 [debug] [Thread-2 (]: Began executing node test.fuel_analytics.source_not_null_raw_energy_market_prices_CLOSE_PRICE.df0315335a
[0m00:48:36.525270 [debug] [Thread-2 (]: Writing runtime sql for node "test.fuel_analytics.source_not_null_raw_energy_market_prices_CLOSE_PRICE.df0315335a"
[0m00:48:36.526197 [debug] [Thread-2 (]: Using snowflake connection "test.fuel_analytics.source_not_null_raw_energy_market_prices_CLOSE_PRICE.df0315335a"
[0m00:48:36.526541 [debug] [Thread-2 (]: On test.fuel_analytics.source_not_null_raw_energy_market_prices_CLOSE_PRICE.df0315335a: select
      count(*) as failures,
      count(*) != 0 as should_warn,
      count(*) != 0 as should_error
    from (
      
    
  
    
    



select CLOSE_PRICE
from USER_DB_BOA.RAW.energy_market_prices
where CLOSE_PRICE is null



  
  
      
    ) dbt_internal_test
/* {"app": "dbt", "dbt_version": "1.11.8", "profile_name": "fuel_analytics", "target_name": "dev", "node_id": "test.fuel_analytics.source_not_null_raw_energy_market_prices_CLOSE_PRICE.df0315335a"} */
[0m00:48:36.678106 [debug] [Thread-2 (]: SQL status: SUCCESS 1 in 0.151 seconds
[0m00:48:36.682267 [info ] [Thread-2 (]: 23 of 31 PASS source_not_null_raw_energy_market_prices_CLOSE_PRICE ............. [[32mPASS[0m in 0.17s]
[0m00:48:36.683224 [debug] [Thread-2 (]: Finished running node test.fuel_analytics.source_not_null_raw_energy_market_prices_CLOSE_PRICE.df0315335a
[0m00:48:36.683812 [debug] [Thread-2 (]: Began running node test.fuel_analytics.source_not_null_raw_energy_market_prices_TICKER.bda3993d31
[0m00:48:36.684340 [info ] [Thread-2 (]: 24 of 31 START test source_not_null_raw_energy_market_prices_TICKER ............ [RUN]
[0m00:48:36.684988 [debug] [Thread-2 (]: Re-using an available connection from the pool (formerly test.fuel_analytics.source_not_null_raw_energy_market_prices_CLOSE_PRICE.df0315335a, now test.fuel_analytics.source_not_null_raw_energy_market_prices_TICKER.bda3993d31)
[0m00:48:36.685456 [debug] [Thread-2 (]: Began compiling node test.fuel_analytics.source_not_null_raw_energy_market_prices_TICKER.bda3993d31
[0m00:48:36.691758 [debug] [Thread-2 (]: Writing injected SQL for node "test.fuel_analytics.source_not_null_raw_energy_market_prices_TICKER.bda3993d31"
[0m00:48:36.692755 [debug] [Thread-2 (]: Began executing node test.fuel_analytics.source_not_null_raw_energy_market_prices_TICKER.bda3993d31
[0m00:48:36.695617 [debug] [Thread-2 (]: Writing runtime sql for node "test.fuel_analytics.source_not_null_raw_energy_market_prices_TICKER.bda3993d31"
[0m00:48:36.696867 [debug] [Thread-2 (]: Using snowflake connection "test.fuel_analytics.source_not_null_raw_energy_market_prices_TICKER.bda3993d31"
[0m00:48:36.697242 [debug] [Thread-2 (]: On test.fuel_analytics.source_not_null_raw_energy_market_prices_TICKER.bda3993d31: select
      count(*) as failures,
      count(*) != 0 as should_warn,
      count(*) != 0 as should_error
    from (
      
    
  
    
    



select TICKER
from USER_DB_BOA.RAW.energy_market_prices
where TICKER is null



  
  
      
    ) dbt_internal_test
/* {"app": "dbt", "dbt_version": "1.11.8", "profile_name": "fuel_analytics", "target_name": "dev", "node_id": "test.fuel_analytics.source_not_null_raw_energy_market_prices_TICKER.bda3993d31"} */
[0m00:48:36.817129 [debug] [Thread-2 (]: SQL status: SUCCESS 1 in 0.119 seconds
[0m00:48:36.821393 [info ] [Thread-2 (]: 24 of 31 PASS source_not_null_raw_energy_market_prices_TICKER .................. [[32mPASS[0m in 0.14s]
[0m00:48:36.822151 [debug] [Thread-2 (]: Finished running node test.fuel_analytics.source_not_null_raw_energy_market_prices_TICKER.bda3993d31
[0m00:48:36.822593 [debug] [Thread-2 (]: Began running node test.fuel_analytics.source_not_null_raw_energy_market_prices_WEEK_DATE.e031e6eb80
[0m00:48:36.823115 [info ] [Thread-2 (]: 25 of 31 START test source_not_null_raw_energy_market_prices_WEEK_DATE ......... [RUN]
[0m00:48:36.823645 [debug] [Thread-2 (]: Re-using an available connection from the pool (formerly test.fuel_analytics.source_not_null_raw_energy_market_prices_TICKER.bda3993d31, now test.fuel_analytics.source_not_null_raw_energy_market_prices_WEEK_DATE.e031e6eb80)
[0m00:48:36.824039 [debug] [Thread-2 (]: Began compiling node test.fuel_analytics.source_not_null_raw_energy_market_prices_WEEK_DATE.e031e6eb80
[0m00:48:36.828666 [debug] [Thread-2 (]: Writing injected SQL for node "test.fuel_analytics.source_not_null_raw_energy_market_prices_WEEK_DATE.e031e6eb80"
[0m00:48:36.829467 [debug] [Thread-2 (]: Began executing node test.fuel_analytics.source_not_null_raw_energy_market_prices_WEEK_DATE.e031e6eb80
[0m00:48:36.831612 [debug] [Thread-2 (]: Writing runtime sql for node "test.fuel_analytics.source_not_null_raw_energy_market_prices_WEEK_DATE.e031e6eb80"
[0m00:48:36.832717 [debug] [Thread-2 (]: Using snowflake connection "test.fuel_analytics.source_not_null_raw_energy_market_prices_WEEK_DATE.e031e6eb80"
[0m00:48:36.833016 [debug] [Thread-2 (]: On test.fuel_analytics.source_not_null_raw_energy_market_prices_WEEK_DATE.e031e6eb80: select
      count(*) as failures,
      count(*) != 0 as should_warn,
      count(*) != 0 as should_error
    from (
      
    
  
    
    



select WEEK_DATE
from USER_DB_BOA.RAW.energy_market_prices
where WEEK_DATE is null



  
  
      
    ) dbt_internal_test
/* {"app": "dbt", "dbt_version": "1.11.8", "profile_name": "fuel_analytics", "target_name": "dev", "node_id": "test.fuel_analytics.source_not_null_raw_energy_market_prices_WEEK_DATE.e031e6eb80"} */
[0m00:48:36.908131 [debug] [Thread-2 (]: SQL status: SUCCESS 1 in 0.075 seconds
[0m00:48:36.910610 [info ] [Thread-2 (]: 25 of 31 PASS source_not_null_raw_energy_market_prices_WEEK_DATE ............... [[32mPASS[0m in 0.09s]
[0m00:48:36.911265 [debug] [Thread-2 (]: Finished running node test.fuel_analytics.source_not_null_raw_energy_market_prices_WEEK_DATE.e031e6eb80
[0m00:48:36.911690 [debug] [Thread-2 (]: Began running node test.fuel_analytics.source_not_null_raw_fuel_prices_REGION.83fced813d
[0m00:48:36.912147 [info ] [Thread-2 (]: 26 of 31 START test source_not_null_raw_fuel_prices_REGION ..................... [RUN]
[0m00:48:36.912636 [debug] [Thread-2 (]: Re-using an available connection from the pool (formerly test.fuel_analytics.source_not_null_raw_energy_market_prices_WEEK_DATE.e031e6eb80, now test.fuel_analytics.source_not_null_raw_fuel_prices_REGION.83fced813d)
[0m00:48:36.913014 [debug] [Thread-2 (]: Began compiling node test.fuel_analytics.source_not_null_raw_fuel_prices_REGION.83fced813d
[0m00:48:36.917101 [debug] [Thread-2 (]: Writing injected SQL for node "test.fuel_analytics.source_not_null_raw_fuel_prices_REGION.83fced813d"
[0m00:48:36.919210 [debug] [Thread-2 (]: Began executing node test.fuel_analytics.source_not_null_raw_fuel_prices_REGION.83fced813d
[0m00:48:36.923301 [debug] [Thread-2 (]: Writing runtime sql for node "test.fuel_analytics.source_not_null_raw_fuel_prices_REGION.83fced813d"
[0m00:48:36.924047 [debug] [Thread-2 (]: Using snowflake connection "test.fuel_analytics.source_not_null_raw_fuel_prices_REGION.83fced813d"
[0m00:48:36.924406 [debug] [Thread-2 (]: On test.fuel_analytics.source_not_null_raw_fuel_prices_REGION.83fced813d: select
      count(*) as failures,
      count(*) != 0 as should_warn,
      count(*) != 0 as should_error
    from (
      
    
  
    
    



select REGION
from USER_DB_BOA.RAW.fuel_prices
where REGION is null



  
  
      
    ) dbt_internal_test
/* {"app": "dbt", "dbt_version": "1.11.8", "profile_name": "fuel_analytics", "target_name": "dev", "node_id": "test.fuel_analytics.source_not_null_raw_fuel_prices_REGION.83fced813d"} */
[0m00:48:37.002198 [debug] [Thread-2 (]: SQL status: SUCCESS 1 in 0.077 seconds
[0m00:48:37.005438 [info ] [Thread-2 (]: 26 of 31 PASS source_not_null_raw_fuel_prices_REGION ........................... [[32mPASS[0m in 0.09s]
[0m00:48:37.006108 [debug] [Thread-2 (]: Finished running node test.fuel_analytics.source_not_null_raw_fuel_prices_REGION.83fced813d
[0m00:48:37.006503 [debug] [Thread-2 (]: Began running node test.fuel_analytics.source_not_null_raw_fuel_prices_REGULAR_GASOLINE_PRICE.44dd59ebfc
[0m00:48:37.006915 [info ] [Thread-2 (]: 27 of 31 START test source_not_null_raw_fuel_prices_REGULAR_GASOLINE_PRICE ..... [RUN]
[0m00:48:37.007398 [debug] [Thread-2 (]: Re-using an available connection from the pool (formerly test.fuel_analytics.source_not_null_raw_fuel_prices_REGION.83fced813d, now test.fuel_analytics.source_not_null_raw_fuel_prices_REGULAR_GASOLINE_PRICE.44dd59ebfc)
[0m00:48:37.007753 [debug] [Thread-2 (]: Began compiling node test.fuel_analytics.source_not_null_raw_fuel_prices_REGULAR_GASOLINE_PRICE.44dd59ebfc
[0m00:48:37.012669 [debug] [Thread-2 (]: Writing injected SQL for node "test.fuel_analytics.source_not_null_raw_fuel_prices_REGULAR_GASOLINE_PRICE.44dd59ebfc"
[0m00:48:37.013740 [debug] [Thread-2 (]: Began executing node test.fuel_analytics.source_not_null_raw_fuel_prices_REGULAR_GASOLINE_PRICE.44dd59ebfc
[0m00:48:37.016252 [debug] [Thread-2 (]: Writing runtime sql for node "test.fuel_analytics.source_not_null_raw_fuel_prices_REGULAR_GASOLINE_PRICE.44dd59ebfc"
[0m00:48:37.017405 [debug] [Thread-2 (]: Using snowflake connection "test.fuel_analytics.source_not_null_raw_fuel_prices_REGULAR_GASOLINE_PRICE.44dd59ebfc"
[0m00:48:37.017743 [debug] [Thread-2 (]: On test.fuel_analytics.source_not_null_raw_fuel_prices_REGULAR_GASOLINE_PRICE.44dd59ebfc: select
      count(*) as failures,
      count(*) != 0 as should_warn,
      count(*) != 0 as should_error
    from (
      
    
  
    
    



select REGULAR_GASOLINE_PRICE
from USER_DB_BOA.RAW.fuel_prices
where REGULAR_GASOLINE_PRICE is null



  
  
      
    ) dbt_internal_test
/* {"app": "dbt", "dbt_version": "1.11.8", "profile_name": "fuel_analytics", "target_name": "dev", "node_id": "test.fuel_analytics.source_not_null_raw_fuel_prices_REGULAR_GASOLINE_PRICE.44dd59ebfc"} */
[0m00:48:37.137176 [debug] [Thread-2 (]: SQL status: SUCCESS 1 in 0.119 seconds
[0m00:48:37.141870 [info ] [Thread-2 (]: 27 of 31 PASS source_not_null_raw_fuel_prices_REGULAR_GASOLINE_PRICE ........... [[32mPASS[0m in 0.13s]
[0m00:48:37.142683 [debug] [Thread-2 (]: Finished running node test.fuel_analytics.source_not_null_raw_fuel_prices_REGULAR_GASOLINE_PRICE.44dd59ebfc
[0m00:48:37.143128 [debug] [Thread-2 (]: Began running node test.fuel_analytics.source_not_null_raw_fuel_prices_WEEK_DATE.d5d7761b87
[0m00:48:37.143536 [info ] [Thread-2 (]: 28 of 31 START test source_not_null_raw_fuel_prices_WEEK_DATE .................. [RUN]
[0m00:48:37.144032 [debug] [Thread-2 (]: Re-using an available connection from the pool (formerly test.fuel_analytics.source_not_null_raw_fuel_prices_REGULAR_GASOLINE_PRICE.44dd59ebfc, now test.fuel_analytics.source_not_null_raw_fuel_prices_WEEK_DATE.d5d7761b87)
[0m00:48:37.144416 [debug] [Thread-2 (]: Began compiling node test.fuel_analytics.source_not_null_raw_fuel_prices_WEEK_DATE.d5d7761b87
[0m00:48:37.148955 [debug] [Thread-2 (]: Writing injected SQL for node "test.fuel_analytics.source_not_null_raw_fuel_prices_WEEK_DATE.d5d7761b87"
[0m00:48:37.149801 [debug] [Thread-2 (]: Began executing node test.fuel_analytics.source_not_null_raw_fuel_prices_WEEK_DATE.d5d7761b87
[0m00:48:37.152039 [debug] [Thread-2 (]: Writing runtime sql for node "test.fuel_analytics.source_not_null_raw_fuel_prices_WEEK_DATE.d5d7761b87"
[0m00:48:37.153199 [debug] [Thread-2 (]: Using snowflake connection "test.fuel_analytics.source_not_null_raw_fuel_prices_WEEK_DATE.d5d7761b87"
[0m00:48:37.153538 [debug] [Thread-2 (]: On test.fuel_analytics.source_not_null_raw_fuel_prices_WEEK_DATE.d5d7761b87: select
      count(*) as failures,
      count(*) != 0 as should_warn,
      count(*) != 0 as should_error
    from (
      
    
  
    
    



select WEEK_DATE
from USER_DB_BOA.RAW.fuel_prices
where WEEK_DATE is null



  
  
      
    ) dbt_internal_test
/* {"app": "dbt", "dbt_version": "1.11.8", "profile_name": "fuel_analytics", "target_name": "dev", "node_id": "test.fuel_analytics.source_not_null_raw_fuel_prices_WEEK_DATE.d5d7761b87"} */
[0m00:48:37.235285 [debug] [Thread-2 (]: SQL status: SUCCESS 1 in 0.081 seconds
[0m00:48:37.237660 [info ] [Thread-2 (]: 28 of 31 PASS source_not_null_raw_fuel_prices_WEEK_DATE ........................ [[32mPASS[0m in 0.09s]
[0m00:48:37.238287 [debug] [Thread-2 (]: Finished running node test.fuel_analytics.source_not_null_raw_fuel_prices_WEEK_DATE.d5d7761b87
[0m00:48:37.238716 [debug] [Thread-2 (]: Began running node test.fuel_analytics.source_not_null_raw_regional_fuel_prices_PRICE.c255f134aa
[0m00:48:37.239086 [info ] [Thread-2 (]: 29 of 31 START test source_not_null_raw_regional_fuel_prices_PRICE ............. [RUN]
[0m00:48:37.239389 [debug] [Thread-2 (]: Re-using an available connection from the pool (formerly test.fuel_analytics.source_not_null_raw_fuel_prices_WEEK_DATE.d5d7761b87, now test.fuel_analytics.source_not_null_raw_regional_fuel_prices_PRICE.c255f134aa)
[0m00:48:37.239608 [debug] [Thread-2 (]: Began compiling node test.fuel_analytics.source_not_null_raw_regional_fuel_prices_PRICE.c255f134aa
[0m00:48:37.243772 [debug] [Thread-2 (]: Writing injected SQL for node "test.fuel_analytics.source_not_null_raw_regional_fuel_prices_PRICE.c255f134aa"
[0m00:48:37.245384 [debug] [Thread-2 (]: Began executing node test.fuel_analytics.source_not_null_raw_regional_fuel_prices_PRICE.c255f134aa
[0m00:48:37.247582 [debug] [Thread-2 (]: Writing runtime sql for node "test.fuel_analytics.source_not_null_raw_regional_fuel_prices_PRICE.c255f134aa"
[0m00:48:37.248548 [debug] [Thread-2 (]: Using snowflake connection "test.fuel_analytics.source_not_null_raw_regional_fuel_prices_PRICE.c255f134aa"
[0m00:48:37.248848 [debug] [Thread-2 (]: On test.fuel_analytics.source_not_null_raw_regional_fuel_prices_PRICE.c255f134aa: select
      count(*) as failures,
      count(*) != 0 as should_warn,
      count(*) != 0 as should_error
    from (
      
    
  
    
    



select PRICE
from USER_DB_BOA.RAW.regional_fuel_prices
where PRICE is null



  
  
      
    ) dbt_internal_test
/* {"app": "dbt", "dbt_version": "1.11.8", "profile_name": "fuel_analytics", "target_name": "dev", "node_id": "test.fuel_analytics.source_not_null_raw_regional_fuel_prices_PRICE.c255f134aa"} */
[0m00:48:37.344824 [debug] [Thread-2 (]: SQL status: SUCCESS 1 in 0.095 seconds
[0m00:48:37.348037 [info ] [Thread-2 (]: 29 of 31 PASS source_not_null_raw_regional_fuel_prices_PRICE ................... [[32mPASS[0m in 0.11s]
[0m00:48:37.348780 [debug] [Thread-2 (]: Finished running node test.fuel_analytics.source_not_null_raw_regional_fuel_prices_PRICE.c255f134aa
[0m00:48:37.349593 [debug] [Thread-2 (]: Began running node test.fuel_analytics.source_not_null_raw_regional_fuel_prices_REGION.1af3241c77
[0m00:48:37.350097 [info ] [Thread-2 (]: 30 of 31 START test source_not_null_raw_regional_fuel_prices_REGION ............ [RUN]
[0m00:48:37.350659 [debug] [Thread-2 (]: Re-using an available connection from the pool (formerly test.fuel_analytics.source_not_null_raw_regional_fuel_prices_PRICE.c255f134aa, now test.fuel_analytics.source_not_null_raw_regional_fuel_prices_REGION.1af3241c77)
[0m00:48:37.351057 [debug] [Thread-2 (]: Began compiling node test.fuel_analytics.source_not_null_raw_regional_fuel_prices_REGION.1af3241c77
[0m00:48:37.356157 [debug] [Thread-2 (]: Writing injected SQL for node "test.fuel_analytics.source_not_null_raw_regional_fuel_prices_REGION.1af3241c77"
[0m00:48:37.357792 [debug] [Thread-2 (]: Began executing node test.fuel_analytics.source_not_null_raw_regional_fuel_prices_REGION.1af3241c77
[0m00:48:37.360278 [debug] [Thread-2 (]: Writing runtime sql for node "test.fuel_analytics.source_not_null_raw_regional_fuel_prices_REGION.1af3241c77"
[0m00:48:37.361325 [debug] [Thread-2 (]: Using snowflake connection "test.fuel_analytics.source_not_null_raw_regional_fuel_prices_REGION.1af3241c77"
[0m00:48:37.361671 [debug] [Thread-2 (]: On test.fuel_analytics.source_not_null_raw_regional_fuel_prices_REGION.1af3241c77: select
      count(*) as failures,
      count(*) != 0 as should_warn,
      count(*) != 0 as should_error
    from (
      
    
  
    
    



select REGION
from USER_DB_BOA.RAW.regional_fuel_prices
where REGION is null



  
  
      
    ) dbt_internal_test
/* {"app": "dbt", "dbt_version": "1.11.8", "profile_name": "fuel_analytics", "target_name": "dev", "node_id": "test.fuel_analytics.source_not_null_raw_regional_fuel_prices_REGION.1af3241c77"} */
[0m00:48:37.483556 [debug] [Thread-2 (]: SQL status: SUCCESS 1 in 0.121 seconds
[0m00:48:37.487788 [info ] [Thread-2 (]: 30 of 31 PASS source_not_null_raw_regional_fuel_prices_REGION .................. [[32mPASS[0m in 0.14s]
[0m00:48:37.488585 [debug] [Thread-2 (]: Finished running node test.fuel_analytics.source_not_null_raw_regional_fuel_prices_REGION.1af3241c77
[0m00:48:37.489106 [debug] [Thread-2 (]: Began running node test.fuel_analytics.source_not_null_raw_regional_fuel_prices_WEEK_DATE.8c4a10038e
[0m00:48:37.489652 [info ] [Thread-2 (]: 31 of 31 START test source_not_null_raw_regional_fuel_prices_WEEK_DATE ......... [RUN]
[0m00:48:37.490264 [debug] [Thread-2 (]: Re-using an available connection from the pool (formerly test.fuel_analytics.source_not_null_raw_regional_fuel_prices_REGION.1af3241c77, now test.fuel_analytics.source_not_null_raw_regional_fuel_prices_WEEK_DATE.8c4a10038e)
[0m00:48:37.490716 [debug] [Thread-2 (]: Began compiling node test.fuel_analytics.source_not_null_raw_regional_fuel_prices_WEEK_DATE.8c4a10038e
[0m00:48:37.499203 [debug] [Thread-2 (]: Writing injected SQL for node "test.fuel_analytics.source_not_null_raw_regional_fuel_prices_WEEK_DATE.8c4a10038e"
[0m00:48:37.500936 [debug] [Thread-2 (]: Began executing node test.fuel_analytics.source_not_null_raw_regional_fuel_prices_WEEK_DATE.8c4a10038e
[0m00:48:37.504088 [debug] [Thread-2 (]: Writing runtime sql for node "test.fuel_analytics.source_not_null_raw_regional_fuel_prices_WEEK_DATE.8c4a10038e"
[0m00:48:37.505160 [debug] [Thread-2 (]: Using snowflake connection "test.fuel_analytics.source_not_null_raw_regional_fuel_prices_WEEK_DATE.8c4a10038e"
[0m00:48:37.505496 [debug] [Thread-2 (]: On test.fuel_analytics.source_not_null_raw_regional_fuel_prices_WEEK_DATE.8c4a10038e: select
      count(*) as failures,
      count(*) != 0 as should_warn,
      count(*) != 0 as should_error
    from (
      
    
  
    
    



select WEEK_DATE
from USER_DB_BOA.RAW.regional_fuel_prices
where WEEK_DATE is null



  
  
      
    ) dbt_internal_test
/* {"app": "dbt", "dbt_version": "1.11.8", "profile_name": "fuel_analytics", "target_name": "dev", "node_id": "test.fuel_analytics.source_not_null_raw_regional_fuel_prices_WEEK_DATE.8c4a10038e"} */
[0m00:48:37.609521 [debug] [Thread-2 (]: SQL status: SUCCESS 1 in 0.103 seconds
[0m00:48:37.613448 [info ] [Thread-2 (]: 31 of 31 PASS source_not_null_raw_regional_fuel_prices_WEEK_DATE ............... [[32mPASS[0m in 0.12s]
[0m00:48:37.613951 [debug] [Thread-2 (]: Finished running node test.fuel_analytics.source_not_null_raw_regional_fuel_prices_WEEK_DATE.8c4a10038e
[0m00:48:37.615071 [debug] [MainThread]: Connection 'master' was properly closed.
[0m00:48:37.615378 [debug] [MainThread]: Connection 'list_USER_DB_FERRET_DBT' was left open.
[0m00:48:37.615621 [debug] [MainThread]: On list_USER_DB_FERRET_DBT: Close
[0m00:48:37.740599 [debug] [MainThread]: Connection 'test.fuel_analytics.source_not_null_raw_regional_fuel_prices_WEEK_DATE.8c4a10038e' was left open.
[0m00:48:37.741567 [debug] [MainThread]: On test.fuel_analytics.source_not_null_raw_regional_fuel_prices_WEEK_DATE.8c4a10038e: Close
[0m00:48:37.864741 [info ] [MainThread]: 
[0m00:48:37.865308 [info ] [MainThread]: Finished running 31 data tests in 0 hours 0 minutes and 7.99 seconds (7.99s).
[0m00:48:37.871472 [debug] [MainThread]: Command end result
[0m00:48:37.904603 [debug] [MainThread]: Wrote artifact WritableManifest to ./target/manifest.json
[0m00:48:37.906162 [debug] [MainThread]: Wrote artifact SemanticManifest to ./target/semantic_manifest.json
[0m00:48:37.910913 [debug] [MainThread]: Wrote artifact RunExecutionResult to ./target/run_results.json
[0m00:48:37.911117 [info ] [MainThread]: 
[0m00:48:37.911333 [info ] [MainThread]: [32mCompleted successfully[0m
[0m00:48:37.911514 [info ] [MainThread]: 
[0m00:48:37.911692 [info ] [MainThread]: Done. PASS=31 WARN=0 ERROR=0 SKIP=0 NO-OP=0 TOTAL=31
[0m00:48:37.916775 [debug] [MainThread]: Resource report: {"command_name": "test", "command_success": true, "command_wall_clock_time": 9.010135, "process_in_blocks": "0", "process_kernel_time": 2.29827, "process_mem_max_rss": "240746496", "process_out_blocks": "0", "process_user_time": 3.172275}
[0m00:48:37.917106 [debug] [MainThread]: Command `dbt test` succeeded at 00:48:37.917048 after 9.01 seconds
[0m00:48:37.917338 [debug] [MainThread]: Sending event: {'category': 'dbt', 'action': 'invocation', 'label': 'end', 'context': [<snowplow_tracker.self_describing_json.SelfDescribingJson object at 0x111841d60>, <snowplow_tracker.self_describing_json.SelfDescribingJson object at 0x1123f3320>, <snowplow_tracker.self_describing_json.SelfDescribingJson object at 0x1123f3410>]}
[0m00:48:37.917547 [debug] [MainThread]: Flushing usage events
[0m00:48:38.224880 [debug] [MainThread]: An error was encountered while trying to flush usage events
[0m01:00:15.035511 [debug] [MainThread]: Sending event: {'category': 'dbt', 'action': 'invocation', 'label': 'start', 'context': [<snowplow_tracker.self_describing_json.SelfDescribingJson object at 0x11003b200>, <snowplow_tracker.self_describing_json.SelfDescribingJson object at 0x1102f3290>, <snowplow_tracker.self_describing_json.SelfDescribingJson object at 0x1102f2ed0>]}


============================== 01:00:15.038263 | 53d3af7d-12d8-47ed-bce2-f236eb98966b ==============================
[0m01:00:15.038263 [info ] [MainThread]: Running with dbt=1.11.8
[0m01:00:15.038558 [debug] [MainThread]: running dbt with arguments {'version_check': 'True', 'static_parser': 'True', 'use_experimental_parser': 'False', 'profiles_dir': '.', 'log_format': 'default', 'no_print': 'None', 'write_json': 'True', 'fail_fast': 'False', 'invocation_command': 'dbt snapshot --profiles-dir . --project-dir .', 'indirect_selection': 'eager', 'introspect': 'True', 'warn_error': 'None', 'quiet': 'False', 'empty': 'False', 'debug': 'False', 'target_path': 'None', 'use_colors': 'True', 'cache_selected_only': 'False', 'printer_width': '80', 'partial_parse': 'True', 'log_cache_events': 'False', 'send_anonymous_usage_stats': 'True', 'warn_error_options': 'WarnErrorOptionsV2(error=[], warn=[], silence=[])', 'log_path': 'logs'}
[0m01:00:15.938814 [debug] [MainThread]: Snowflake adapter: Setting snowflake.connector to ERROR (file logging only)
[0m01:00:15.939063 [debug] [MainThread]: Snowflake adapter: Setting botocore to ERROR (file logging only)
[0m01:00:15.939199 [debug] [MainThread]: Snowflake adapter: Setting boto3 to ERROR (file logging only)
[0m01:00:16.071222 [debug] [MainThread]: Sending event: {'category': 'dbt', 'action': 'project_id', 'label': '53d3af7d-12d8-47ed-bce2-f236eb98966b', 'context': [<snowplow_tracker.self_describing_json.SelfDescribingJson object at 0x1278dea20>]}
[0m01:00:16.102285 [debug] [MainThread]: Sending event: {'category': 'dbt', 'action': 'adapter_info', 'label': '53d3af7d-12d8-47ed-bce2-f236eb98966b', 'context': [<snowplow_tracker.self_describing_json.SelfDescribingJson object at 0x106e77fe0>]}
[0m01:00:16.102968 [info ] [MainThread]: Registered adapter: snowflake=1.11.4
[0m01:00:16.160219 [debug] [MainThread]: checksum: 7d524ac048c2100769df89d592e662e060a73ca564e31bd9c2a37efdfe8d8ab6, vars: {}, profile: , target: , version: 1.11.8
[0m01:00:16.297892 [debug] [MainThread]: Partial parsing enabled: 0 files deleted, 0 files added, 0 files changed.
[0m01:00:16.298200 [debug] [MainThread]: Nothing changed, skipping partial parsing.
[0m01:00:16.298358 [debug] [MainThread]: Partial parsing enabled, no changes found, skipping parsing
[0m01:00:16.321580 [debug] [MainThread]: Sending event: {'category': 'dbt', 'action': 'load_project', 'label': '53d3af7d-12d8-47ed-bce2-f236eb98966b', 'context': [<snowplow_tracker.self_describing_json.SelfDescribingJson object at 0x136fba630>]}
[0m01:00:16.365715 [debug] [MainThread]: Wrote artifact WritableManifest to ./target/manifest.json
[0m01:00:16.367006 [debug] [MainThread]: Wrote artifact SemanticManifest to ./target/semantic_manifest.json
[0m01:00:16.373864 [debug] [MainThread]: Sending event: {'category': 'dbt', 'action': 'resource_counts', 'label': '53d3af7d-12d8-47ed-bce2-f236eb98966b', 'context': [<snowplow_tracker.self_describing_json.SelfDescribingJson object at 0x1423652e0>]}
[0m01:00:16.374125 [info ] [MainThread]: Found 4 models, 1 snapshot, 31 data tests, 3 sources, 523 macros
[0m01:00:16.374288 [debug] [MainThread]: Sending event: {'category': 'dbt', 'action': 'runnable_timing', 'label': '53d3af7d-12d8-47ed-bce2-f236eb98966b', 'context': [<snowplow_tracker.self_describing_json.SelfDescribingJson object at 0x1424d6510>]}
[0m01:00:16.375243 [info ] [MainThread]: 
[0m01:00:16.375404 [info ] [MainThread]: Concurrency: 1 threads (target='dev')
[0m01:00:16.375519 [info ] [MainThread]: 
[0m01:00:16.375732 [debug] [MainThread]: Acquiring new snowflake connection 'master'
[0m01:00:16.376089 [debug] [ThreadPool]: Acquiring new snowflake connection 'list_USER_DB_FERRET'
[0m01:00:16.427850 [debug] [ThreadPool]: Using snowflake connection "list_USER_DB_FERRET"
[0m01:00:16.428056 [debug] [ThreadPool]: On list_USER_DB_FERRET: show terse schemas in database USER_DB_FERRET
    limit 10000
/* {"app": "dbt", "dbt_version": "1.11.8", "profile_name": "fuel_analytics", "target_name": "dev", "connection_name": "list_USER_DB_FERRET"} */
[0m01:00:16.428177 [debug] [ThreadPool]: Opening a new connection, currently in state init
[0m01:00:17.791711 [debug] [ThreadPool]: SQL status: SUCCESS 9 in 1.363 seconds
[0m01:00:17.806676 [debug] [ThreadPool]: Re-using an available connection from the pool (formerly list_USER_DB_FERRET, now list_USER_DB_BOA_dbt)
[0m01:00:17.820837 [debug] [ThreadPool]: Using snowflake connection "list_USER_DB_BOA_dbt"
[0m01:00:17.822583 [debug] [ThreadPool]: On list_USER_DB_BOA_dbt: show objects in USER_DB_BOA.dbt
    limit 10000
    

/* {"app": "dbt", "dbt_version": "1.11.8", "profile_name": "fuel_analytics", "target_name": "dev", "connection_name": "list_USER_DB_BOA_dbt"} */;
[0m01:00:17.987527 [debug] [ThreadPool]: SQL status: SUCCESS 4 in 0.164 seconds
[0m01:00:17.991858 [debug] [ThreadPool]: Re-using an available connection from the pool (formerly list_USER_DB_BOA_dbt, now list_USER_DB_FERRET_DBT)
[0m01:00:17.997840 [debug] [ThreadPool]: Using snowflake connection "list_USER_DB_FERRET_DBT"
[0m01:00:17.998346 [debug] [ThreadPool]: On list_USER_DB_FERRET_DBT: show objects in USER_DB_FERRET.DBT
    limit 10000
    

/* {"app": "dbt", "dbt_version": "1.11.8", "profile_name": "fuel_analytics", "target_name": "dev", "connection_name": "list_USER_DB_FERRET_DBT"} */;
[0m01:00:18.696918 [debug] [ThreadPool]: SQL status: SUCCESS 10 in 0.698 seconds
[0m01:00:18.706176 [debug] [MainThread]: Sending event: {'category': 'dbt', 'action': 'runnable_timing', 'label': '53d3af7d-12d8-47ed-bce2-f236eb98966b', 'context': [<snowplow_tracker.self_describing_json.SelfDescribingJson object at 0x136f81b80>]}
[0m01:00:18.709363 [debug] [Thread-2 (]: Began running node snapshot.fuel_analytics.fuel_prices_snapshot
[0m01:00:18.709885 [info ] [Thread-2 (]: 1 of 1 START snapshot USER_DB_FERRET.DBT.fuel_prices_snapshot .................. [RUN]
[0m01:00:18.710327 [debug] [Thread-2 (]: Re-using an available connection from the pool (formerly list_USER_DB_FERRET_DBT, now snapshot.fuel_analytics.fuel_prices_snapshot)
[0m01:00:18.710659 [debug] [Thread-2 (]: Began compiling node snapshot.fuel_analytics.fuel_prices_snapshot
[0m01:00:18.718082 [debug] [Thread-2 (]: Began executing node snapshot.fuel_analytics.fuel_prices_snapshot
[0m01:00:18.747914 [debug] [Thread-2 (]: Using snowflake connection "snapshot.fuel_analytics.fuel_prices_snapshot"
[0m01:00:18.748187 [debug] [Thread-2 (]: On snapshot.fuel_analytics.fuel_prices_snapshot: describe table "USER_DB_FERRET"."DBT"."FUEL_PRICES_SNAPSHOT"
/* {"app": "dbt", "dbt_version": "1.11.8", "profile_name": "fuel_analytics", "target_name": "dev", "node_id": "snapshot.fuel_analytics.fuel_prices_snapshot"} */
[0m01:00:19.495045 [debug] [Thread-2 (]: SQL status: SUCCESS 13 in 0.746 seconds
[0m01:00:19.549690 [debug] [Thread-2 (]: Using snowflake connection "snapshot.fuel_analytics.fuel_prices_snapshot"
[0m01:00:19.550092 [debug] [Thread-2 (]: On snapshot.fuel_analytics.fuel_prices_snapshot: create or replace temporary table "USER_DB_FERRET"."DBT"."FUEL_PRICES_SNAPSHOT__dbt_tmp"
as (
    
    
    with snapshot_query as (

        



SELECT
    WEEK_DATE,
    REGION,
    REGULAR_GASOLINE_PRICE,
    MIDGRADE_GASOLINE_PRICE,
    PREMIUM_GASOLINE_PRICE,
    DIESEL_PRICE,
    PRICE_UNIT,
    SOURCE,
    LOAD_TS
FROM USER_DB_BOA.RAW.fuel_prices


    ),

    snapshotted_data as (

        select *, 
    
        
            WEEK_DATE as dbt_unique_key_1 ,
        
            REGION as dbt_unique_key_2
        
    

        from "USER_DB_FERRET"."DBT"."FUEL_PRICES_SNAPSHOT"
        where
            
                dbt_valid_to is null
            

    ),

    insertions_source_data as (

        select *, 
    
        
            WEEK_DATE as dbt_unique_key_1 ,
        
            REGION as dbt_unique_key_2
        
    
,
            LOAD_TS as dbt_updated_at,
            LOAD_TS as dbt_valid_from,
            
  
  coalesce(nullif(LOAD_TS, LOAD_TS), null)
  as dbt_valid_to
,
            md5(coalesce(cast(WEEK_DATE as varchar ), '')
         || '|' || coalesce(cast(REGION as varchar ), '')
         || '|' || coalesce(cast(LOAD_TS as varchar ), '')
        ) as dbt_scd_id

        from snapshot_query
    ),

    updates_source_data as (

        select *, 
    
        
            WEEK_DATE as dbt_unique_key_1 ,
        
            REGION as dbt_unique_key_2
        
    
,
            LOAD_TS as dbt_updated_at,
            LOAD_TS as dbt_valid_from,
            LOAD_TS as dbt_valid_to

        from snapshot_query
    ),

    deletes_source_data as (

        select *, 
    
        
            WEEK_DATE as dbt_unique_key_1 ,
        
            REGION as dbt_unique_key_2
        
    

        from snapshot_query
    ),
    

    insertions as (

        select
            'insert' as dbt_change_type,
            source_data.*

        from insertions_source_data as source_data
        left outer join snapshotted_data
            on 
    
        
	    
	    
	    (snapshotted_data.dbt_unique_key_1 = source_data.dbt_unique_key_1)
 and
        
	    
	    
	    (snapshotted_data.dbt_unique_key_2 = source_data.dbt_unique_key_2)

        
    

            where 
    
        snapshotted_data.dbt_unique_key_1 is null
    

            or (
    
        snapshotted_data.dbt_unique_key_1 is not null
    
 and (
               (snapshotted_data.dbt_valid_from < source_data.LOAD_TS)
            )

        )

    ),

    updates as (

        select
            'update' as dbt_change_type,
            source_data.*,
            snapshotted_data.dbt_scd_id

        from updates_source_data as source_data
        join snapshotted_data
            on 
    
        
	    
	    
	    (snapshotted_data.dbt_unique_key_1 = source_data.dbt_unique_key_1)
 and
        
	    
	    
	    (snapshotted_data.dbt_unique_key_2 = source_data.dbt_unique_key_2)

        
    

        where (
            (snapshotted_data.dbt_valid_from < source_data.LOAD_TS)
        )
    )
    ,
    deletes as (

        select
            'delete' as dbt_change_type,
            source_data.*,
            to_timestamp_ntz(convert_timezone('UTC', current_timestamp())) as dbt_valid_from,
            to_timestamp_ntz(convert_timezone('UTC', current_timestamp())) as dbt_updated_at,
            to_timestamp_ntz(convert_timezone('UTC', current_timestamp())) as dbt_valid_to,
            snapshotted_data.dbt_scd_id
        from snapshotted_data
        left join deletes_source_data as source_data
            on 
    
        
	    
	    
	    (snapshotted_data.dbt_unique_key_1 = source_data.dbt_unique_key_1)
 and
        
	    
	    
	    (snapshotted_data.dbt_unique_key_2 = source_data.dbt_unique_key_2)

        
    

            where 
    
        source_data.dbt_unique_key_1 is null
    

    )

    select * from insertions
    union all
    select * from updates
    union all
    select * from deletes

    )

/* {"app": "dbt", "dbt_version": "1.11.8", "profile_name": "fuel_analytics", "target_name": "dev", "node_id": "snapshot.fuel_analytics.fuel_prices_snapshot"} */;
[0m01:00:22.171677 [debug] [Thread-2 (]: SQL status: SUCCESS 400 in 2.621 seconds
[0m01:00:22.174348 [debug] [Thread-2 (]: Using snowflake connection "snapshot.fuel_analytics.fuel_prices_snapshot"
[0m01:00:22.174627 [debug] [Thread-2 (]: On snapshot.fuel_analytics.fuel_prices_snapshot: describe table "USER_DB_FERRET"."DBT"."FUEL_PRICES_SNAPSHOT__dbt_tmp"
/* {"app": "dbt", "dbt_version": "1.11.8", "profile_name": "fuel_analytics", "target_name": "dev", "node_id": "snapshot.fuel_analytics.fuel_prices_snapshot"} */
[0m01:00:22.328916 [debug] [Thread-2 (]: SQL status: SUCCESS 16 in 0.154 seconds
[0m01:00:22.330965 [debug] [Thread-2 (]: Using snowflake connection "snapshot.fuel_analytics.fuel_prices_snapshot"
[0m01:00:22.331148 [debug] [Thread-2 (]: On snapshot.fuel_analytics.fuel_prices_snapshot: describe table "USER_DB_FERRET"."DBT"."FUEL_PRICES_SNAPSHOT"
/* {"app": "dbt", "dbt_version": "1.11.8", "profile_name": "fuel_analytics", "target_name": "dev", "node_id": "snapshot.fuel_analytics.fuel_prices_snapshot"} */
[0m01:00:23.586818 [debug] [Thread-2 (]: SQL status: SUCCESS 13 in 1.255 seconds
[0m01:00:23.592900 [debug] [Thread-2 (]: Using snowflake connection "snapshot.fuel_analytics.fuel_prices_snapshot"
[0m01:00:23.593536 [debug] [Thread-2 (]: On snapshot.fuel_analytics.fuel_prices_snapshot: describe table "USER_DB_FERRET"."DBT"."FUEL_PRICES_SNAPSHOT__dbt_tmp"
/* {"app": "dbt", "dbt_version": "1.11.8", "profile_name": "fuel_analytics", "target_name": "dev", "node_id": "snapshot.fuel_analytics.fuel_prices_snapshot"} */
[0m01:00:24.102608 [debug] [Thread-2 (]: SQL status: SUCCESS 16 in 0.508 seconds
[0m01:00:24.110236 [debug] [Thread-2 (]: Using snowflake connection "snapshot.fuel_analytics.fuel_prices_snapshot"
[0m01:00:24.110842 [debug] [Thread-2 (]: On snapshot.fuel_analytics.fuel_prices_snapshot: describe table "USER_DB_FERRET"."DBT"."FUEL_PRICES_SNAPSHOT"
/* {"app": "dbt", "dbt_version": "1.11.8", "profile_name": "fuel_analytics", "target_name": "dev", "node_id": "snapshot.fuel_analytics.fuel_prices_snapshot"} */
[0m01:00:24.481789 [debug] [Thread-2 (]: SQL status: SUCCESS 13 in 0.370 seconds
[0m01:00:24.493665 [debug] [Thread-2 (]: Using snowflake connection "snapshot.fuel_analytics.fuel_prices_snapshot"
[0m01:00:24.494287 [debug] [Thread-2 (]: On snapshot.fuel_analytics.fuel_prices_snapshot: describe table "USER_DB_FERRET"."DBT"."FUEL_PRICES_SNAPSHOT__dbt_tmp"
/* {"app": "dbt", "dbt_version": "1.11.8", "profile_name": "fuel_analytics", "target_name": "dev", "node_id": "snapshot.fuel_analytics.fuel_prices_snapshot"} */
[0m01:00:26.971995 [debug] [Thread-2 (]: SQL status: SUCCESS 16 in 2.477 seconds
[0m01:00:27.001967 [debug] [Thread-2 (]: Using snowflake connection "snapshot.fuel_analytics.fuel_prices_snapshot"
[0m01:00:27.002554 [debug] [Thread-2 (]: On snapshot.fuel_analytics.fuel_prices_snapshot: select * from (
        
    
    with snapshot_query as (

        



SELECT
    WEEK_DATE,
    REGION,
    REGULAR_GASOLINE_PRICE,
    MIDGRADE_GASOLINE_PRICE,
    PREMIUM_GASOLINE_PRICE,
    DIESEL_PRICE,
    PRICE_UNIT,
    SOURCE,
    LOAD_TS
FROM USER_DB_BOA.RAW.fuel_prices


    ),

    snapshotted_data as (

        select *, 
    
        
            WEEK_DATE as dbt_unique_key_1 ,
        
            REGION as dbt_unique_key_2
        
    

        from "USER_DB_FERRET"."DBT"."FUEL_PRICES_SNAPSHOT"
        where
            
                dbt_valid_to is null
            

    ),

    insertions_source_data as (

        select *, 
    
        
            WEEK_DATE as dbt_unique_key_1 ,
        
            REGION as dbt_unique_key_2
        
    
,
            LOAD_TS as dbt_updated_at,
            LOAD_TS as dbt_valid_from,
            
  
  coalesce(nullif(LOAD_TS, LOAD_TS), null)
  as dbt_valid_to
,
            md5(coalesce(cast(WEEK_DATE as varchar ), '')
         || '|' || coalesce(cast(REGION as varchar ), '')
         || '|' || coalesce(cast(LOAD_TS as varchar ), '')
        ) as dbt_scd_id

        from snapshot_query
    ),

    updates_source_data as (

        select *, 
    
        
            WEEK_DATE as dbt_unique_key_1 ,
        
            REGION as dbt_unique_key_2
        
    
,
            LOAD_TS as dbt_updated_at,
            LOAD_TS as dbt_valid_from,
            LOAD_TS as dbt_valid_to

        from snapshot_query
    ),

    deletes_source_data as (

        select *, 
    
        
            WEEK_DATE as dbt_unique_key_1 ,
        
            REGION as dbt_unique_key_2
        
    

        from snapshot_query
    ),
    

    insertions as (

        select
            'insert' as dbt_change_type,
            source_data.*

        from insertions_source_data as source_data
        left outer join snapshotted_data
            on 
    
        
	    
	    
	    (snapshotted_data.dbt_unique_key_1 = source_data.dbt_unique_key_1)
 and
        
	    
	    
	    (snapshotted_data.dbt_unique_key_2 = source_data.dbt_unique_key_2)

        
    

            where 
    
        snapshotted_data.dbt_unique_key_1 is null
    

            or (
    
        snapshotted_data.dbt_unique_key_1 is not null
    
 and (
               (snapshotted_data.dbt_valid_from < source_data.LOAD_TS)
            )

        )

    ),

    updates as (

        select
            'update' as dbt_change_type,
            source_data.*,
            snapshotted_data.dbt_scd_id

        from updates_source_data as source_data
        join snapshotted_data
            on 
    
        
	    
	    
	    (snapshotted_data.dbt_unique_key_1 = source_data.dbt_unique_key_1)
 and
        
	    
	    
	    (snapshotted_data.dbt_unique_key_2 = source_data.dbt_unique_key_2)

        
    

        where (
            (snapshotted_data.dbt_valid_from < source_data.LOAD_TS)
        )
    )
    ,
    deletes as (

        select
            'delete' as dbt_change_type,
            source_data.*,
            to_timestamp_ntz(convert_timezone('UTC', current_timestamp())) as dbt_valid_from,
            to_timestamp_ntz(convert_timezone('UTC', current_timestamp())) as dbt_updated_at,
            to_timestamp_ntz(convert_timezone('UTC', current_timestamp())) as dbt_valid_to,
            snapshotted_data.dbt_scd_id
        from snapshotted_data
        left join deletes_source_data as source_data
            on 
    
        
	    
	    
	    (snapshotted_data.dbt_unique_key_1 = source_data.dbt_unique_key_1)
 and
        
	    
	    
	    (snapshotted_data.dbt_unique_key_2 = source_data.dbt_unique_key_2)

        
    

            where 
    
        source_data.dbt_unique_key_1 is null
    

    )

    select * from insertions
    union all
    select * from updates
    union all
    select * from deletes

    ) as __dbt_sbq
    where false
    limit 0
/* {"app": "dbt", "dbt_version": "1.11.8", "profile_name": "fuel_analytics", "target_name": "dev", "node_id": "snapshot.fuel_analytics.fuel_prices_snapshot"} */
/* {"app": "dbt", "dbt_version": "1.11.8", "profile_name": "fuel_analytics", "target_name": "dev", "node_id": "snapshot.fuel_analytics.fuel_prices_snapshot"} */
[0m01:00:29.428866 [debug] [Thread-2 (]: SQL status: SUCCESS 0 in 2.425 seconds
[0m01:00:29.436804 [debug] [Thread-2 (]: Using snowflake connection "snapshot.fuel_analytics.fuel_prices_snapshot"
[0m01:00:29.437519 [debug] [Thread-2 (]: On snapshot.fuel_analytics.fuel_prices_snapshot: select * from (
        select to_timestamp_ntz(convert_timezone('UTC', current_timestamp())) as dbt_snapshot_time
    ) as __dbt_sbq
    where false
    limit 0
/* {"app": "dbt", "dbt_version": "1.11.8", "profile_name": "fuel_analytics", "target_name": "dev", "node_id": "snapshot.fuel_analytics.fuel_prices_snapshot"} */
/* {"app": "dbt", "dbt_version": "1.11.8", "profile_name": "fuel_analytics", "target_name": "dev", "node_id": "snapshot.fuel_analytics.fuel_prices_snapshot"} */
[0m01:00:29.650126 [debug] [Thread-2 (]: SQL status: SUCCESS 0 in 0.212 seconds
[0m01:00:29.652111 [debug] [Thread-2 (]: Writing runtime sql for node "snapshot.fuel_analytics.fuel_prices_snapshot"
[0m01:00:29.656194 [debug] [Thread-2 (]: Using snowflake connection "snapshot.fuel_analytics.fuel_prices_snapshot"
[0m01:00:29.656698 [debug] [Thread-2 (]: On snapshot.fuel_analytics.fuel_prices_snapshot: BEGIN
/* {"app": "dbt", "dbt_version": "1.11.8", "profile_name": "fuel_analytics", "target_name": "dev", "node_id": "snapshot.fuel_analytics.fuel_prices_snapshot"} */
[0m01:00:29.822631 [debug] [Thread-2 (]: SQL status: SUCCESS 1 in 0.165 seconds
[0m01:00:29.823841 [debug] [Thread-2 (]: Using snowflake connection "snapshot.fuel_analytics.fuel_prices_snapshot"
[0m01:00:29.824650 [debug] [Thread-2 (]: On snapshot.fuel_analytics.fuel_prices_snapshot: merge into "USER_DB_FERRET"."DBT"."FUEL_PRICES_SNAPSHOT" as DBT_INTERNAL_DEST
    using "USER_DB_FERRET"."DBT"."FUEL_PRICES_SNAPSHOT__dbt_tmp" as DBT_INTERNAL_SOURCE
    on DBT_INTERNAL_SOURCE.dbt_scd_id = DBT_INTERNAL_DEST.dbt_scd_id

    when matched
     
       and DBT_INTERNAL_DEST.dbt_valid_to is null
     
     and DBT_INTERNAL_SOURCE.dbt_change_type in ('update', 'delete')
        then update
        set dbt_valid_to = DBT_INTERNAL_SOURCE.dbt_valid_to

    when not matched
     and DBT_INTERNAL_SOURCE.dbt_change_type = 'insert'
        then insert ("WEEK_DATE", "REGION", "REGULAR_GASOLINE_PRICE", "MIDGRADE_GASOLINE_PRICE", "PREMIUM_GASOLINE_PRICE", "DIESEL_PRICE", "PRICE_UNIT", "SOURCE", "LOAD_TS", "DBT_UPDATED_AT", "DBT_VALID_FROM", "DBT_VALID_TO", "DBT_SCD_ID")
        values ("WEEK_DATE", "REGION", "REGULAR_GASOLINE_PRICE", "MIDGRADE_GASOLINE_PRICE", "PREMIUM_GASOLINE_PRICE", "DIESEL_PRICE", "PRICE_UNIT", "SOURCE", "LOAD_TS", "DBT_UPDATED_AT", "DBT_VALID_FROM", "DBT_VALID_TO", "DBT_SCD_ID")


/* {"app": "dbt", "dbt_version": "1.11.8", "profile_name": "fuel_analytics", "target_name": "dev", "node_id": "snapshot.fuel_analytics.fuel_prices_snapshot"} */;
[0m01:00:31.985561 [debug] [Thread-2 (]: SQL status: SUCCESS 200 in 2.160 seconds
[0m01:00:31.986560 [debug] [Thread-2 (]: Using snowflake connection "snapshot.fuel_analytics.fuel_prices_snapshot"
[0m01:00:31.987165 [debug] [Thread-2 (]: On snapshot.fuel_analytics.fuel_prices_snapshot: COMMIT
/* {"app": "dbt", "dbt_version": "1.11.8", "profile_name": "fuel_analytics", "target_name": "dev", "node_id": "snapshot.fuel_analytics.fuel_prices_snapshot"} */
[0m01:00:34.650937 [debug] [Thread-2 (]: SQL status: SUCCESS 1 in 2.663 seconds
[0m01:00:34.682377 [debug] [Thread-2 (]: Sending event: {'category': 'dbt', 'action': 'run_model', 'label': '53d3af7d-12d8-47ed-bce2-f236eb98966b', 'context': [<snowplow_tracker.self_describing_json.SelfDescribingJson object at 0x110313230>]}
[0m01:00:34.683098 [info ] [Thread-2 (]: 1 of 1 OK snapshotted USER_DB_FERRET.DBT.fuel_prices_snapshot .................. [[32mSUCCESS 200[0m in 15.97s]
[0m01:00:34.683547 [debug] [Thread-2 (]: Finished running node snapshot.fuel_analytics.fuel_prices_snapshot
[0m01:00:34.684627 [debug] [MainThread]: Connection 'master' was properly closed.
[0m01:00:34.684846 [debug] [MainThread]: Connection 'snapshot.fuel_analytics.fuel_prices_snapshot' was left open.
[0m01:00:34.685044 [debug] [MainThread]: On snapshot.fuel_analytics.fuel_prices_snapshot: Close
[0m01:00:34.797405 [info ] [MainThread]: 
[0m01:00:34.798111 [info ] [MainThread]: Finished running 1 snapshot in 0 hours 0 minutes and 18.42 seconds (18.42s).
[0m01:00:34.798571 [debug] [MainThread]: Command end result
[0m01:00:34.816254 [debug] [MainThread]: Wrote artifact WritableManifest to ./target/manifest.json
[0m01:00:34.817764 [debug] [MainThread]: Wrote artifact SemanticManifest to ./target/semantic_manifest.json
[0m01:00:34.820717 [debug] [MainThread]: Wrote artifact RunExecutionResult to ./target/run_results.json
[0m01:00:34.820936 [info ] [MainThread]: 
[0m01:00:34.821196 [info ] [MainThread]: [32mCompleted successfully[0m
[0m01:00:34.821377 [info ] [MainThread]: 
[0m01:00:34.821567 [info ] [MainThread]: Done. PASS=1 WARN=0 ERROR=0 SKIP=0 NO-OP=0 TOTAL=1
[0m01:00:34.826382 [debug] [MainThread]: Resource report: {"command_name": "snapshot", "command_success": true, "command_wall_clock_time": 19.833187, "process_in_blocks": "0", "process_kernel_time": 0.42808, "process_mem_max_rss": "229834752", "process_out_blocks": "0", "process_user_time": 4.574835}
[0m01:00:34.826768 [debug] [MainThread]: Command `dbt snapshot` succeeded at 01:00:34.826696 after 19.83 seconds
[0m01:00:34.827090 [debug] [MainThread]: Sending event: {'category': 'dbt', 'action': 'invocation', 'label': 'end', 'context': [<snowplow_tracker.self_describing_json.SelfDescribingJson object at 0x11023d130>, <snowplow_tracker.self_describing_json.SelfDescribingJson object at 0x1424b0050>, <snowplow_tracker.self_describing_json.SelfDescribingJson object at 0x1102f3290>]}
[0m01:00:34.827300 [debug] [MainThread]: Flushing usage events
[0m01:00:35.178246 [debug] [MainThread]: An error was encountered while trying to flush usage events
